Order_ID,Warehouse_Origin,Destination,Product_Category,Order_Value,Distance_km,Shipping_Mode,Customer_Type,Order_Day,Order_Month,Weather_Condition,Traffic_Level,Number_of_Items,Previous_Delays,Processing_Time_hrs,Shipping_Cost,Delivery_Delayed
ORD-104350,Kolkata,Mumbai,Groceries,1759.0,2106.5,Priority,Regular,Sunday,October,Cloudy,Low,7,2,26.9,774.0,1
ORD-101610,Delhi,Patna,Beauty,1574.0,1039.5,Standard,New,Friday,August,Cloudy,Medium,2,1,10.3,157.0,0
ORD-102095,Hyderabad,Bengaluru,Electronics,17840.0,663.0,Standard,Regular,Thursday,November,Fog,Low,1,1,33.2,150.0,1
ORD-102781,Mumbai,Kochi,Groceries,2249.0,1423.0,Economy,Regular,Saturday,August,Rain,Medium,6,1,7.3,181.0,0
ORD-104988,Mumbai,Visakhapatnam,Groceries,2482.0,1373.7,Standard,Regular,Wednesday,October,Cloudy,Medium,7,1,8.2,238.0,1
ORD-104012,Mumbai,Indore,Furniture,18461.0,607.9,Standard,Regular,Wednesday,April,Clear,Low,1,1,35.8,162.0,0
ORD-101043,Chennai,Bengaluru,Electronics,20940.0,353.9,Standard,New,Monday,September,Cloudy,High,3,0,6.9,110.0,1
ORD-101452,Bengaluru,Coimbatore,Furniture,16827.0,296.4,Economy,Regular,Wednesday,March,Clear,High,1,0,17.6,68.0,0
ORD-104703,Delhi,Bhopal,Home & Kitchen,3451.0,738.5,Standard,Regular,Friday,September,Storm,Medium,4,0,13.0,139.0,0
ORD-100961,Bengaluru,Delhi,Sports,1493.0,2135.7,Standard,Regular,Sunday,August,Clear,High,1,1,7.1,260.0,1
ORD-103241,Hyderabad,Coimbatore,Clothing,3392.0,850.9,Economy,Regular,Sunday,April,Clear,Medium,2,1,14.4,120.0,0
ORD-102893,Bengaluru,Mumbai,Groceries,500.0,1037.5,Standard,Regular,Monday,February,Fog,High,4,0,1.0,172.0,0
ORD-104170,Bengaluru,Bhopal,Books,608.0,1392.0,Standard,Regular,Wednesday,October,Fog,Medium,2,1,29.7,158.0,0
ORD-101920,Hyderabad,Hyderabad,Books,1168.0,43.3,Economy,New,Friday,June,Clear,High,3,0,3.9,60.0,0
ORD-104802,Mumbai,Chennai,Sports,1388.0,1241.8,Standard,Regular,Friday,September,Storm,High,1,1,6.6,154.0,0
ORD-104294,Bengaluru,Delhi,Clothing,3327.0,2235.3,Economy,Regular,Saturday,September,Storm,Low,2,0,18.6,198.0,0
ORD-104507,Delhi,Kochi,Home & Kitchen,17465.0,2569.1,Economy,Regular,Saturday,December,Fog,High,4,2,11.4,286.0,1
ORD-103498,Chennai,Bengaluru,Electronics,22272.0,339.9,Standard,New,Saturday,June,Cloudy,High,2,0,13.3,126.0,0
ORD-101913,Hyderabad,Delhi,Groceries,2675.0,1537.3,Economy,New,Thursday,May,Cloudy,High,6,0,6.9,213.0,1
ORD-102898,Mumbai,Coimbatore,Electronics,24946.0,1194.7,Priority,Regular,Monday,August,Cloudy,Low,2,1,11.8,561.0,0
ORD-103605,Hyderabad,Chandigarh,Groceries,983.0,1920.9,Standard,Regular,Friday,September,Cloudy,Low,3,0,12.5,233.0,0
ORD-104588,Hyderabad,Visakhapatnam,Electronics,6414.0,638.6,Standard,Regular,Saturday,February,Rain,Medium,1,0,10.3,108.0,0
ORD-104111,Delhi,Delhi,Electronics,9331.0,39.1,Standard,Premium,Monday,June,Rain,High,1,0,23.4,51.0,0
ORD-104997,Mumbai,Delhi,Electronics,5614.0,1441.8,Priority,Premium,Tuesday,May,Clear,Low,1,0,22.1,387.0,0
ORD-101324,Kolkata,Pune,Clothing,2320.0,1846.0,Standard,Regular,Friday,December,Rain,Low,4,2,13.7,273.0,1
ORD-101508,Bengaluru,Nagpur,Home & Kitchen,8634.0,1144.9,Express,New,Saturday,December,Clear,Low,2,0,18.0,255.0,0
ORD-101721,Mumbai,Chandigarh,Clothing,4172.0,1695.0,Standard,Regular,Tuesday,January,Cloudy,Medium,3,2,8.3,232.0,0
ORD-104787,Delhi,Lucknow,Home & Kitchen,875.0,548.0,Standard,Regular,Saturday,June,Storm,Medium,1,0,42.6,91.0,0
ORD-105080,Chennai,Mumbai,Electronics,26728.0,1160.4,Standard,Premium,Wednesday,December,Cloudy,High,1,0,35.3,194.0,1
ORD-105341,Delhi,Kochi,Sports,3108.0,2610.5,Economy,Regular,Monday,November,Clear,High,2,1,12.7,274.0,1
ORD-101818,Bengaluru,Kolkata,Electronics,10477.0,2085.4,Economy,Regular,Sunday,February,Clear,Low,1,0,13.2,167.0,1
ORD-105320,Delhi,Chennai,Home & Kitchen,9819.0,2237.1,Priority,Premium,Monday,November,Clear,Medium,3,0,20.0,579.0,0
ORD-101048,Kolkata,Coimbatore,Books,711.0,2209.2,Economy,New,Monday,October,Clear,Medium,3,0,15.2,231.0,1
ORD-102619,Kolkata,Chandigarh,Electronics,4974.0,2019.7,Standard,Regular,Wednesday,July,Cloudy,Medium,1,1,17.9,227.0,0
ORD-103201,Kolkata,Bhopal,Groceries,5657.0,1531.0,Standard,Regular,Friday,October,Clear,Medium,7,1,10.0,261.0,0
ORD-100554,Hyderabad,Bengaluru,Home & Kitchen,4914.0,622.5,Standard,New,Tuesday,April,Rain,High,3,0,22.7,129.0,0
ORD-101143,Kolkata,Mumbai,Furniture,64785.0,1967.4,Economy,Regular,Friday,February,Clear,Medium,1,1,28.9,247.0,1
ORD-101164,Mumbai,Mumbai,Clothing,2798.0,13.7,Standard,Regular,Sunday,March,Clear,High,2,1,12.0,83.0,0
ORD-104653,Mumbai,Mumbai,Sports,5510.0,38.1,Economy,Regular,Thursday,November,Clear,High,1,0,9.6,47.0,0
ORD-101162,Chennai,Hyderabad,Furniture,10774.0,688.3,Standard,Premium,Monday,March,Clear,High,1,1,42.0,97.0,0
ORD-100809,Bengaluru,Hyderabad,Home & Kitchen,10475.0,631.1,Priority,Premium,Saturday,April,Cloudy,High,3,0,,279.0,0
ORD-100168,Kolkata,Hyderabad,Electronics,26334.0,1439.9,Standard,New,Monday,September,Rain,Medium,3,1,14.9,229.0,0
ORD-105629,Mumbai,Coimbatore,Books,904.0,1313.7,Economy,Regular,Thursday,December,Clear,Medium,3,0,21.2,128.0,0
ORD-102955,Bengaluru,Hyderabad,Electronics,9845.0,657.4,Economy,Regular,Monday,July,Cloudy,Low,1,1,12.9,106.0,0
ORD-100168,Kolkata,Hyderabad,Electronics,26334.0,1439.9,Standard,New,Monday,September,Rain,Medium,3,1,14.9,229.0,0
ORD-104752,Bengaluru,Chennai,Sports,1421.0,372.9,Standard,Regular,Monday,June,Rain,High,2,0,6.8,86.0,0
ORD-103708,Chennai,Pune,Clothing,8445.0,1109.1,Priority,Premium,Wednesday,August,Clear,Low,2,1,7.0,311.0,0
ORD-100222,Bengaluru,Chennai,Furniture,4876.0,371.8,Standard,Regular,Wednesday,June,Cloudy,High,1,1,17.1,85.0,0
ORD-101045,Mumbai,Visakhapatnam,Home & Kitchen,3793.0,1418.9,Priority,Premium,Friday,September,Rain,High,2,3,18.1,516.0,0
ORD-100264,Mumbai,Kolkata,Furniture,19408.0,2013.5,Priority,Regular,Wednesday,March,Clear,Low,1,2,38.2,536.0,0
ORD-102655,Bengaluru,Delhi,Electronics,16614.0,2213.3,Standard,Regular,Monday,August,Cloudy,Medium,2,1,10.1,286.0,1
ORD-101355,Kolkata,Hyderabad,Clothing,2187.0,1442.4,Express,Premium,Sunday,May,Clear,Medium,3,0,44.8,304.0,0
ORD-100255,Delhi,Patna,Home & Kitchen,6555.0,1114.2,Standard,New,Wednesday,November,Cloudy,Medium,4,1,24.9,197.0,1
ORD-103039,Mumbai,Delhi,Electronics,12028.0,1447.5,Express,Regular,Saturday,November,Rain,Medium,2,0,41.9,333.0,0
ORD-104862,Hyderabad,Mumbai,Furniture,9651.0,747.5,Express,New,Friday,December,Fog,Low,2,0,21.8,266.0,0
ORD-101746,Chennai,Jaipur,Beauty,1188.0,2004.5,Standard,Regular,Sunday,August,Clear,Low,1,0,3.6,242.0,0
ORD-103608,Delhi,Indore,Books,737.0,891.0,Standard,New,Friday,April,Clear,Medium,2,0,7.3,153.0,0
ORD-100882,Bengaluru,Kolkata,Home & Kitchen,4422.0,1928.4,Standard,Regular,Tuesday,December,Fog,Medium,2,1,23.4,261.0,0
ORD-102760,Bengaluru,Chandigarh,Electronics,10027.0,2416.7,Standard,Regular,Saturday,November,Clear,Low,2,0,32.4,293.0,0
ORD-102930,Chennai,Delhi,Clothing,2018.0,2229.7,Standard,Regular,Friday,April,Storm,Medium,3,2,14.9,264.0,1
ORD-102971,Bengaluru,Nagpur,Furniture,13005.0,1058.0,Express,Premium,Friday,November,Fog,Medium,1,1,35.3,234.0,0
ORD-100080,Kolkata,Nagpur,Clothing,1713.0,1319.3,Economy,Regular,Sunday,October,Storm,Medium,1,2,16.0,139.0,1
ORD-100995,Hyderabad,Mumbai,Sports,6260.0,758.4,Standard,Regular,Friday,April,Clear,High,2,3,3.7,139.0,0
ORD-104484,Delhi,Kolkata,Sports,6808.0,1558.4,Economy,Regular,Wednesday,March,Clear,High,4,1,14.8,201.0,0
ORD-102928,Bengaluru,Visakhapatnam,Electronics,7987.0,997.3,Express,Regular,Wednesday,April,Cloudy,Low,1,2,12.0,254.0,0
ORD-100229,Chennai,Hyderabad,Groceries,2699.0,654.7,Economy,New,Monday,January,Clear,,6,0,1.3,122.0,0
ORD-102708,Delhi,Ahmedabad,Clothing,9359.0,901.9,Economy,Regular,Saturday,March,,Low,3,1,19.4,118.0,1
ORD-101352,Kolkata,Bhopal,Home & Kitchen,3784.0,1361.6,Economy,Regular,Monday,December,Rain,Medium,3,0,38.9,143.0,0
ORD-103782,Kolkata,Indore,Furniture,15421.0,1675.7,Express,New,Sunday,November,Clear,Low,1,0,48.6,322.0,0
ORD-105595,Bengaluru,Hyderabad,Electronics,10884.0,590.3,Economy,Regular,Thursday,April,Clear,Low,1,0,16.6,84.0,0
ORD-100024,Hyderabad,Patna,Electronics,9583.0,1404.9,Priority,Premium,Friday,September,Rain,Medium,1,0,16.3,445.0,0
ORD-105374,Bengaluru,Visakhapatnam,Furniture,24204.0,952.9,Standard,New,Wednesday,April,Storm,Medium,1,1,15.5,176.0,0
ORD-104142,Bengaluru,Mumbai,Sports,3414.0,1079.0,Express,New,Monday,February,Clear,Medium,1,0,5.8,233.0,0
ORD-104578,Mumbai,Hyderabad,Beauty,1077.0,790.9,Standard,New,Tuesday,September,Cloudy,Low,1,0,24.6,125.0,0
ORD-105633,Delhi,Chennai,Beauty,743.0,2218.9,Standard,Premium,Monday,September,Rain,Medium,1,0,7.5,252.0,1
ORD-104035,Mumbai,Visakhapatnam,Electronics,9962.0,1363.2,Economy,Regular,Friday,July,Clear,Low,2,1,25.7,182.0,1
ORD-104791,Bengaluru,Pune,Sports,5362.0,880.4,Economy,New,Thursday,July,Rain,Low,1,0,2.4,131.0,0
ORD-102695,Kolkata,Mumbai,Electronics,15298.0,2029.7,Standard,Regular,Friday,July,Rain,Medium,2,1,24.7,269.0,1
ORD-105866,Delhi,Jaipur,Sports,3341.0,284.6,Economy,Regular,Sunday,October,Clear,Medium,2,1,14.5,74.0,0
ORD-104075,Mumbai,Chandigarh,Groceries,821.0,1715.3,Priority,Premium,Wednesday,March,Clear,Low,2,2,10.2,452.0,0
ORD-102408,Delhi,Lucknow,Clothing,1298.0,502.9,Standard,Regular,Sunday,July,Rain,High,5,2,16.2,154.0,1
ORD-102345,Chennai,Mumbai,Home & Kitchen,8272.0,1436.7,Economy,Regular,Thursday,August,Storm,Medium,5,0,14.7,174.0,0
ORD-101129,Chennai,Nagpur,Clothing,3533.0,1133.8,Economy,New,Saturday,December,Clear,Low,1,1,19.6,128.0,1
ORD-101120,Hyderabad,Kolkata,Clothing,2298.0,1593.4,Standard,Regular,Monday,October,Clear,High,2,1,26.8,225.0,1
ORD-105514,Delhi,Bengaluru,Clothing,1473.0,2189.6,Standard,Premium,Monday,June,Clear,Medium,1,0,20.2,202.0,1
ORD-105055,Kolkata,Coimbatore,Beauty,2509.0,2334.4,Standard,Regular,Thursday,July,Rain,Low,2,2,18.0,276.0,1
ORD-104601,Chennai,Lucknow,Home & Kitchen,3558.0,2014.2,Standard,New,Tuesday,January,Fog,Medium,2,0,11.0,242.0,0
ORD-102178,Kolkata,Jaipur,Books,272.0,1745.4,Standard,Regular,Sunday,May,Cloudy,Medium,2,0,11.2,221.0,0
ORD-105184,Chennai,Nagpur,Furniture,20629.0,1155.7,Priority,Premium,Monday,May,Cloudy,Low,1,2,53.8,388.0,0
ORD-101216,Bengaluru,Bengaluru,Clothing,1797.0,14.9,Priority,Regular,Tuesday,October,Cloudy,,2,0,28.1,151.0,0
ORD-104025,Kolkata,Chennai,Furniture,20481.0,1758.8,Economy,New,Monday,December,Cloudy,Medium,1,0,25.5,207.0,1
ORD-103962,Mumbai,Hyderabad,Home & Kitchen,3378.0,771.4,Standard,New,Sunday,August,Rain,Low,1,0,17.3,104.0,0
ORD-105143,Delhi,Lucknow,Furniture,17472.0,535.3,Express,Premium,Friday,May,Clear,Medium,1,3,36.9,178.0,0
ORD-100038,Bengaluru,Chennai,Electronics,8277.0,363.6,Standard,Premium,Monday,December,Cloudy,High,3,1,48.8,97.0,1
ORD-103140,Delhi,Bhopal,Electronics,9379.0,741.5,Priority,Regular,Sunday,November,Rain,Low,2,0,17.7,322.0,0
ORD-103906,Chennai,Lucknow,Furniture,13135.0,1897.4,Standard,Regular,Saturday,December,Fog,Low,1,1,39.7,256.0,1
ORD-103652,Mumbai,Mumbai,Home & Kitchen,6341.0,36.0,Standard,Regular,Monday,October,Cloudy,High,2,2,11.2,68.0,0
ORD-103182,Delhi,Bengaluru,Sports,2285.0,2226.4,Economy,New,Monday,January,Rain,Medium,1,1,22.5,187.0,1
ORD-102367,Delhi,Bengaluru,Electronics,14792.0,2145.2,Express,Premium,Saturday,July,Clear,Low,1,2,27.9,402.0,1
ORD-100470,Bengaluru,Nagpur,Clothing,2289.0,1020.3,Standard,Premium,Wednesday,October,Cloudy,Medium,6,0,19.4,167.0,0
ORD-103537,Delhi,Nagpur,Beauty,1516.0,1028.4,Economy,Regular,Wednesday,February,Rain,Medium,3,0,12.4,137.0,0
ORD-101695,Chennai,Chennai,Clothing,3008.0,15.0,Express,New,Wednesday,September,Rain,Medium,3,1,8.7,109.0,0
ORD-101534,Chennai,Bengaluru,Home & Kitchen,3391.0,346.8,Express,Regular,Monday,November,Clear,Low,3,1,20.3,163.0,0
ORD-103110,Hyderabad,Delhi,Books,267.0,1590.8,Express,New,Sunday,January,Clear,Low,3,0,25.1,273.0,0
ORD-101707,Mumbai,Chandigarh,Home & Kitchen,11548.0,1639.9,Standard,Regular,Saturday,November,Cloudy,Low,5,1,25.1,253.0,1
ORD-102620,Hyderabad,Lucknow,Furniture,13268.0,1398.3,Express,Regular,Sunday,April,Fog,Low,1,1,29.6,266.0,1
ORD-105213,Hyderabad,Coimbatore,Books,852.0,830.8,Standard,Regular,Friday,November,Clear,Medium,3,0,5.0,143.0,0
ORD-102273,Chennai,Visakhapatnam,Home & Kitchen,4563.0,690.4,Priority,Regular,Sunday,January,Fog,Low,2,0,26.1,304.0,0
ORD-101515,Hyderabad,Lucknow,Sports,3174.0,1329.1,Priority,New,Monday,November,Clear,Medium,3,3,6.1,396.0,0
ORD-102104,Hyderabad,Lucknow,Groceries,1359.0,1463.2,Express,Premium,Tuesday,June,Cloudy,High,7,0,25.4,411.0,0
ORD-105072,Delhi,Bengaluru,Beauty,3142.0,2192.6,Economy,New,Saturday,November,Cloudy,High,2,1,27.2,249.0,1
ORD-100731,Delhi,Mumbai,Clothing,6177.0,1493.7,Standard,Regular,Tuesday,December,Storm,Medium,4,2,15.9,222.0,1
ORD-102722,Kolkata,Hyderabad,Clothing,6553.0,1533.6,Express,Premium,Sunday,March,Cloudy,High,2,2,13.8,343.0,1
ORD-102474,Bengaluru,Ahmedabad,Beauty,1299.0,1492.7,Express,Premium,Saturday,October,Fog,Medium,2,0,5.7,230.0,1
ORD-103668,Mumbai,Visakhapatnam,Electronics,24050.0,1350.6,Standard,Regular,Friday,December,Cloudy,Low,3,0,16.4,254.0,0
ORD-101903,Kolkata,Pune,Home & Kitchen,1431.0,1964.0,Express,Regular,Friday,November,,Medium,2,0,16.6,426.0,0
ORD-105231,Kolkata,Bengaluru,Home & Kitchen,2732.0,1920.2,Express,Regular,Sunday,November,Clear,Low,2,0,18.3,450.0,0
ORD-102196,Kolkata,Indore,Furniture,5402.0,1667.0,Economy,New,Saturday,September,Rain,,1,1,27.5,189.0,1
ORD-102999,Hyderabad,Visakhapatnam,Books,629.0,617.7,Standard,Regular,Saturday,December,Rain,High,2,0,15.5,126.0,0
ORD-101439,Hyderabad,Chennai,Groceries,2074.0,678.2,Economy,Regular,Saturday,August,Cloudy,Low,9,0,9.3,163.0,0
ORD-104839,Mumbai,Bengaluru,Groceries,4767.0,1082.4,Standard,New,Tuesday,December,Clear,Medium,10,0,14.6,289.0,0
ORD-105993,Hyderabad,Nagpur,Beauty,969.0,517.0,Standard,Regular,Sunday,May,Clear,Medium,2,0,20.0,113.0,0
ORD-103077,Delhi,Mumbai,Books,1329.0,1525.5,Economy,Regular,Tuesday,April,Rain,Medium,5,1,12.5,186.0,0
ORD-103959,Mumbai,Hyderabad,Clothing,3162.0,745.7,Priority,Regular,Wednesday,April,Clear,Medium,1,2,4.7,296.0,0
ORD-104123,Hyderabad,Bengaluru,Books,764.0,661.5,Express,Premium,Tuesday,October,Cloudy,Medium,5,1,4.3,248.0,0
ORD-101109,Hyderabad,Delhi,Furniture,23640.0,1498.3,Priority,Premium,Thursday,July,Cloudy,Low,2,0,26.8,445.0,0
ORD-103435,Mumbai,Mumbai,Beauty,2930.0,16.1,Standard,New,Sunday,September,Storm,Medium,3,0,10.0,76.0,1
ORD-104305,Mumbai,Nagpur,Clothing,1545.0,856.9,Express,Premium,Thursday,December,Fog,Medium,3,0,28.4,205.0,0
ORD-103741,Mumbai,Indore,Beauty,1332.0,649.2,Express,Regular,Sunday,December,,Medium,1,0,6.8,,0
ORD-105971,Delhi,Mumbai,Groceries,,1387.4,Standard,New,Saturday,May,Cloudy,Low,2,0,10.7,189.0,0
ORD-100085,Mumbai,Bengaluru,Sports,3071.0,1110.6,Express,Premium,Sunday,October,Cloudy,Medium,1,0,18.4,208.0,0
ORD-105232,Hyderabad,Visakhapatnam,Books,436.0,636.5,Express,Regular,Saturday,October,Clear,Medium,1,1,5.6,155.0,0
ORD-104872,Delhi,Bhopal,Beauty,1166.0,726.1,Standard,New,Friday,July,Rain,Low,2,0,16.9,135.0,0
ORD-100587,Mumbai,Ahmedabad,Sports,2854.0,557.6,Standard,New,Tuesday,January,Fog,High,1,1,13.2,98.0,0
ORD-103347,Kolkata,Delhi,Electronics,13452.0,1601.9,Standard,New,Thursday,July,Clear,Low,2,1,22.8,202.0,1
ORD-101596,Chennai,Patna,Electronics,11568.0,1927.3,Standard,New,Saturday,November,Clear,Medium,1,0,10.5,239.0,0
ORD-103312,Hyderabad,Jaipur,Home & Kitchen,5561.0,1418.7,Economy,Regular,Friday,April,Clear,Low,4,1,33.6,172.0,1
ORD-104592,Bengaluru,Mumbai,Books,479.0,1107.3,Priority,Regular,Thursday,January,Clear,Medium,2,2,24.3,375.0,0
ORD-105659,Mumbai,Bhopal,Groceries,258.0,794.8,Standard,New,Friday,July,Cloudy,Medium,3,0,15.3,128.0,0
ORD-103413,Bengaluru,Chennai,Clothing,879.0,371.4,Economy,New,Sunday,November,Clear,Medium,1,0,11.4,63.0,0
ORD-105159,Bengaluru,Chandigarh,Clothing,1945.0,2437.2,Standard,New,Wednesday,July,Rain,Medium,2,0,13.1,300.0,1
ORD-102411,Chennai,Kolkata,Electronics,17273.0,1722.6,Economy,New,Saturday,May,Clear,Medium,3,1,25.7,166.0,0
ORD-103468,Delhi,Kochi,Beauty,1204.0,2533.3,Economy,New,Tuesday,June,,Medium,1,3,19.9,179.0,1
ORD-102670,Bengaluru,Patna,Electronics,7237.0,1993.7,Economy,Regular,Saturday,February,Clear,Low,1,2,22.6,195.0,0
ORD-104816,Mumbai,Bengaluru,Furniture,39977.0,1060.1,Priority,Premium,Wednesday,June,Cloudy,Low,2,1,40.0,499.0,0
ORD-105804,Bengaluru,Lucknow,Beauty,664.0,1885.9,Express,Regular,Sunday,July,,Low,3,0,18.2,382.0,0
ORD-100440,Chennai,Jaipur,Electronics,15269.0,1914.2,Priority,Premium,Monday,June,,Medium,1,2,19.7,380.0,0
ORD-105438,Mumbai,Chennai,Sports,3712.0,1239.2,Standard,Regular,Friday,September,Rain,Medium,1,5,10.7,162.0,0
ORD-105653,Bengaluru,Jaipur,Home & Kitchen,4829.0,2116.6,Standard,New,Friday,April,Storm,Low,2,1,16.2,273.0,1
ORD-102768,Chennai,Visakhapatnam,Electronics,10901.0,755.8,Standard,Regular,Friday,May,Clear,Low,2,0,10.5,124.0,1
ORD-103340,Bengaluru,Coimbatore,Home & Kitchen,1888.0,280.6,Priority,Premium,Friday,November,Clear,Low,1,1,15.7,144.0,0
ORD-102413,Delhi,Kolkata,Clothing,4302.0,1642.1,Priority,Regular,Saturday,November,Cloudy,Medium,6,1,8.3,596.0,0
ORD-104943,Bengaluru,Hyderabad,Clothing,930.0,621.5,Standard,New,Saturday,January,Fog,High,4,3,25.4,120.0,0
ORD-103261,Mumbai,Visakhapatnam,Electronics,14383.0,1340.6,Standard,Regular,Wednesday,November,Cloudy,Low,1,1,14.4,184.0,0
ORD-100094,Delhi,Kochi,Beauty,1584.0,2599.5,Standard,New,Monday,November,Fog,Medium,1,2,28.4,319.0,1
ORD-102214,Bengaluru,Kochi,Groceries,1074.0,485.2,Economy,Regular,Tuesday,February,Clear,Medium,5,1,15.8,120.0,0
ORD-101893,Bengaluru,Bengaluru,Electronics,30613.0,40.8,Standard,Regular,Tuesday,July,Rain,Medium,5,1,19.5,171.0,0
ORD-103091,Kolkata,Kolkata,Electronics,7234.0,19.9,Express,New,Monday,April,Rain,Medium,2,0,17.5,132.0,0
ORD-101455,Delhi,Pune,Electronics,16410.0,1550.5,Express,Regular,Monday,September,Rain,Low,2,2,14.5,367.0,0
ORD-105086,Delhi,Visakhapatnam,Clothing,1888.0,1702.3,Priority,Premium,Monday,June,Rain,Medium,6,1,30.9,615.0,0
ORD-101845,Mumbai,Bengaluru,Electronics,21275.0,1141.5,Express,Regular,Thursday,July,Clear,Medium,4,3,18.3,320.0,0
ORD-105988,Delhi,Chandigarh,Electronics,7378.0,293.0,Priority,Premium,Friday,September,Cloudy,Medium,1,0,25.2,189.0,0
ORD-102883,Bengaluru,Kolkata,Home & Kitchen,3252.0,2030.6,Economy,New,Tuesday,November,Cloudy,Medium,1,0,12.0,208.0,1
ORD-101964,Mumbai,Lucknow,Beauty,3887.0,1414.3,Standard,New,Wednesday,March,Clear,Medium,3,0,5.2,190.0,0
ORD-104440,Delhi,Hyderabad,Electronics,13453.0,1549.8,Standard,Regular,Friday,June,Rain,Low,1,0,25.8,225.0,0
ORD-102418,Bengaluru,Nagpur,Electronics,21947.0,1089.5,Express,Regular,Friday,December,Fog,Medium,2,0,21.6,295.0,1
ORD-100811,Mumbai,Chandigarh,Electronics,7689.0,1818.8,Standard,New,Saturday,January,Cloudy,High,2,0,15.6,242.0,0
ORD-103786,Hyderabad,Kolkata,Furniture,15113.0,1489.7,Priority,Regular,Tuesday,December,Rain,High,1,4,19.5,436.0,1
ORD-103905,Delhi,Kochi,Electronics,18487.0,2666.9,Express,Premium,Saturday,October,Storm,Low,3,0,30.6,540.0,1
ORD-104754,Bengaluru,Chandigarh,Books,325.0,2438.4,Economy,New,Sunday,August,Rain,Medium,1,2,6.5,191.0,0
ORD-102914,Chennai,Delhi,Sports,1917.0,2165.3,Standard,Regular,Monday,November,Clear,Medium,3,2,37.6,285.0,1
ORD-100707,Kolkata,Chandigarh,Home & Kitchen,1619.0,1831.8,Standard,Regular,Tuesday,July,Rain,Medium,1,2,22.1,219.0,1
ORD-104795,Delhi,Bhopal,Electronics,11689.0,727.7,Standard,New,Thursday,February,Cloudy,Low,3,1,22.7,172.0,1
ORD-100927,Mumbai,Chennai,Groceries,1636.0,1299.2,Economy,Regular,Thursday,September,Rain,Medium,9,1,7.0,176.0,1
ORD-101003,Mumbai,Kochi,Electronics,17545.0,1385.8,Standard,Regular,Saturday,February,Fog,Low,3,1,15.9,219.0,0
ORD-103382,Kolkata,Hyderabad,Electronics,12410.0,1398.9,Express,Regular,Tuesday,January,Clear,Low,1,1,17.8,367.0,0
ORD-105038,Mumbai,Hyderabad,Home & Kitchen,7504.0,794.8,Economy,Regular,Friday,April,Clear,High,2,2,10.1,101.0,1
ORD-104508,Mumbai,Bengaluru,Clothing,938.0,1049.9,Standard,New,Sunday,August,Cloudy,Low,4,1,15.5,177.0,0
ORD-105670,Kolkata,Kolkata,Clothing,1108.0,32.6,Express,Premium,Wednesday,September,Cloudy,Medium,2,0,22.0,85.0,0
ORD-100473,Mumbai,Visakhapatnam,Groceries,2264.0,1331.3,Economy,New,Saturday,August,Rain,Low,9,0,6.0,199.0,1
ORD-103807,Chennai,Kolkata,Sports,1653.0,1765.4,Express,Regular,Monday,January,Clear,High,2,0,26.9,267.0,0
ORD-100158,Chennai,Bengaluru,Clothing,3235.0,374.6,Standard,Regular,Sunday,September,Rain,High,4,0,9.6,111.0,0
ORD-104086,Hyderabad,Mumbai,Home & Kitchen,4297.0,792.2,Economy,New,Sunday,April,Cloudy,Medium,2,0,3.0,114.0,0
ORD-100682,Mumbai,Patna,Sports,4402.0,1730.2,Economy,Regular,Tuesday,November,Clear,Low,3,1,6.1,206.0,1
ORD-101836,Mumbai,Delhi,Home & Kitchen,7610.0,1311.0,Economy,Premium,Sunday,November,Clear,Medium,1,1,20.3,130.0,1
ORD-100477,Delhi,Mumbai,Groceries,2835.0,1354.2,Express,Regular,Tuesday,February,Fog,Medium,7,1,4.0,325.0,0
ORD-102816,Bengaluru,Coimbatore,Electronics,14641.0,272.6,Standard,Regular,Thursday,January,Clear,Low,2,3,18.0,102.0,0
ORD-105743,Kolkata,Visakhapatnam,Groceries,3215.0,969.2,Standard,Regular,Wednesday,December,Fog,Medium,6,1,12.7,193.0,0
ORD-101363,Bengaluru,Patna,Home & Kitchen,1034.0,2048.7,Standard,New,Sunday,February,Clear,Low,2,1,15.3,204.0,0
ORD-102751,Delhi,Lucknow,Home & Kitchen,2350.0,483.2,Express,Regular,Saturday,November,Fog,Low,1,0,31.2,140.0,0
ORD-102348,Kolkata,Bhopal,Sports,1494.0,1423.7,Priority,Premium,Thursday,August,Clear,High,4,0,13.5,412.0,0
ORD-105034,Bengaluru,Indore,Electronics,23658.0,1287.9,Standard,Regular,Saturday,October,Clear,High,4,1,13.6,219.0,0
ORD-101195,Kolkata,Mumbai,Clothing,2264.0,1968.0,Standard,Premium,Saturday,March,Clear,High,2,0,20.3,221.0,0
ORD-104706,Delhi,Jaipur,Home & Kitchen,4143.0,305.4,Express,Regular,Thursday,July,Cloudy,Low,3,0,9.1,158.0,0
ORD-102681,Kolkata,Bhopal,Sports,2304.0,1362.0,Economy,New,Tuesday,December,Cloudy,Low,1,0,25.8,136.0,0
ORD-101336,Kolkata,Patna,Furniture,9150.0,582.4,Economy,New,Thursday,January,Cloudy,Low,1,0,39.1,89.0,0
ORD-105471,Chennai,Delhi,Furniture,7191.0,2083.8,Economy,Regular,Thursday,May,Clear,Medium,1,0,18.8,177.0,1
ORD-100157,Delhi,Hyderabad,Sports,16417.0,1627.9,Standard,New,Tuesday,December,Cloudy,High,5,0,20.7,301.0,1
ORD-100706,Bengaluru,Hyderabad,Groceries,3797.0,630.2,Standard,Regular,Wednesday,September,Storm,High,6,3,12.4,163.0,1
ORD-101033,Bengaluru,Chennai,Sports,4723.0,348.3,Express,Premium,Wednesday,May,Cloudy,Medium,2,0,7.1,143.0,0
ORD-104524,Kolkata,Hyderabad,Beauty,1203.0,1464.3,Express,New,Thursday,March,Clear,Medium,2,0,18.8,357.0,0
ORD-105699,Kolkata,Mumbai,Electronics,6146.0,2071.7,Express,New,Thursday,October,Clear,High,3,1,37.9,367.0,1
ORD-100032,Hyderabad,Hyderabad,Furniture,25180.0,31.1,Standard,Regular,Saturday,November,Clear,Medium,2,1,27.8,106.0,1
ORD-104419,Mumbai,Ahmedabad,Groceries,3555.0,547.8,Express,Premium,Thursday,November,Cloudy,Low,6,0,26.3,243.0,0
ORD-102352,Kolkata,Patna,Furniture,22243.0,596.0,Express,Regular,Monday,June,Cloudy,High,2,1,28.8,244.0,1
ORD-103979,Bengaluru,Bengaluru,Furniture,7517.0,10.8,Standard,Regular,Friday,December,Clear,High,1,1,20.7,50.0,0
ORD-104482,Chennai,Bengaluru,Sports,2372.0,379.7,Standard,Regular,Saturday,August,Rain,Low,3,0,7.3,103.0,0
ORD-102349,Mumbai,Ahmedabad,Clothing,3504.0,548.6,Standard,Regular,Thursday,October,Cloudy,Low,3,1,15.2,125.0,0
ORD-103249,Kolkata,Kochi,Furniture,16150.0,2323.2,Economy,Regular,Tuesday,April,Clear,Low,1,0,24.2,240.0,1
ORD-105675,Bengaluru,Ahmedabad,Beauty,1037.0,1524.7,Economy,Regular,Wednesday,June,Rain,High,2,0,10.0,148.0,0
ORD-104473,Chennai,Mumbai,Clothing,1652.0,1272.7,Standard,Regular,Wednesday,November,Cloudy,Medium,2,0,36.6,157.0,0
ORD-104902,Delhi,Coimbatore,Clothing,4061.0,2440.5,Priority,Premium,Monday,January,Fog,Medium,1,1,32.4,627.0,0
ORD-105599,Bengaluru,Lucknow,Clothing,795.0,2000.9,Economy,Regular,Wednesday,January,Cloudy,High,1,1,26.2,194.0,0
ORD-100178,Hyderabad,Delhi,Home & Kitchen,4828.0,1517.1,Economy,Regular,Friday,July,Rain,Low,1,1,15.3,163.0,0
ORD-100605,Hyderabad,Lucknow,Groceries,1006.0,1402.3,Standard,Regular,Friday,November,Cloudy,Medium,5,1,4.6,216.0,0
ORD-104649,Delhi,Chennai,Groceries,1084.0,2195.6,Standard,New,Saturday,January,Clear,Low,4,0,9.7,333.0,1
ORD-102272,Bengaluru,Bhopal,Electronics,24950.0,1417.5,Standard,Premium,Thursday,September,Cloudy,High,1,1,18.1,150.0,0
ORD-102754,Mumbai,Mumbai,Electronics,9953.0,40.6,Standard,Regular,Monday,August,Rain,High,1,1,24.3,69.0,0
ORD-101236,Mumbai,Mumbai,Furniture,21642.0,15.6,Express,New,Friday,February,Cloudy,Low,1,1,29.8,165.0,0
ORD-100764,Mumbai,Kolkata,Electronics,5613.0,2020.5,Economy,New,Thursday,August,Storm,Medium,2,2,14.2,190.0,1
ORD-104076,Delhi,Lucknow,Groceries,5731.0,541.0,Standard,Regular,Sunday,June,Rain,Medium,6,0,26.7,168.0,0
ORD-105611,Mumbai,Bengaluru,Books,2293.0,1077.2,Standard,New,Saturday,April,Clear,Medium,1,0,32.5,159.0,0
ORD-100320,Hyderabad,Kochi,Electronics,29653.0,1060.7,Express,Premium,Wednesday,April,Rain,Medium,1,0,20.9,244.0,0
ORD-102120,Delhi,Lucknow,Groceries,1352.0,548.4,Express,Regular,Tuesday,February,Storm,Low,5,2,28.4,223.0,0
ORD-102829,Kolkata,Chandigarh,Electronics,10288.0,1808.5,Standard,Regular,Wednesday,October,Rain,Low,1,0,20.7,203.0,0
ORD-101821,Hyderabad,Kolkata,Groceries,1205.0,1595.1,Standard,Regular,Thursday,April,Cloudy,Medium,4,1,14.0,217.0,0
ORD-101651,Delhi,Mumbai,Beauty,7624.0,1504.3,Priority,Premium,Tuesday,July,Storm,Medium,5,1,11.4,554.0,0
ORD-104995,Bengaluru,Nagpur,Groceries,1453.0,1103.2,Express,Premium,Monday,December,Storm,Low,5,0,17.2,260.0,0
ORD-104777,Delhi,Patna,Electronics,30155.0,1104.3,Economy,New,Tuesday,March,Clear,High,2,1,13.3,164.0,1
ORD-102132,Chennai,Patna,Furniture,12636.0,1934.9,Express,Regular,Wednesday,November,Fog,Medium,2,0,21.7,344.0,0
ORD-104225,Mumbai,Lucknow,Beauty,1095.0,1458.5,Standard,Regular,Sunday,February,Clear,Low,2,0,18.8,218.0,0
ORD-105047,Delhi,Patna,Clothing,1234.0,1062.6,Standard,Regular,Tuesday,August,Cloudy,Low,1,3,19.5,133.0,0
ORD-100577,Hyderabad,Hyderabad,Home & Kitchen,1332.0,23.6,Economy,New,Sunday,July,Rain,Medium,1,0,10.5,40.0,0
ORD-104770,Chennai,Mumbai,Books,838.0,1304.0,Standard,Regular,Tuesday,August,Rain,Medium,1,2,20.1,169.0,1
ORD-100795,Mumbai,Kolkata,Groceries,3869.0,2100.5,Economy,Regular,Friday,April,Fog,Low,7,1,28.7,264.0,0
ORD-104054,Bengaluru,Delhi,Electronics,34720.0,2228.3,Standard,New,Saturday,November,Cloudy,Medium,1,0,9.5,275.0,1
ORD-100081,Chennai,Chandigarh,Sports,5692.0,2557.3,Standard,Premium,Monday,April,Cloudy,Low,3,0,4.7,225.0,0
ORD-103564,Mumbai,Kolkata,Furniture,21412.0,1934.2,Standard,New,Saturday,June,Cloudy,Medium,2,0,23.6,252.0,1
ORD-104236,Mumbai,Chennai,Clothing,,1338.9,Economy,Regular,Saturday,January,Clear,Medium,4,2,18.6,172.0,0
ORD-100234,Bengaluru,Chennai,Beauty,3618.0,360.2,Economy,Regular,Wednesday,May,Rain,Medium,4,0,6.1,90.0,0
ORD-103127,Bengaluru,Chennai,Books,915.0,361.7,Express,Regular,Monday,August,Rain,Low,3,2,11.0,192.0,0
ORD-100409,Mumbai,Kolkata,Books,1081.0,2030.4,Express,Regular,Tuesday,August,Rain,High,2,2,9.9,438.0,1
ORD-103427,Mumbai,Bhopal,Furniture,21787.0,849.5,Standard,Regular,Tuesday,November,Cloudy,High,1,1,20.7,145.0,1
ORD-105773,Delhi,Delhi,Electronics,15645.0,32.1,Express,Regular,Thursday,February,Clear,Medium,2,0,14.1,145.0,0
ORD-103919,Chennai,Bengaluru,Groceries,3811.0,372.6,Economy,New,Friday,January,Clear,Medium,4,0,18.0,110.0,0
ORD-100502,Hyderabad,Coimbatore,Clothing,4504.0,911.8,Priority,Regular,Saturday,November,Clear,Low,4,0,13.6,396.0,0
ORD-103367,Chennai,Kolkata,Beauty,616.0,1623.5,Standard,New,Monday,November,Clear,Medium,1,2,7.4,204.0,0
ORD-105630,Delhi,Kolkata,Books,1075.0,1749.8,Standard,Regular,Monday,October,Clear,Medium,3,0,14.3,232.0,0
ORD-101974,Delhi,Ahmedabad,Books,1184.0,978.2,Standard,Regular,Saturday,June,Cloudy,Low,3,1,16.2,168.0,0
ORD-105959,Chennai,Mumbai,Home & Kitchen,4448.0,1248.0,Standard,Regular,Friday,September,Cloudy,Medium,4,1,19.4,189.0,0
ORD-100324,Bengaluru,Bengaluru,Clothing,2582.0,21.4,Standard,New,Sunday,July,Clear,Medium,5,0,12.0,91.0,0
ORD-105380,Kolkata,Chennai,Beauty,3470.0,1735.0,Priority,New,Friday,September,Cloudy,Low,2,1,24.6,555.0,0
ORD-101671,Delhi,Visakhapatnam,Beauty,928.0,1708.4,Economy,Premium,Friday,April,Clear,Low,3,1,21.5,185.0,0
ORD-103787,Hyderabad,Chennai,Home & Kitchen,10765.0,660.7,Standard,Regular,Wednesday,September,Rain,High,3,0,16.3,145.0,0
ORD-105290,Bengaluru,Chennai,Electronics,8700.0,362.3,Priority,Premium,Friday,July,Rain,Medium,1,0,23.8,201.0,0
ORD-103691,Mumbai,Hyderabad,Clothing,782.0,777.2,Express,Regular,Wednesday,October,Cloudy,Low,1,2,35.9,223.0,0
ORD-102030,Bengaluru,Kochi,Beauty,1035.0,475.4,Express,Regular,Monday,March,Cloudy,Medium,3,0,21.3,166.0,0
ORD-100713,Kolkata,Coimbatore,Sports,3179.0,2257.0,Economy,New,Thursday,November,Clear,Low,6,1,20.3,235.0,0
ORD-104568,Mumbai,Mumbai,Clothing,5774.0,27.0,Economy,New,Thursday,May,Storm,High,3,0,35.7,,1
ORD-102674,Bengaluru,Chandigarh,Clothing,4508.0,2516.4,Standard,Regular,Saturday,August,Rain,Medium,1,0,23.7,299.0,1
ORD-105998,Kolkata,Delhi,Electronics,26713.0,1743.3,Standard,Regular,Thursday,January,Cloudy,Medium,2,1,20.9,239.0,0
ORD-103397,Mumbai,Jaipur,Furniture,12899.0,1070.6,Express,Premium,Tuesday,November,Fog,Low,1,1,39.2,206.0,0
ORD-104623,Chennai,Patna,Groceries,4769.0,1820.9,Standard,Premium,Wednesday,September,Rain,Medium,11,1,7.0,341.0,0
ORD-102005,Mumbai,Mumbai,Furniture,34012.0,9.5,Economy,Premium,Sunday,November,Clear,Medium,1,0,28.3,78.0,0
ORD-101420,Hyderabad,Bengaluru,Sports,2440.0,619.5,Economy,Regular,Wednesday,November,Rain,Low,2,1,38.0,110.0,1
ORD-104306,Mumbai,Kochi,Books,637.0,1314.4,Standard,New,Wednesday,August,Cloudy,Medium,2,2,22.4,183.0,1
ORD-104296,Delhi,Kolkata,Electronics,7566.0,1692.9,Standard,Regular,Friday,July,Rain,High,2,0,13.9,255.0,0
ORD-103207,Mumbai,Kolkata,Electronics,19062.0,2005.3,Standard,Regular,Tuesday,November,Fog,High,1,2,25.8,259.0,1
ORD-100297,Hyderabad,Mumbai,Home & Kitchen,2520.0,816.0,Express,Regular,Sunday,November,Cloudy,High,1,0,14.3,184.0,1
ORD-101407,Hyderabad,Visakhapatnam,Electronics,21098.0,626.8,Standard,Regular,Saturday,May,Clear,Low,1,1,19.4,157.0,0
ORD-102729,Delhi,Bhopal,Sports,1705.0,770.9,Economy,Regular,Wednesday,September,Cloudy,Medium,1,0,31.4,91.0,0
ORD-102523,Delhi,Visakhapatnam,Beauty,1589.0,1667.5,Standard,Regular,Sunday,April,Clear,Low,2,0,7.3,195.0,1
ORD-100536,Mumbai,Chandigarh,Sports,2250.0,1676.6,Standard,Regular,Wednesday,April,Fog,High,2,2,12.7,229.0,1
ORD-105342,Mumbai,Chandigarh,Beauty,2920.0,1662.8,Express,Premium,Wednesday,January,Clear,High,3,2,5.6,361.0,0
ORD-105757,Mumbai,Visakhapatnam,Beauty,,1415.2,Priority,Regular,Saturday,January,Clear,Medium,3,1,19.8,467.0,0
ORD-101087,Kolkata,Lucknow,Home & Kitchen,3800.0,1085.4,Priority,Regular,Wednesday,December,Cloudy,High,6,1,25.2,491.0,1
ORD-102648,Kolkata,Chennai,Electronics,6101.0,1682.1,Express,Regular,Monday,February,Fog,Medium,1,1,24.9,321.0,0
ORD-103117,Mumbai,Bhopal,Electronics,13325.0,854.1,Express,Premium,Wednesday,March,Clear,Low,3,1,17.6,211.0,0
ORD-101486,Mumbai,Mumbai,Electronics,7357.0,40.3,Economy,New,Monday,August,Cloudy,Medium,1,1,10.3,50.0,0
ORD-101361,Chennai,Hyderabad,Sports,1932.0,631.7,Economy,Regular,Saturday,October,Clear,Medium,2,2,14.5,96.0,0
ORD-105275,Delhi,Bengaluru,Clothing,1997.0,2041.0,Standard,Regular,Monday,February,Fog,High,2,1,18.0,300.0,1
ORD-104846,Delhi,Patna,Beauty,2402.0,1031.5,Standard,Regular,Sunday,March,Clear,High,2,1,13.2,156.0,1
ORD-104459,Mumbai,Delhi,Home & Kitchen,2602.0,1413.1,Standard,Regular,Saturday,January,Cloudy,Medium,1,1,4.3,179.0,0
ORD-100051,Mumbai,Hyderabad,Furniture,18493.0,725.9,Express,Premium,Friday,June,Rain,High,1,0,23.0,179.0,0
ORD-102145,Delhi,Kochi,Home & Kitchen,5025.0,2613.5,Standard,Regular,Tuesday,December,Clear,Medium,4,2,13.8,278.0,1
ORD-100309,Delhi,Delhi,Clothing,2853.0,32.3,Standard,Regular,Wednesday,October,Cloudy,High,3,1,13.4,75.0,0
ORD-102143,Kolkata,Chennai,Clothing,2586.0,1641.6,Standard,Premium,Tuesday,January,Cloudy,High,3,3,16.2,199.0,0
ORD-102595,Delhi,Bengaluru,Home & Kitchen,10209.0,2345.6,Economy,New,Wednesday,May,Clear,Medium,1,0,18.8,247.0,0
ORD-105276,Chennai,Delhi,Home & Kitchen,4942.0,2163.0,Standard,Premium,Wednesday,October,Clear,Medium,3,1,18.1,231.0,1
ORD-103665,Delhi,Bengaluru,Beauty,927.0,2195.2,Standard,New,Monday,January,Fog,Medium,2,0,11.1,257.0,0
ORD-102788,Bengaluru,Kolkata,Books,1025.0,1976.7,Priority,New,Sunday,November,Cloudy,Medium,3,0,3.4,558.0,0
ORD-103948,Mumbai,Chennai,Home & Kitchen,2894.0,1278.2,Standard,New,Thursday,October,Cloudy,High,2,1,27.4,194.0,1
ORD-105081,Mumbai,Kolkata,Electronics,8918.0,2137.2,Standard,Regular,Tuesday,August,Rain,Low,1,1,16.4,230.0,0
ORD-104631,Delhi,Bhopal,Electronics,15620.0,699.8,Express,Premium,Sunday,September,Rain,Low,3,2,23.4,240.0,1
ORD-102403,Chennai,Kochi,Sports,1453.0,716.2,Express,Premium,Thursday,September,Rain,Low,1,0,10.8,159.0,0
ORD-101562,Bengaluru,Coimbatore,Groceries,4638.0,267.7,Priority,Regular,Saturday,March,Cloudy,Low,8,1,13.6,403.0,0
ORD-101194,Hyderabad,Hyderabad,Groceries,5008.0,21.1,Express,Premium,Sunday,July,Rain,Medium,7,1,17.4,220.0,0
ORD-102759,Chennai,Delhi,Beauty,2220.0,2108.9,Standard,Regular,Monday,May,Cloudy,High,3,0,9.6,230.0,1
ORD-102822,Chennai,Delhi,Clothing,717.0,2208.1,Standard,Regular,Thursday,October,Cloudy,Medium,3,0,11.2,281.0,0
ORD-105477,Mumbai,Bhopal,Groceries,1435.0,867.0,Express,Regular,Thursday,November,Clear,Medium,4,1,11.2,261.0,0
ORD-102260,Delhi,Jaipur,Beauty,2327.0,304.8,Standard,Regular,Tuesday,June,Rain,Medium,3,0,17.8,100.0,0
ORD-104693,Chennai,Bengaluru,Beauty,3370.0,366.5,Standard,Regular,Wednesday,January,Clear,Low,2,1,4.1,101.0,0
ORD-102171,Delhi,Visakhapatnam,Electronics,12246.0,1821.8,Standard,Regular,Tuesday,April,Cloudy,High,3,0,9.3,234.0,0
ORD-104504,Bengaluru,Kochi,Clothing,3319.0,439.1,Economy,New,Tuesday,June,Rain,Medium,3,0,16.6,97.0,0
ORD-105076,Delhi,Coimbatore,Clothing,1317.0,2411.4,Express,New,Thursday,December,Fog,Low,4,0,17.0,522.0,0
ORD-101412,Hyderabad,Lucknow,Electronics,17114.0,1370.3,Standard,Regular,Wednesday,April,Clear,Low,4,3,10.5,263.0,0
ORD-105375,Chennai,Bengaluru,Electronics,15739.0,351.8,Economy,Regular,Thursday,January,Fog,Low,1,1,16.6,88.0,0
ORD-102167,Hyderabad,Kolkata,Beauty,5052.0,1408.0,Standard,Premium,Friday,December,Clear,Medium,2,0,8.8,201.0,0
ORD-104517,Delhi,Bengaluru,Home & Kitchen,3549.0,2179.0,Economy,Regular,Saturday,July,Clear,Medium,3,0,19.0,231.0,0
ORD-104251,Delhi,Mumbai,Electronics,12933.0,1381.4,Standard,Regular,Tuesday,June,Cloudy,Low,3,1,21.0,215.0,0
ORD-104692,Delhi,Indore,Home & Kitchen,3784.0,821.8,Standard,Regular,Sunday,October,Cloudy,Medium,1,2,10.0,113.0,1
ORD-100240,Mumbai,Jaipur,Home & Kitchen,1460.0,1058.4,Standard,New,Monday,October,Clear,Medium,1,1,15.6,145.0,0
ORD-103810,Kolkata,Mumbai,Beauty,3083.0,2237.1,Standard,New,Tuesday,March,Clear,Medium,3,1,14.6,277.0,0
ORD-100200,Delhi,Visakhapatnam,Beauty,1327.0,1745.1,Express,Premium,Friday,January,Clear,Medium,4,1,40.6,341.0,0
ORD-102064,Mumbai,Mumbai,Electronics,38878.0,22.1,Standard,Regular,Friday,August,Rain,Medium,4,2,14.5,130.0,0
ORD-100466,Chennai,Nagpur,Clothing,16938.0,1192.2,Standard,New,Wednesday,October,Clear,Low,3,0,28.7,209.0,1
ORD-100347,Hyderabad,Pune,Electronics,40715.0,649.1,Standard,Regular,Monday,October,Rain,High,2,0,14.9,150.0,1
ORD-104007,Bengaluru,Delhi,Beauty,1446.0,2093.4,Standard,New,Saturday,December,Storm,Low,3,0,6.4,286.0,0
ORD-105892,Bengaluru,Bhopal,Sports,6676.0,1492.4,Express,Regular,Sunday,January,Fog,High,4,0,5.7,392.0,1
ORD-103510,Delhi,Bengaluru,Books,1024.0,2177.9,Priority,Premium,Saturday,August,Storm,Medium,4,1,6.0,557.0,0
ORD-105524,Chennai,Ahmedabad,Furniture,34548.0,1639.0,Priority,Regular,Tuesday,November,Cloudy,Low,2,0,32.3,550.0,0
ORD-105652,Bengaluru,Indore,Electronics,8685.0,1364.6,Express,Regular,Tuesday,November,Cloudy,Medium,1,0,18.2,285.0,0
ORD-102347,Kolkata,Kolkata,Furniture,8021.0,8.4,Economy,New,Thursday,September,Rain,High,1,0,28.5,43.0,1
ORD-100102,Chennai,Chandigarh,Home & Kitchen,2587.0,2500.7,Economy,Regular,Friday,June,Storm,Medium,1,0,15.7,239.0,1
ORD-105618,Kolkata,Bhopal,Groceries,2847.0,1368.6,Express,Premium,Thursday,June,Rain,Medium,6,1,14.3,345.0,0
ORD-102888,Hyderabad,Kochi,Clothing,9823.0,1068.4,Priority,Regular,Monday,November,Cloudy,Low,3,2,11.9,481.0,0
ORD-100260,Bengaluru,Chennai,Groceries,1713.0,347.6,Standard,New,Thursday,February,Fog,Low,4,0,17.3,93.0,0
ORD-102517,Mumbai,Pune,Home & Kitchen,2781.0,161.1,Priority,Premium,Wednesday,August,Rain,Low,1,1,13.4,147.0,0
ORD-102339,Bengaluru,Delhi,Electronics,6125.0,2122.3,Standard,Regular,Thursday,December,Fog,Medium,1,1,35.7,238.0,1
ORD-102616,Bengaluru,Kolkata,Electronics,8044.0,2079.4,Express,Regular,Tuesday,September,Rain,Low,2,2,12.5,386.0,1
ORD-102874,Delhi,Mumbai,Electronics,52500.0,1502.8,Economy,Regular,Tuesday,March,Cloudy,Medium,2,0,46.9,190.0,0
ORD-100507,Delhi,Pune,Electronics,9165.0,1501.3,Standard,New,Wednesday,October,Storm,Medium,1,0,12.5,260.0,0
ORD-104851,Mumbai,Hyderabad,Clothing,4243.0,800.6,Express,New,Sunday,April,Storm,Medium,4,0,16.7,258.0,0
ORD-104303,Hyderabad,Kochi,Furniture,27460.0,1110.3,Standard,Regular,Saturday,December,Fog,Medium,2,1,36.9,226.0,0
ORD-104339,Bengaluru,Coimbatore,Clothing,11790.0,281.6,Economy,New,Monday,May,Cloudy,Low,4,0,10.1,98.0,0
ORD-102624,Hyderabad,Kolkata,Furniture,41481.0,1462.3,Economy,New,Wednesday,October,Clear,Low,1,0,25.9,224.0,1
ORD-104701,Hyderabad,Mumbai,Clothing,5813.0,806.8,Standard,Regular,Thursday,November,Cloudy,Low,4,1,20.9,175.0,0
ORD-101742,Delhi,Hyderabad,Electronics,21122.0,1525.8,Standard,New,Wednesday,December,Clear,Medium,2,0,12.3,219.0,0
ORD-103863,Chennai,Bengaluru,Beauty,918.0,366.8,Standard,Regular,Thursday,June,Clear,Medium,2,0,13.9,93.0,0
ORD-104510,Delhi,Mumbai,Clothing,1822.0,1444.5,Economy,New,Wednesday,December,Cloudy,Medium,2,1,,136.0,0
ORD-105328,Hyderabad,Bengaluru,Books,800.0,603.2,Standard,New,Thursday,June,Cloudy,Medium,3,0,4.2,125.0,0
ORD-100997,Chennai,Lucknow,Clothing,7727.0,1954.6,Standard,Regular,Sunday,October,Cloudy,Low,4,0,49.5,247.0,1
ORD-103827,Delhi,Patna,Clothing,1746.0,1031.3,Express,New,Sunday,October,Rain,Low,4,1,20.3,272.0,0
ORD-101220,Mumbai,Chandigarh,Electronics,20068.0,1811.5,Economy,Regular,Saturday,April,Clear,Low,1,1,15.4,206.0,0
ORD-102918,Kolkata,Chennai,Home & Kitchen,4478.0,1698.6,Express,Premium,Tuesday,June,Rain,High,2,3,24.0,337.0,1
ORD-102880,Mumbai,Hyderabad,Groceries,3224.0,766.9,Priority,Premium,Monday,August,Rain,High,6,1,25.4,341.0,1
ORD-100866,Hyderabad,Delhi,Groceries,4592.0,1497.4,Standard,Regular,Friday,August,Rain,,8,2,14.0,270.0,1
ORD-105225,Bengaluru,Bengaluru,Electronics,14062.0,34.4,Economy,Regular,Friday,April,Clear,High,3,0,15.8,72.0,0
ORD-105357,Bengaluru,Indore,Clothing,7847.0,1308.8,Economy,New,Friday,November,Cloudy,Medium,4,0,14.2,157.0,1
ORD-103319,Mumbai,Mumbai,Clothing,1435.0,24.8,Standard,Regular,Monday,June,Rain,Medium,1,0,10.8,43.0,1
ORD-101946,Hyderabad,Chennai,Groceries,4395.0,617.1,Standard,Regular,Sunday,April,Cloudy,Medium,7,3,9.6,179.0,0
ORD-103920,Delhi,Patna,Electronics,,1035.1,Standard,New,Thursday,April,Clear,Medium,1,0,37.1,151.0,1
ORD-100545,Mumbai,Chennai,Electronics,16029.0,1334.0,Standard,Regular,Friday,October,Clear,High,4,0,20.7,210.0,0
ORD-105495,Kolkata,Kolkata,Home & Kitchen,5978.0,26.9,Standard,Regular,Tuesday,July,Rain,High,3,0,15.2,97.0,0
ORD-103493,Kolkata,Patna,Clothing,3926.0,598.0,Standard,New,Monday,October,Clear,High,3,1,6.5,130.0,0
ORD-103909,Bengaluru,Coimbatore,Clothing,2881.0,289.8,Standard,New,Wednesday,December,Clear,Medium,3,0,23.0,101.0,0
ORD-100656,Delhi,Delhi,Home & Kitchen,3629.0,25.5,Standard,New,Friday,October,Cloudy,Medium,1,0,13.0,49.0,0
ORD-103385,Mumbai,Hyderabad,Books,722.0,775.3,Standard,Regular,Friday,March,Cloudy,Medium,3,1,8.1,137.0,0
ORD-102253,Delhi,Lucknow,Electronics,,530.7,Standard,New,Monday,April,,Low,4,1,25.1,146.0,0
ORD-101408,Mumbai,Jaipur,Beauty,1497.0,1211.2,Express,Regular,Thursday,December,,Medium,2,2,11.8,239.0,0
ORD-101039,Bengaluru,Patna,Groceries,2566.0,2025.6,Standard,Regular,Wednesday,March,Cloudy,Medium,7,2,13.6,318.0,1
ORD-100539,Mumbai,Indore,Beauty,752.0,653.1,Standard,Premium,Tuesday,October,Rain,Low,3,2,32.6,123.0,0
ORD-101210,Delhi,Kochi,Clothing,2215.0,2538.1,Standard,Regular,Wednesday,March,Clear,High,4,0,7.2,334.0,0
ORD-101729,Mumbai,Kochi,Clothing,644.0,1348.2,Priority,Premium,Sunday,April,Clear,Medium,1,0,13.7,306.0,0
ORD-101510,Chennai,Kochi,Home & Kitchen,4274.0,668.6,Economy,New,Friday,June,Clear,Medium,3,0,11.3,124.0,0
ORD-104411,Delhi,Indore,Books,2147.0,867.4,Economy,New,Wednesday,August,Cloudy,Low,4,0,8.3,156.0,1
ORD-100325,Kolkata,Kochi,Groceries,5314.0,2414.9,Economy,Regular,Tuesday,April,Fog,High,5,0,20.3,270.0,1
ORD-100566,Chennai,Kolkata,Groceries,2410.0,1686.9,Express,Premium,Tuesday,December,Cloudy,High,2,1,15.6,395.0,0
ORD-103879,Mumbai,Chandigarh,Electronics,12103.0,1759.7,Standard,Premium,Thursday,July,Rain,Low,1,1,12.0,216.0,0
ORD-100326,Chennai,Chandigarh,Clothing,1141.0,2643.0,Standard,New,Friday,November,Clear,Low,4,0,38.2,337.0,0
ORD-103108,Chennai,Hyderabad,Groceries,2036.0,616.6,Standard,Regular,Thursday,September,Clear,Medium,7,0,4.9,195.0,1
ORD-102371,Bengaluru,Hyderabad,Books,957.0,632.3,Economy,Regular,Sunday,October,Clear,Medium,2,2,5.6,96.0,0
ORD-100133,Bengaluru,Lucknow,Furniture,20138.0,2079.7,Standard,Regular,Thursday,March,Cloudy,Low,1,2,18.1,307.0,0
ORD-101398,Hyderabad,Coimbatore,Electronics,10758.0,884.7,Standard,Regular,Tuesday,July,Cloudy,Medium,2,2,12.6,153.0,1
ORD-103076,Hyderabad,Bhopal,Sports,3588.0,737.5,Economy,Regular,Sunday,January,Fog,Low,3,1,7.3,127.0,0
ORD-100677,Hyderabad,Hyderabad,Beauty,2858.0,11.5,Standard,Premium,Tuesday,August,Rain,Medium,5,0,5.5,102.0,0
ORD-103064,Hyderabad,Mumbai,Groceries,1395.0,777.8,Economy,Regular,Monday,June,Clear,High,3,0,28.1,111.0,1
ORD-103817,Delhi,Ahmedabad,Electronics,14703.0,968.2,Economy,New,Thursday,August,Rain,Low,2,1,18.5,130.0,0
ORD-103755,Bengaluru,Kochi,Electronics,6476.0,467.3,Economy,New,Monday,July,Clear,Low,2,1,22.1,87.0,0
ORD-101781,Mumbai,Mumbai,Sports,1833.0,22.8,Standard,Regular,Saturday,March,Rain,Low,3,0,19.2,69.0,0
ORD-104900,Kolkata,Bengaluru,Home & Kitchen,8087.0,1941.8,Standard,Regular,Monday,August,Clear,High,2,0,22.8,276.0,0
ORD-102519,Bengaluru,Jaipur,Home & Kitchen,2757.0,1963.2,Economy,New,Friday,May,Clear,High,2,0,16.2,207.0,1
ORD-100743,Kolkata,Bengaluru,Electronics,11913.0,1825.0,Economy,Regular,Friday,September,Rain,Medium,2,3,10.2,170.0,1
ORD-102276,Mumbai,Delhi,Clothing,5965.0,1472.3,Standard,Premium,Saturday,December,Clear,High,3,0,11.8,190.0,1
ORD-104223,Delhi,Kolkata,Beauty,2337.0,1658.7,Standard,New,Saturday,May,Clear,High,2,0,8.7,192.0,1
ORD-105430,Bengaluru,Patna,Sports,5822.0,2051.6,Standard,Regular,Wednesday,November,Clear,Medium,1,0,16.2,194.0,0
ORD-102245,Delhi,Pune,Groceries,875.0,1413.5,Economy,Regular,Sunday,August,Rain,High,3,1,8.9,140.0,0
ORD-105073,Bengaluru,Nagpur,Sports,2803.0,1163.1,Economy,Regular,Thursday,May,Cloudy,Medium,3,0,4.0,143.0,0
ORD-105827,Chennai,Hyderabad,Furniture,16444.0,660.3,Express,Premium,Wednesday,May,Cloudy,High,1,0,13.3,176.0,0
ORD-101076,Delhi,Hyderabad,Sports,2950.0,1532.1,Economy,New,Sunday,January,Clear,High,3,1,9.4,166.0,0
ORD-100747,Delhi,Kochi,Groceries,1299.0,2588.8,Standard,Premium,Thursday,July,Rain,High,5,0,25.5,288.0,1
ORD-105431,Delhi,Bhopal,Beauty,1525.0,744.9,Economy,Regular,Sunday,January,Clear,High,3,1,15.9,120.0,0
ORD-100372,Delhi,Bengaluru,Groceries,13308.0,2104.8,Standard,Regular,Thursday,March,Clear,High,9,0,11.1,356.0,1
ORD-105161,Hyderabad,Chandigarh,Groceries,3792.0,1935.9,Standard,Regular,Saturday,June,Rain,High,5,2,1.0,279.0,0
ORD-105962,Mumbai,Chandigarh,Clothing,2907.0,1612.0,Priority,Premium,Thursday,September,Cloudy,High,3,2,12.1,447.0,1
ORD-103046,Hyderabad,Bengaluru,Beauty,2415.0,614.0,Standard,New,Friday,May,Clear,Medium,4,0,15.2,148.0,0
ORD-101963,Bengaluru,Kolkata,Beauty,501.0,2022.5,Economy,Regular,Saturday,December,Cloudy,Medium,1,1,10.2,187.0,1
ORD-100402,Hyderabad,Chandigarh,Groceries,656.0,2044.2,Economy,Regular,Friday,January,Fog,Medium,6,2,6.3,252.0,0
ORD-104585,Chennai,Hyderabad,Clothing,2439.0,660.2,Standard,New,Thursday,June,Rain,High,2,4,23.3,137.0,0
ORD-100169,Delhi,Delhi,Clothing,2364.0,18.2,Economy,New,Wednesday,January,Clear,Medium,4,0,15.3,71.0,0
ORD-100697,Chennai,Delhi,Furniture,12929.0,2141.5,Express,Premium,Wednesday,July,Rain,Medium,1,1,18.7,375.0,1
ORD-105835,Bengaluru,Chennai,Sports,7371.0,365.6,Standard,Regular,Friday,September,Clear,Medium,2,0,17.6,104.0,0
ORD-101380,Delhi,Delhi,Furniture,14979.0,40.0,Standard,New,Wednesday,December,Fog,Low,1,1,20.8,64.0,0
ORD-103371,Hyderabad,Patna,Clothing,1509.0,1331.5,Economy,Regular,Thursday,December,Fog,Low,3,2,8.7,179.0,1
ORD-101882,Chennai,Ahmedabad,Groceries,2058.0,1531.3,Economy,New,Wednesday,January,Fog,Low,5,1,12.1,207.0,0
ORD-100199,Mumbai,Hyderabad,Electronics,10009.0,807.6,Standard,Regular,Tuesday,June,Storm,Medium,1,1,16.6,154.0,1
ORD-104837,Mumbai,Delhi,Clothing,989.0,1505.8,Standard,Regular,Tuesday,September,Storm,Low,4,1,16.6,261.0,1
ORD-104961,Mumbai,Chennai,Clothing,7164.0,1254.1,Economy,New,Thursday,November,Rain,High,2,0,20.4,147.0,1
ORD-101254,Bengaluru,Kochi,Groceries,1166.0,448.7,Economy,Premium,Monday,August,Clear,Medium,4,1,11.4,90.0,1
ORD-103650,Kolkata,Hyderabad,Clothing,1891.0,1505.7,Economy,Regular,Monday,September,Storm,High,2,0,13.1,160.0,0
ORD-102500,Bengaluru,Ahmedabad,Beauty,2664.0,1518.6,Economy,New,Saturday,May,Storm,Medium,3,0,2.4,158.0,0
ORD-104330,Hyderabad,Patna,Electronics,18573.0,1523.6,Standard,Regular,Monday,January,Clear,Medium,1,3,8.6,189.0,0
ORD-102618,Kolkata,Kolkata,Beauty,1926.0,34.3,Economy,Regular,Friday,November,Clear,Medium,2,1,21.1,51.0,0
ORD-104343,Bengaluru,Ahmedabad,Beauty,1483.0,1538.9,Standard,Premium,Friday,August,Cloudy,High,1,1,6.4,174.0,0
ORD-100231,Mumbai,Patna,Electronics,7081.0,1836.3,Express,Regular,Wednesday,May,Clear,Low,1,0,12.4,332.0,0
ORD-105140,Kolkata,Chandigarh,Furniture,13082.0,1697.5,Economy,Regular,Saturday,May,Rain,Low,1,3,28.4,153.0,1
ORD-101034,Hyderabad,Bengaluru,Groceries,493.0,647.4,Economy,Regular,Thursday,December,Clear,,2,3,30.3,105.0,0
ORD-100933,Delhi,Jaipur,Electronics,16515.0,280.2,Express,Premium,Tuesday,January,Cloudy,High,3,1,14.5,167.0,1
ORD-103961,Delhi,Hyderabad,Electronics,8173.0,1623.1,Standard,Regular,Friday,December,Fog,High,2,3,23.1,177.0,1
ORD-101224,Chennai,Bhopal,Home & Kitchen,1429.0,1494.2,Express,Regular,Tuesday,May,Cloudy,High,3,1,14.8,359.0,1
ORD-105677,Mumbai,Coimbatore,Groceries,2952.0,1261.7,Economy,Regular,Tuesday,January,Fog,Medium,8,0,25.4,180.0,1
ORD-103415,Delhi,Nagpur,Books,892.0,1069.9,Economy,Regular,Monday,September,Rain,High,1,1,34.5,114.0,1
ORD-102790,Delhi,Mumbai,Clothing,2243.0,1320.9,Economy,Regular,Monday,December,Fog,Medium,1,1,24.6,136.0,1
ORD-103831,Bengaluru,Mumbai,Books,804.0,1052.1,Economy,Regular,Sunday,May,Clear,High,2,1,14.1,114.0,0
ORD-104420,Bengaluru,Lucknow,Home & Kitchen,5307.0,1974.3,Economy,Regular,Sunday,August,Clear,Medium,4,0,17.0,219.0,1
ORD-100018,Mumbai,Mumbai,Groceries,3703.0,41.8,Economy,New,Thursday,July,Cloudy,High,5,3,10.9,86.0,0
ORD-100394,Chennai,Bhopal,Furniture,25364.0,1364.7,Economy,Regular,Wednesday,August,Clear,Low,1,1,20.1,203.0,0
ORD-101222,Mumbai,Chandigarh,Electronics,18942.0,1622.6,Economy,Premium,Friday,February,Fog,Medium,4,0,33.0,185.0,1
ORD-104605,Chennai,Hyderabad,Groceries,431.0,659.5,Standard,Regular,Tuesday,February,Fog,Medium,4,3,13.1,170.0,1
ORD-105640,Bengaluru,Visakhapatnam,Sports,2100.0,943.7,Express,Regular,Friday,June,Rain,Low,2,0,14.6,276.0,0
ORD-102255,Hyderabad,Kolkata,Electronics,10070.0,1475.3,Standard,Regular,Wednesday,December,Cloudy,Medium,3,0,15.5,244.0,0
ORD-102379,Mumbai,Delhi,Electronics,12088.0,1421.0,Standard,Premium,Monday,December,Cloudy,Low,2,2,25.0,186.0,0
ORD-102092,Kolkata,Bengaluru,Electronics,22382.0,1884.5,Standard,Regular,Friday,December,Fog,Medium,3,1,43.6,258.0,1
ORD-104978,Mumbai,Chennai,Clothing,4406.0,1406.4,Standard,New,Saturday,August,Cloudy,High,3,0,21.2,206.0,1
ORD-102945,Delhi,Mumbai,Beauty,2764.0,1320.4,Express,Regular,Sunday,November,Clear,High,1,1,47.9,235.0,0
ORD-101040,Mumbai,Pune,Groceries,2996.0,158.3,Economy,New,Monday,March,Clear,Low,8,1,19.4,138.0,0
ORD-105334,Mumbai,Delhi,Clothing,2905.0,1387.6,Economy,Regular,Wednesday,November,Rain,Low,5,3,12.5,166.0,0
ORD-102989,Mumbai,Ahmedabad,Sports,6171.0,555.4,Standard,New,Monday,July,Storm,High,3,0,28.3,155.0,0
ORD-102776,Delhi,Chandigarh,Electronics,8788.0,325.0,Standard,New,Sunday,July,Rain,Low,1,2,23.4,86.0,0
ORD-101478,Hyderabad,Chennai,Furniture,3112.0,645.4,Standard,Regular,Saturday,December,Fog,Medium,1,1,32.9,97.0,1
ORD-105587,Bengaluru,Mumbai,Beauty,1337.0,1071.5,Priority,Regular,Thursday,July,Cloudy,Low,2,2,16.8,317.0,0
ORD-103808,Chennai,Bengaluru,Groceries,2383.0,339.2,Express,Premium,Sunday,September,Rain,Medium,11,0,2.7,288.0,0
ORD-100756,Delhi,Bengaluru,Clothing,2723.0,2165.5,Economy,Regular,Monday,September,Cloudy,Medium,4,1,13.2,234.0,1
ORD-103327,Delhi,Indore,Home & Kitchen,3195.0,864.2,Economy,New,Tuesday,November,Rain,Medium,3,2,28.5,123.0,0
ORD-104349,Bengaluru,Delhi,Home & Kitchen,9041.0,2222.8,Economy,Regular,Saturday,November,Clear,High,2,0,21.9,199.0,1
ORD-102300,Chennai,Delhi,Home & Kitchen,3729.0,2138.4,Standard,Premium,Friday,July,Rain,Medium,3,0,14.5,248.0,0
ORD-101653,Delhi,Indore,Electronics,14479.0,846.0,Express,Premium,Friday,November,Clear,Low,3,0,16.9,266.0,0
ORD-102440,Chennai,Chandigarh,Clothing,1750.0,2397.8,Express,Regular,Friday,April,Clear,Low,2,0,11.3,426.0,0
ORD-104594,Mumbai,Hyderabad,Groceries,1772.0,809.6,Economy,Regular,Sunday,March,Cloudy,Low,11,0,3.1,208.0,0
ORD-101213,Bengaluru,Kolkata,Home & Kitchen,8217.0,1872.4,Economy,New,Sunday,October,Clear,Medium,3,0,18.0,235.0,0
ORD-100394,Chennai,Bhopal,Furniture,25364.0,1364.7,Economy,Regular,Wednesday,August,Clear,Low,1,1,20.1,203.0,0
ORD-103484,Bengaluru,Kolkata,Home & Kitchen,3540.0,1906.9,Economy,Premium,Sunday,December,Cloudy,High,1,3,27.4,172.0,1
ORD-100280,Kolkata,Bengaluru,Home & Kitchen,1840.0,1953.8,Express,Regular,Thursday,August,Cloudy,Medium,3,0,10.1,369.0,0
ORD-102651,Hyderabad,Coimbatore,Clothing,1595.0,889.9,Express,Regular,Sunday,November,Clear,Low,2,0,37.4,188.0,0
ORD-103133,Mumbai,Hyderabad,Sports,2639.0,817.7,Express,New,Tuesday,February,Clear,Low,2,0,29.7,226.0,0
ORD-103524,Delhi,Indore,Groceries,4269.0,831.3,Express,Premium,Tuesday,November,Cloudy,Medium,9,1,4.2,359.0,0
ORD-101091,Delhi,Hyderabad,Furniture,4495.0,1597.4,Standard,Regular,Friday,December,Cloudy,High,1,1,36.6,181.0,1
ORD-101200,Chennai,Kolkata,Home & Kitchen,2822.0,1647.3,Economy,Regular,Tuesday,July,Clear,High,1,0,29.1,161.0,1
ORD-101187,Delhi,Chennai,Beauty,672.0,2141.4,Economy,Regular,Wednesday,August,Storm,Medium,2,0,15.0,207.0,1
ORD-100015,Bengaluru,Bengaluru,Electronics,16539.0,22.5,Standard,Premium,Monday,October,Fog,Medium,2,0,26.2,98.0,0
ORD-100880,Bengaluru,Bengaluru,Clothing,3898.0,19.6,Standard,New,Sunday,April,Clear,Low,3,3,15.0,81.0,0
ORD-103335,Delhi,Kolkata,Sports,5292.0,1668.1,Standard,Regular,Friday,October,Clear,High,3,1,21.9,223.0,1
ORD-103257,Mumbai,Indore,Clothing,3448.0,650.9,Express,Regular,Sunday,December,Fog,Low,5,0,30.7,264.0,0
ORD-101546,Delhi,Coimbatore,Groceries,,2654.9,Priority,Regular,Friday,June,Cloudy,Medium,6,2,5.7,906.0,0
ORD-103830,Chennai,Indore,Electronics,7713.0,1461.6,Standard,Premium,Wednesday,March,Cloudy,Low,1,0,14.3,156.0,0
ORD-101182,Mumbai,Hyderabad,Groceries,895.0,843.9,Economy,New,Sunday,March,Clear,Medium,7,1,17.5,164.0,1
ORD-100411,Chennai,Ahmedabad,Sports,11745.0,1739.9,Standard,Regular,Thursday,June,Rain,Low,5,1,8.5,264.0,0
ORD-103672,Bengaluru,Visakhapatnam,Home & Kitchen,5692.0,1017.5,Economy,New,Tuesday,September,Cloudy,Medium,2,0,22.5,138.0,0
ORD-103350,Delhi,Ahmedabad,Sports,5387.0,1014.4,Standard,Regular,Tuesday,February,Cloudy,Medium,3,0,,182.0,0
ORD-103568,Bengaluru,Mumbai,Groceries,2907.0,1022.6,Standard,Regular,Saturday,October,Cloudy,High,9,2,25.1,254.0,0
ORD-105454,Mumbai,Bengaluru,Books,1602.0,1065.9,Economy,Regular,Friday,May,Clear,Low,4,1,5.8,135.0,0
ORD-100531,Chennai,Chennai,Electronics,19251.0,14.7,Economy,New,Thursday,November,Rain,Low,1,0,14.0,52.0,0
ORD-100066,Bengaluru,Nagpur,Sports,3331.0,1144.6,Priority,Regular,Friday,September,Rain,Medium,3,0,11.5,416.0,0
ORD-103625,Chennai,Mumbai,Beauty,3373.0,1162.6,Express,Regular,Friday,November,Clear,High,4,0,16.0,324.0,0
ORD-102601,Delhi,Indore,Electronics,14861.0,822.1,Priority,Premium,Saturday,February,Fog,Medium,1,1,36.3,292.0,1
ORD-101104,Kolkata,Bengaluru,Clothing,4938.0,1860.6,Economy,New,Thursday,August,Clear,High,2,1,13.2,156.0,1
ORD-101877,Delhi,Kolkata,Sports,2441.0,1698.4,Economy,Regular,Friday,January,Fog,High,1,1,11.0,178.0,0
ORD-103758,Delhi,Indore,Clothing,4197.0,861.7,Economy,Regular,Tuesday,September,Clear,Medium,6,1,20.8,182.0,0
ORD-100352,Mumbai,Pune,Groceries,3027.0,139.3,Priority,Premium,Friday,June,Cloudy,,3,0,13.5,170.0,0
ORD-104087,Bengaluru,Kolkata,Electronics,16523.0,1964.4,Economy,Regular,Wednesday,January,Fog,Low,3,1,25.1,206.0,0
ORD-103097,Mumbai,Hyderabad,Furniture,26686.0,735.1,Standard,Regular,Friday,December,Fog,High,1,0,37.0,,1
ORD-104994,Delhi,Chandigarh,Electronics,8865.0,294.9,Economy,New,Tuesday,July,Rain,High,2,0,29.8,77.0,1
ORD-101667,Kolkata,Mumbai,Furniture,10131.0,2067.4,Express,New,Saturday,August,Rain,Medium,1,0,31.8,380.0,1
ORD-105714,Chennai,Delhi,Sports,2929.0,2231.6,Express,Premium,Thursday,July,Rain,Medium,2,1,39.8,399.0,0
ORD-104040,Kolkata,Indore,Beauty,1389.0,1536.9,Priority,Premium,Tuesday,January,Fog,Medium,2,0,25.3,341.0,1
ORD-102119,Mumbai,Delhi,Clothing,3766.0,1467.9,Economy,Regular,Sunday,January,Fog,High,1,0,6.4,164.0,1
ORD-105899,Bengaluru,Delhi,Sports,1529.0,2208.7,Standard,Regular,Thursday,April,Cloudy,Medium,2,1,14.5,306.0,1
ORD-100089,Mumbai,Delhi,Beauty,1302.0,1438.5,Standard,New,Sunday,October,Cloudy,Low,1,0,16.9,190.0,0
ORD-105378,Chennai,Coimbatore,Electronics,8041.0,540.5,Standard,Premium,Wednesday,July,Cloudy,Low,4,1,9.9,122.0,0
ORD-105908,Chennai,Mumbai,Beauty,1626.0,1222.2,Standard,Premium,Monday,November,Cloudy,High,1,0,17.8,140.0,0
ORD-101514,Chennai,Kolkata,Electronics,28349.0,1612.3,Priority,Regular,Tuesday,October,Rain,Medium,2,0,18.5,483.0,0
ORD-101563,Hyderabad,Bengaluru,Home & Kitchen,2094.0,627.3,Economy,Regular,Monday,July,Cloudy,Medium,2,0,6.4,91.0,0
ORD-105751,Mumbai,Nagpur,Beauty,4183.0,859.4,Standard,Regular,Wednesday,August,Clear,Low,4,0,22.5,184.0,0
ORD-100623,Hyderabad,Ahmedabad,Furniture,7260.0,1035.4,Economy,Regular,Thursday,March,Clear,Low,1,0,24.3,148.0,0
ORD-101621,Mumbai,Coimbatore,Sports,6080.0,1245.8,Express,Regular,Friday,November,Clear,Medium,3,1,20.8,310.0,0
ORD-101738,Mumbai,Hyderabad,Groceries,3788.0,705.1,Express,Premium,Sunday,November,Rain,Medium,6,0,13.8,251.0,0
ORD-104185,Hyderabad,Bengaluru,Clothing,12804.0,638.5,Standard,Regular,Sunday,March,Clear,Medium,4,0,7.1,164.0,0
ORD-105446,Delhi,Ahmedabad,Clothing,5362.0,988.1,Standard,Regular,Sunday,July,Cloudy,Medium,4,0,42.9,185.0,0
ORD-101874,Hyderabad,Bengaluru,Furniture,12799.0,628.1,Standard,Regular,Saturday,September,Rain,Low,2,2,19.5,129.0,0
ORD-104999,Delhi,Jaipur,Books,388.0,308.2,Standard,Premium,Monday,July,Cloudy,Low,2,0,13.4,72.0,0
ORD-102524,Chennai,Delhi,Electronics,13076.0,2080.4,Economy,Regular,Saturday,July,Rain,Medium,1,1,11.4,215.0,1
ORD-105924,Delhi,Mumbai,Books,306.0,1471.7,Economy,Regular,Wednesday,August,Cloudy,High,1,0,8.4,132.0,0
ORD-100421,Chennai,Delhi,Beauty,2222.0,2208.9,Economy,Regular,Saturday,December,Clear,Medium,1,1,17.0,202.0,1
ORD-100908,Mumbai,Mumbai,Clothing,2491.0,34.0,Standard,Regular,Saturday,June,Clear,High,3,0,11.6,78.0,0
ORD-105542,Bengaluru,Bengaluru,Electronics,36072.0,14.6,Express,Regular,Thursday,August,Cloudy,Medium,2,2,10.4,166.0,0
ORD-100374,Delhi,Kolkata,Sports,9633.0,1653.9,Economy,New,Tuesday,August,Clear,Medium,1,0,19.9,203.0,0
ORD-104355,Hyderabad,Hyderabad,Home & Kitchen,10155.0,34.3,Standard,Regular,Thursday,February,Clear,Medium,2,0,13.3,73.0,0
ORD-100692,Hyderabad,Bengaluru,Home & Kitchen,5038.0,631.2,Standard,New,Wednesday,August,Rain,High,2,1,24.6,133.0,1
ORD-101663,Kolkata,Kolkata,Sports,2608.0,42.5,Standard,Premium,Sunday,August,Cloudy,High,1,0,11.0,41.0,0
ORD-103209,Mumbai,Chennai,Groceries,1174.0,1237.6,Express,Premium,Saturday,September,Rain,Medium,5,0,34.4,324.0,1
ORD-100784,Bengaluru,Bengaluru,Sports,3164.0,26.7,Express,Regular,Saturday,November,Rain,Medium,3,4,27.2,118.0,1
ORD-100627,Kolkata,Kolkata,Books,798.0,27.2,Standard,Premium,Friday,November,Clear,Low,2,2,5.6,60.0,0
ORD-103472,Bengaluru,Bengaluru,Groceries,956.0,22.9,Standard,Regular,Friday,February,Clear,Medium,3,1,8.1,70.0,0
ORD-105405,Bengaluru,Kochi,Beauty,4469.0,458.9,Standard,Regular,Thursday,July,Clear,High,3,1,29.8,134.0,0
ORD-105228,Mumbai,Lucknow,Furniture,10650.0,1493.7,Economy,Regular,Wednesday,February,Clear,Low,1,0,22.0,157.0,0
ORD-101145,Delhi,Nagpur,Electronics,4133.0,1094.9,Standard,New,Tuesday,January,Fog,Medium,2,0,8.5,179.0,0
ORD-104388,Mumbai,Kochi,Groceries,722.0,1340.8,Standard,Regular,Thursday,November,Rain,Low,5,0,14.4,215.0,0
ORD-100182,Hyderabad,Indore,Home & Kitchen,6968.0,832.9,Priority,Premium,Tuesday,April,Cloudy,Medium,4,0,11.5,412.0,0
ORD-100562,Delhi,Delhi,Clothing,6733.0,20.6,Standard,Regular,Wednesday,November,Fog,Medium,2,1,28.5,56.0,0
ORD-103602,Mumbai,Chandigarh,Home & Kitchen,10856.0,1701.7,Express,Regular,Wednesday,December,Clear,High,3,0,32.4,380.0,0
ORD-104471,Hyderabad,Chennai,Home & Kitchen,4693.0,643.0,Express,Regular,Saturday,February,Rain,Low,2,1,16.5,181.0,0
ORD-100600,Chennai,Delhi,Groceries,1335.0,2055.0,Priority,Regular,Friday,November,Clear,Low,7,0,8.9,652.0,0
ORD-101189,Mumbai,Bhopal,Home & Kitchen,6864.0,845.4,Standard,New,Monday,June,Rain,Medium,3,0,22.1,174.0,0
ORD-105614,Chennai,Mumbai,Home & Kitchen,3144.0,1315.3,Standard,Regular,Tuesday,March,Cloudy,Low,4,1,22.7,181.0,0
ORD-105752,Delhi,Bengaluru,Electronics,13348.0,2227.0,Economy,New,Saturday,November,Clear,Medium,2,0,36.1,220.0,1
ORD-101269,Bengaluru,Patna,Home & Kitchen,7919.0,2045.1,Express,Regular,Thursday,March,Clear,Low,3,1,7.6,382.0,0
ORD-100535,Mumbai,Hyderabad,Home & Kitchen,7152.0,795.4,Standard,Premium,Saturday,October,Clear,Medium,3,1,12.0,133.0,0
ORD-102875,Mumbai,Ahmedabad,Home & Kitchen,4444.0,560.2,Economy,Regular,Thursday,June,Rain,Low,4,2,7.3,119.0,1
ORD-103545,Delhi,Kochi,Sports,4545.0,2434.6,Standard,Premium,Monday,February,Fog,High,6,1,15.5,278.0,1
ORD-103036,Chennai,Chennai,Books,802.0,8.3,Express,Premium,Sunday,October,Cloudy,Medium,4,1,14.4,140.0,1
ORD-105096,Bengaluru,Mumbai,Clothing,3351.0,1082.5,Standard,Regular,Thursday,January,Cloudy,Medium,2,1,10.6,176.0,0
ORD-101499,Delhi,Kolkata,Home & Kitchen,1723.0,1573.8,Express,Premium,Friday,April,Clear,Low,2,1,26.3,273.0,1
ORD-104255,Kolkata,Kolkata,Beauty,7983.0,14.6,Standard,Regular,Sunday,March,Cloudy,Medium,5,0,23.0,136.0,0
ORD-104202,Kolkata,Mumbai,Groceries,5406.0,1955.5,Standard,Regular,Friday,September,Storm,High,6,1,14.3,316.0,0
ORD-104375,Bengaluru,Lucknow,Electronics,8080.0,1809.4,Standard,Regular,Tuesday,April,Cloudy,Low,1,1,9.8,218.0,0
ORD-103358,Bengaluru,Kolkata,Clothing,3141.0,1973.8,Economy,New,Tuesday,July,Cloudy,Low,4,1,29.6,179.0,1
ORD-103933,Bengaluru,Hyderabad,Home & Kitchen,2280.0,651.9,Economy,Regular,Friday,July,Rain,High,2,1,20.6,107.0,1
ORD-102657,Delhi,Chandigarh,Electronics,17056.0,302.9,Economy,Regular,Wednesday,February,Fog,Medium,4,1,23.0,127.0,1
ORD-102510,Chennai,Nagpur,Home & Kitchen,1464.0,1110.2,Standard,New,Friday,May,Cloudy,Low,1,0,11.0,147.0,0
ORD-102756,Kolkata,Chennai,Home & Kitchen,2419.0,1694.6,Economy,Regular,Sunday,December,Fog,High,2,1,37.6,165.0,1
ORD-105471,Chennai,Delhi,Furniture,7191.0,2083.8,Economy,Regular,Thursday,May,Clear,Medium,1,0,18.8,177.0,1
ORD-101895,Delhi,Delhi,Furniture,25219.0,14.3,Standard,Regular,Wednesday,June,Clear,High,2,0,40.6,100.0,1
ORD-105381,Mumbai,Kolkata,Sports,4355.0,2110.8,Standard,New,Saturday,October,Clear,Low,1,1,23.2,225.0,1
ORD-104404,Delhi,Kochi,Home & Kitchen,5042.0,2581.0,Express,New,Friday,February,Clear,Medium,2,0,16.8,524.0,1
ORD-100016,Delhi,Bengaluru,Groceries,5259.0,2283.2,Express,New,Tuesday,November,Clear,,6,0,16.3,526.0,0
ORD-105479,Bengaluru,Mumbai,Clothing,1740.0,1019.0,Standard,Regular,Wednesday,December,Clear,High,2,1,8.8,138.0,1
ORD-100684,Bengaluru,Mumbai,Sports,,1009.5,Express,New,Tuesday,July,Clear,High,3,2,4.4,290.0,0
ORD-103949,Kolkata,Kolkata,Beauty,3813.0,17.1,Standard,Premium,Saturday,January,Clear,Low,1,1,14.5,57.0,0
ORD-103894,Bengaluru,Patna,Electronics,12693.0,2018.3,Express,Regular,Monday,January,Clear,Low,3,0,8.0,399.0,0
ORD-103067,Delhi,Delhi,Beauty,1150.0,38.6,Standard,Regular,Thursday,December,Fog,High,1,1,17.0,49.0,0
ORD-102604,Chennai,Visakhapatnam,Furniture,17909.0,663.2,Standard,Premium,Tuesday,June,Rain,Low,1,0,32.7,114.0,0
ORD-101484,Delhi,Mumbai,Clothing,1093.0,1455.3,Priority,Premium,Friday,August,Clear,Medium,2,0,18.4,407.0,0
ORD-105884,Hyderabad,Pune,Clothing,2754.0,609.0,Economy,New,Thursday,September,Rain,Medium,3,0,25.2,105.0,0
ORD-101346,Bengaluru,Indore,Clothing,1048.0,1534.9,Economy,Regular,Friday,June,Cloudy,Low,4,0,11.7,156.0,0
ORD-103822,Chennai,Patna,Sports,1220.0,1768.2,Express,Regular,Monday,December,Fog,Medium,3,1,5.1,376.0,0
ORD-101322,Bengaluru,Ahmedabad,Electronics,,1574.2,Express,Regular,Tuesday,February,Clear,Medium,1,0,18.5,311.0,0
ORD-104957,Kolkata,Pune,Groceries,1829.0,1974.8,Standard,Premium,Tuesday,November,Clear,Low,1,0,25.9,219.0,1
ORD-104155,Bengaluru,Delhi,Electronics,16738.0,2147.8,Economy,Regular,Sunday,September,Rain,Medium,1,0,16.7,232.0,0
ORD-103820,Kolkata,Patna,Clothing,2202.0,629.0,Standard,Regular,Friday,December,Cloudy,Low,2,1,25.1,120.0,0
ORD-102358,Bengaluru,Bengaluru,Clothing,2403.0,43.7,Express,Regular,Wednesday,October,Cloudy,Medium,3,0,23.9,140.0,0
ORD-105032,Kolkata,Chennai,Beauty,1287.0,1788.4,Standard,New,Monday,May,Clear,High,1,0,8.4,208.0,1
ORD-101058,Mumbai,Bhopal,Beauty,1242.0,831.7,Express,Premium,Sunday,June,,High,2,0,12.9,187.0,0
ORD-101860,Delhi,Lucknow,Sports,7583.0,532.9,Standard,Regular,Wednesday,March,Rain,Medium,3,0,21.0,124.0,0
ORD-104237,Delhi,Mumbai,Groceries,2490.0,1527.6,Express,Regular,Friday,May,Rain,Medium,8,0,2.8,392.0,0
ORD-101449,Chennai,Hyderabad,Home & Kitchen,3292.0,639.4,Standard,Regular,Tuesday,April,Clear,High,2,0,10.0,128.0,0
ORD-105124,Bengaluru,Bengaluru,Clothing,891.0,44.5,Economy,Regular,Monday,June,Clear,Medium,1,1,1.5,32.0,0
ORD-102032,Bengaluru,Delhi,Beauty,2060.0,2137.2,Standard,New,Saturday,October,Clear,Medium,3,0,7.1,230.0,0
ORD-103313,Bengaluru,Chennai,Groceries,940.0,368.5,Economy,Regular,Friday,April,Clear,Medium,5,0,1.0,113.0,0
ORD-101331,Kolkata,Chennai,Home & Kitchen,4099.0,1820.5,Standard,Premium,Friday,September,Cloudy,Medium,4,2,13.9,221.0,0
ORD-100711,Hyderabad,Bhopal,Groceries,2329.0,857.3,Standard,New,Tuesday,May,Clear,Medium,6,0,10.3,230.0,0
ORD-100009,Mumbai,Mumbai,Furniture,20767.0,36.3,Standard,Premium,Sunday,June,Rain,Medium,1,0,38.4,67.0,0
ORD-101943,Delhi,Kolkata,Books,607.0,1635.4,Priority,Premium,Saturday,November,,Medium,1,0,24.2,499.0,0
ORD-105214,Hyderabad,Bengaluru,Electronics,7317.0,606.3,Standard,New,Thursday,March,Cloudy,High,2,0,16.7,112.0,0
ORD-104927,Mumbai,Jaipur,Furniture,5423.0,1215.8,Standard,Regular,Wednesday,November,Cloudy,High,1,0,43.8,168.0,1
ORD-102216,Mumbai,Bengaluru,Books,418.0,1071.9,Express,Premium,Sunday,January,Fog,Medium,1,2,18.9,242.0,0
ORD-103616,Chennai,Hyderabad,Clothing,2012.0,657.6,Priority,Premium,Friday,December,Storm,Medium,5,0,29.2,328.0,0
ORD-100550,Delhi,Chennai,Clothing,4281.0,2192.4,Standard,New,Sunday,December,Clear,Medium,4,0,34.2,270.0,0
ORD-104704,Delhi,Kolkata,Electronics,9679.0,1701.7,Standard,Premium,Thursday,November,Rain,Medium,1,0,25.7,195.0,0
ORD-105416,Bengaluru,Lucknow,Books,676.0,2016.6,Economy,New,Saturday,October,Fog,Low,2,1,8.1,190.0,0
ORD-101521,Delhi,Bengaluru,Furniture,16448.0,2277.8,Standard,Regular,Wednesday,November,Clear,Medium,1,1,41.2,278.0,1
ORD-100427,Delhi,Bengaluru,Sports,6411.0,2042.8,Standard,Regular,Tuesday,November,Clear,High,3,0,12.1,273.0,1
ORD-100034,Delhi,Ahmedabad,Clothing,1156.0,959.5,Economy,Regular,Sunday,September,Cloudy,Medium,1,1,4.2,101.0,0
ORD-103955,Mumbai,Kolkata,Books,1473.0,2147.8,Standard,Premium,Monday,July,Rain,Low,4,0,4.0,258.0,0
ORD-100045,Kolkata,Indore,Furniture,,1591.7,Priority,Regular,Saturday,August,Rain,Low,2,0,21.8,458.0,1
ORD-103219,Delhi,Mumbai,Clothing,4391.0,1500.6,Priority,Premium,Friday,April,Cloudy,High,4,2,21.3,473.0,1
ORD-105199,Chennai,Bhopal,Home & Kitchen,1625.0,1520.2,Standard,Premium,Saturday,June,Clear,Low,3,2,13.8,175.0,0
ORD-101497,Kolkata,Coimbatore,Clothing,1708.0,2169.2,Express,Premium,Sunday,August,Cloudy,Low,2,0,6.7,366.0,0
ORD-102058,Bengaluru,Coimbatore,Furniture,9120.0,276.7,Economy,Regular,Monday,November,Clear,Low,1,2,32.8,64.0,1
ORD-102099,Mumbai,Hyderabad,Clothing,3300.0,719.3,Standard,Regular,Saturday,April,Storm,High,5,0,6.1,168.0,0
ORD-105952,Bengaluru,Hyderabad,Electronics,15388.0,638.8,Express,Premium,Friday,October,Clear,High,1,0,21.4,195.0,0
ORD-102599,Hyderabad,Hyderabad,Sports,6024.0,27.3,Standard,Regular,Saturday,June,Clear,Low,5,1,25.0,104.0,0
ORD-103797,Chennai,Ahmedabad,Clothing,6836.0,1830.1,Express,Premium,Thursday,October,Clear,Low,2,1,9.8,345.0,0
ORD-102634,Chennai,Kolkata,Sports,1607.0,1670.3,Standard,New,Tuesday,May,Rain,Medium,3,0,15.0,199.0,0
ORD-100064,Kolkata,Delhi,Clothing,6145.0,1701.3,Economy,Regular,Thursday,August,Rain,Medium,2,0,15.8,143.0,0
ORD-101733,Chennai,Delhi,Furniture,7457.0,2252.0,Express,Premium,Monday,April,Fog,High,1,1,19.8,337.0,1
ORD-102772,Kolkata,Visakhapatnam,Electronics,20868.0,997.9,Standard,Regular,Wednesday,August,Rain,Low,3,0,13.9,191.0,0
ORD-103660,Mumbai,Delhi,Electronics,17892.0,1469.3,Priority,Premium,Wednesday,August,Cloudy,High,2,0,10.2,435.0,0
ORD-104903,Mumbai,Delhi,Groceries,,1505.9,Standard,New,Wednesday,January,Fog,Low,6,0,14.8,221.0,0
ORD-103626,Bengaluru,Kolkata,Electronics,32260.0,2031.7,Economy,Regular,Saturday,October,Fog,Medium,3,1,20.5,221.0,1
ORD-102299,Mumbai,Ahmedabad,Electronics,51972.0,536.9,Standard,Regular,Wednesday,February,Fog,Medium,6,0,34.8,227.0,0
ORD-101028,Delhi,Chennai,Home & Kitchen,4744.0,2157.8,Economy,Regular,Tuesday,March,Rain,High,3,2,20.0,202.0,1
ORD-102068,Hyderabad,Delhi,Electronics,6473.0,1620.0,Economy,New,Thursday,April,Cloudy,Low,1,0,17.9,167.0,0
ORD-104603,Hyderabad,Nagpur,Clothing,4399.0,548.5,Standard,Regular,Friday,July,Cloudy,Low,3,0,4.9,125.0,0
ORD-100894,Mumbai,Chennai,Groceries,2615.0,1340.8,Economy,Regular,Sunday,February,Cloudy,Medium,5,1,13.2,168.0,0
ORD-104890,Hyderabad,Bengaluru,Clothing,1963.0,665.0,Express,Premium,Monday,May,Cloudy,Medium,2,1,23.8,172.0,0
ORD-103806,Mumbai,Nagpur,Sports,14976.0,896.7,Standard,Regular,Saturday,September,Clear,Low,3,0,14.7,187.0,0
ORD-100626,Delhi,Patna,Electronics,36524.0,1044.3,Standard,New,Wednesday,January,Cloudy,Low,2,1,19.6,207.0,0
ORD-100673,Hyderabad,Indore,Beauty,417.0,821.1,Express,Regular,Monday,November,Clear,Medium,4,0,44.3,221.0,0
ORD-104281,Mumbai,Kolkata,Home & Kitchen,16101.0,1999.9,Economy,New,Saturday,March,Clear,Medium,4,1,6.4,252.0,0
ORD-103323,Chennai,Bhopal,Clothing,2389.0,1435.0,Standard,Regular,Tuesday,December,Cloudy,Medium,2,1,22.8,200.0,0
ORD-104341,Mumbai,Mumbai,Home & Kitchen,13887.0,27.8,Standard,Premium,Saturday,April,Clear,Medium,5,0,8.3,110.0,1
ORD-101245,Delhi,Hyderabad,Electronics,105922.0,1646.4,Standard,Regular,Wednesday,August,Clear,Medium,2,1,26.5,367.0,0
ORD-101371,Mumbai,Coimbatore,Books,936.0,1262.9,Economy,Regular,Monday,October,Cloudy,Medium,2,1,26.7,141.0,1
ORD-104658,Mumbai,Mumbai,Home & Kitchen,1763.0,15.7,Standard,Regular,Thursday,November,Clear,High,4,2,18.0,84.0,1
ORD-103185,Mumbai,Mumbai,Sports,2914.0,44.2,Standard,Regular,Monday,February,Fog,Medium,4,0,17.2,83.0,0
ORD-102858,Delhi,Pune,Clothing,5451.0,1491.4,Express,Regular,Saturday,February,Fog,Low,4,3,9.9,307.0,0
ORD-102293,Bengaluru,Hyderabad,Furniture,10494.0,638.3,Express,Regular,Sunday,October,Clear,Low,1,0,70.2,176.0,1
ORD-103917,Bengaluru,Jaipur,Groceries,1783.0,1836.4,Priority,Regular,Tuesday,June,Clear,Medium,3,0,17.6,604.0,0
ORD-101177,Bengaluru,Bengaluru,Groceries,1527.0,26.5,Priority,Regular,Saturday,April,Cloudy,Low,4,0,19.4,204.0,0
ORD-104077,Chennai,Jaipur,Clothing,1842.0,2114.6,Economy,Regular,Wednesday,February,Clear,,1,0,21.3,203.0,0
ORD-100812,Mumbai,Chennai,Home & Kitchen,7204.0,1315.9,Standard,Regular,Thursday,December,Cloudy,Medium,2,2,15.2,197.0,0
ORD-104462,Delhi,Kolkata,Electronics,6584.0,1673.5,Economy,Regular,Thursday,February,Fog,Medium,2,0,21.2,173.0,1
ORD-103754,Chennai,Ahmedabad,Groceries,1596.0,1770.7,Express,Regular,Friday,May,Storm,Low,6,0,3.6,372.0,1
ORD-100474,Mumbai,Jaipur,Groceries,1209.0,1218.9,Standard,Regular,Monday,March,Fog,Low,2,1,2.8,175.0,0
ORD-102346,Mumbai,Indore,Furniture,49861.0,611.7,Economy,Regular,Sunday,April,Clear,Low,2,0,22.3,140.0,0
ORD-105964,Delhi,Chennai,Beauty,1451.0,2209.7,Express,New,Friday,June,Clear,High,2,1,8.8,498.0,1
ORD-100298,Kolkata,Kolkata,Clothing,,9.5,Standard,Regular,Sunday,April,Rain,Low,1,2,8.2,58.0,0
ORD-100304,Bengaluru,Bhopal,Sports,2850.0,1409.4,Standard,Premium,Sunday,December,Storm,Low,2,1,5.7,163.0,0
ORD-100813,Hyderabad,Delhi,Home & Kitchen,9228.0,1688.8,Standard,New,Thursday,October,Cloudy,Medium,4,1,13.7,226.0,0
ORD-105551,Delhi,Bhopal,Groceries,2857.0,801.1,Standard,Premium,Monday,January,Fog,Low,7,1,14.9,162.0,0
ORD-102389,Chennai,Hyderabad,Electronics,10322.0,635.0,Express,Regular,Wednesday,April,Clear,Medium,2,1,15.9,213.0,0
ORD-103308,Mumbai,Pune,Beauty,1888.0,146.2,Express,Premium,Sunday,May,Cloudy,Medium,2,1,5.8,120.0,0
ORD-104036,Delhi,Pune,Books,694.0,1448.2,Priority,Regular,Sunday,January,Clear,Low,1,1,12.9,416.0,0
ORD-101098,Kolkata,Delhi,Clothing,1877.0,1583.2,Express,Regular,Monday,February,Fog,Medium,4,3,11.2,408.0,0
ORD-103054,Kolkata,Mumbai,Clothing,2816.0,1944.1,Standard,Regular,Monday,July,Rain,Low,1,0,24.7,231.0,1
ORD-101262,Delhi,Mumbai,Clothing,1240.0,1539.1,Express,Premium,Wednesday,November,Rain,High,4,0,19.2,352.0,1
ORD-100241,Kolkata,Kolkata,Clothing,2808.0,32.9,Express,Premium,Tuesday,January,Cloudy,High,3,0,24.9,,0
ORD-102848,Mumbai,Kochi,Electronics,12106.0,1309.1,Standard,Regular,Friday,September,Cloudy,Medium,2,2,32.7,169.0,1
ORD-101840,Chennai,Coimbatore,Home & Kitchen,3835.0,531.7,Priority,Premium,Wednesday,November,Cloudy,Low,2,0,,216.0,0
ORD-103470,Hyderabad,Chennai,Beauty,1660.0,643.6,Standard,Regular,Monday,December,Clear,High,2,1,14.0,117.0,0
ORD-101917,Chennai,Patna,Groceries,1064.0,1786.3,Standard,Regular,Thursday,February,Rain,Medium,2,1,41.3,195.0,0
ORD-105658,Kolkata,Kolkata,Furniture,10064.0,22.3,Economy,Regular,Monday,January,Fog,High,1,0,25.6,46.0,1
ORD-101176,Chennai,Ahmedabad,Beauty,2452.0,1770.5,Priority,Premium,Friday,July,Clear,Medium,1,1,16.6,435.0,0
ORD-102407,Bengaluru,Chandigarh,Home & Kitchen,4910.0,2686.9,Priority,Regular,Wednesday,January,Fog,Low,3,0,8.9,740.0,0
ORD-104425,Bengaluru,Kochi,Home & Kitchen,5477.0,469.7,Economy,New,Thursday,January,Fog,Medium,1,0,22.6,80.0,0
ORD-102821,Delhi,Delhi,Groceries,858.0,9.6,Standard,Regular,Friday,March,Clear,High,3,2,13.8,74.0,0
ORD-103681,Chennai,Jaipur,Beauty,942.0,2004.1,Express,Premium,Monday,February,Fog,Medium,1,0,6.3,340.0,0
ORD-102847,Delhi,Mumbai,Beauty,1763.0,1525.0,Standard,Regular,Wednesday,May,Cloudy,High,2,0,6.3,195.0,1
ORD-104002,Delhi,Lucknow,Groceries,931.0,496.0,Express,Regular,Thursday,December,Cloudy,Medium,6,2,17.8,222.0,0
ORD-105767,Delhi,Kochi,Home & Kitchen,4313.0,2633.0,Economy,New,Saturday,February,Fog,Low,2,2,13.5,221.0,0
ORD-101426,Delhi,Chandigarh,Sports,5412.0,298.6,Economy,Regular,Wednesday,December,Storm,Low,3,3,25.9,77.0,1
ORD-102789,Hyderabad,Coimbatore,Groceries,2167.0,897.7,Standard,New,Wednesday,August,Storm,High,10,0,5.0,264.0,0
ORD-105468,Mumbai,Delhi,Furniture,44574.0,1409.0,Standard,Premium,Tuesday,May,Clear,Medium,1,0,28.9,212.0,0
ORD-100334,Kolkata,Hyderabad,Beauty,3583.0,1516.0,Standard,Premium,Friday,August,Rain,High,3,2,16.6,145.0,1
ORD-100806,Mumbai,Mumbai,Furniture,4693.0,16.0,Express,New,Saturday,May,Clear,Medium,1,0,15.8,96.0,0
ORD-101889,Kolkata,Kolkata,Groceries,1272.0,33.7,Standard,Regular,Tuesday,January,Fog,High,6,3,16.9,98.0,1
ORD-104310,Chennai,Bhopal,Books,960.0,1395.5,Express,New,Saturday,January,Cloudy,Medium,2,1,12.6,254.0,1
ORD-103389,Delhi,Chennai,Beauty,828.0,2150.5,Standard,Regular,Monday,March,Clear,High,1,0,6.6,225.0,1
ORD-101489,Hyderabad,Bhopal,Groceries,9040.0,787.3,Express,Regular,Wednesday,November,Clear,High,8,3,2.0,327.0,0
ORD-104624,Hyderabad,Jaipur,Groceries,896.0,1452.7,Standard,New,Tuesday,November,Cloudy,Medium,6,0,6.2,247.0,0
ORD-103683,Delhi,Pune,Sports,1364.0,1479.6,Express,Regular,Saturday,October,Cloudy,High,1,1,27.0,300.0,1
ORD-105005,Mumbai,Lucknow,Clothing,2147.0,1488.0,Standard,New,Sunday,March,Clear,Low,2,0,13.6,217.0,0
ORD-103483,Kolkata,Visakhapatnam,Home & Kitchen,1568.0,877.1,Economy,Regular,Thursday,October,Clear,Medium,2,0,14.4,104.0,0
ORD-105655,Delhi,Chennai,Beauty,945.0,2167.6,Express,Premium,Tuesday,December,Fog,Low,2,0,13.1,387.0,0
ORD-104940,Mumbai,Pune,Electronics,15756.0,154.5,Standard,Regular,Tuesday,August,Cloudy,Medium,2,2,12.8,100.0,0
ORD-100248,Delhi,Visakhapatnam,Beauty,2612.0,1756.6,Economy,New,Wednesday,October,Clear,Low,2,0,33.3,193.0,1
ORD-101922,Delhi,Delhi,Home & Kitchen,2195.0,26.8,Standard,Regular,Wednesday,May,Storm,Low,1,2,9.9,46.0,0
ORD-105355,Hyderabad,Hyderabad,Clothing,5324.0,30.7,Standard,Premium,Saturday,July,Cloudy,High,6,0,20.1,103.0,0
ORD-102134,Hyderabad,Mumbai,Electronics,10024.0,771.5,Express,New,Thursday,December,Fog,Medium,2,1,12.7,254.0,0
ORD-101756,Bengaluru,Patna,Books,1031.0,1880.3,Standard,New,Friday,August,Clear,Medium,1,1,10.4,241.0,0
ORD-104727,Kolkata,Lucknow,Electronics,6500.0,1184.8,Standard,New,Sunday,October,Cloudy,Medium,2,0,27.8,183.0,0
ORD-102351,Mumbai,Patna,Electronics,20605.0,1779.9,Express,Regular,Sunday,November,Fog,Low,4,1,15.9,427.0,0
ORD-103627,Hyderabad,Chennai,Clothing,1070.0,627.7,Standard,New,Monday,December,Fog,Low,5,0,13.6,117.0,0
ORD-102844,Delhi,Kochi,Electronics,6005.0,2631.2,Express,Premium,Monday,April,Rain,Medium,1,1,27.4,439.0,1
ORD-105338,Chennai,Hyderabad,Groceries,2741.0,636.1,Economy,New,Monday,April,Cloudy,High,5,3,6.9,138.0,0
ORD-102553,Chennai,Mumbai,Home & Kitchen,3086.0,1261.8,Economy,New,Monday,July,Cloudy,Low,4,0,15.7,167.0,0
ORD-102415,Bengaluru,Bengaluru,Clothing,3362.0,11.1,Standard,Regular,Saturday,February,Fog,High,5,0,4.0,99.0,0
ORD-104635,Chennai,Kolkata,Home & Kitchen,4760.0,1614.2,Economy,Regular,Thursday,October,Clear,High,2,0,14.1,201.0,0
ORD-101500,Chennai,Ahmedabad,Electronics,21940.0,1758.0,Express,Premium,Saturday,April,Clear,Low,1,1,19.7,296.0,0
ORD-104908,Mumbai,Ahmedabad,Books,508.0,552.8,Express,Regular,Friday,April,,High,2,0,5.6,197.0,0
ORD-105705,Bengaluru,Bengaluru,Clothing,1831.0,38.4,Standard,New,Tuesday,September,Cloudy,High,2,3,22.9,69.0,1
ORD-100599,Hyderabad,Bengaluru,Groceries,2003.0,600.9,Standard,Regular,Sunday,December,Storm,Low,7,1,30.7,168.0,0
ORD-103980,Chennai,Bhopal,Furniture,15046.0,1549.0,Standard,Regular,Friday,June,Rain,Low,3,1,36.0,245.0,0
ORD-100316,Delhi,Indore,Sports,5233.0,840.3,Standard,New,Wednesday,August,Clear,Medium,4,1,18.5,167.0,0
ORD-102009,Mumbai,Nagpur,Clothing,2385.0,857.4,Economy,Regular,Tuesday,April,Cloudy,Medium,1,3,3.4,100.0,0
ORD-101351,Kolkata,Ahmedabad,Groceries,600.0,1866.5,Priority,Premium,Wednesday,August,Cloudy,Medium,5,1,6.9,595.0,0
ORD-100150,Mumbai,Lucknow,Electronics,10269.0,1505.8,Standard,Regular,Saturday,October,Rain,Medium,2,2,29.9,208.0,1
ORD-101303,Chennai,Patna,Groceries,4159.0,1782.1,Economy,Regular,Sunday,December,Fog,Medium,9,2,6.2,239.0,1
ORD-104797,Mumbai,Chandigarh,Sports,13234.0,1805.3,Economy,Regular,Monday,August,Rain,Medium,4,0,7.5,200.0,0
ORD-100291,Kolkata,Lucknow,Books,2874.0,1192.7,Standard,Regular,Wednesday,November,Clear,Medium,2,1,15.4,187.0,0
ORD-100454,Mumbai,Chennai,Groceries,1584.0,1232.9,Economy,Regular,Wednesday,December,Fog,Low,5,0,12.1,138.0,0
ORD-103607,Mumbai,Indore,Electronics,19252.0,567.0,Standard,New,Sunday,July,Clear,Low,1,0,8.3,131.0,0
ORD-101050,Delhi,Coimbatore,Clothing,1332.0,2518.9,Standard,Regular,Friday,March,Rain,Medium,3,0,6.1,319.0,1
ORD-102437,Bengaluru,Hyderabad,Home & Kitchen,2203.0,623.8,Priority,Premium,Thursday,July,Clear,Low,1,0,22.8,221.0,0
ORD-100748,Delhi,Indore,Electronics,18168.0,784.6,Express,Regular,Tuesday,November,Clear,Low,2,0,20.2,255.0,0
ORD-101193,Kolkata,Jaipur,Groceries,1688.0,1595.9,Standard,Regular,Friday,April,Clear,High,7,0,8.6,273.0,0
ORD-101472,Mumbai,Mumbai,Sports,4370.0,35.0,Standard,Premium,Monday,June,Cloudy,High,3,0,24.4,69.0,0
ORD-101935,Chennai,Kochi,Groceries,2505.0,707.8,Economy,Regular,Sunday,November,Rain,High,8,1,19.9,171.0,1
ORD-103410,Mumbai,Kolkata,Groceries,3392.0,2045.6,Standard,Regular,Monday,October,Rain,High,4,1,25.7,236.0,1
ORD-101613,Kolkata,Kolkata,Groceries,1907.0,30.7,Economy,Regular,Saturday,April,Clear,Medium,7,2,16.4,106.0,0
ORD-104658,Mumbai,Mumbai,Home & Kitchen,1763.0,15.7,Standard,Regular,Thursday,November,Clear,High,4,2,18.0,84.0,1
ORD-103728,Delhi,Chennai,Sports,3527.0,2071.3,Priority,Premium,Thursday,July,Rain,Medium,3,0,13.0,620.0,0
ORD-102891,Mumbai,Mumbai,Beauty,3360.0,44.9,Economy,Regular,Saturday,January,Clear,Low,4,0,14.2,62.0,0
ORD-104571,Delhi,Jaipur,Electronics,6688.0,283.7,Standard,Regular,Wednesday,October,Rain,High,2,1,64.4,99.0,1
ORD-101984,Delhi,Visakhapatnam,Clothing,2244.0,1489.9,Standard,New,Sunday,October,Clear,Medium,1,0,15.5,188.0,1
ORD-103362,Delhi,Hyderabad,Sports,3392.0,1531.1,Economy,Regular,Sunday,February,Clear,Medium,1,1,24.1,158.0,1
ORD-105863,Chennai,Nagpur,Electronics,7777.0,1135.2,Express,New,Monday,January,Cloudy,Medium,2,3,23.4,276.0,0
ORD-101047,Mumbai,Delhi,Books,792.0,1501.7,Express,Premium,Sunday,November,Storm,Low,2,0,8.0,264.0,0
ORD-100788,Delhi,Lucknow,Clothing,1686.0,485.0,Standard,Premium,Sunday,February,Cloudy,Low,2,0,9.8,96.0,0
ORD-103276,Kolkata,Bengaluru,Electronics,21042.0,1895.4,Standard,Regular,Friday,December,Clear,High,1,0,22.7,225.0,0
ORD-101023,Hyderabad,Delhi,Electronics,22909.0,1639.6,Standard,Regular,Saturday,November,Cloudy,Low,2,1,26.1,201.0,1
ORD-100801,Chennai,Delhi,Home & Kitchen,4922.0,2232.7,Standard,Regular,Sunday,April,Cloudy,Medium,2,2,25.0,249.0,1
ORD-101298,Mumbai,Bengaluru,Groceries,2271.0,1033.0,Economy,Regular,Friday,March,Clear,Medium,5,0,33.5,142.0,1
ORD-105131,Delhi,Chennai,Groceries,2492.0,2183.1,Standard,Regular,Saturday,October,Cloudy,Low,6,2,29.1,323.0,0
ORD-102953,Mumbai,Coimbatore,Books,1130.0,1188.4,Express,Regular,Monday,May,Cloudy,High,2,0,15.4,260.0,0
ORD-105914,Delhi,Chennai,Beauty,2518.0,2280.6,Express,Premium,Friday,February,Fog,Medium,3,1,6.7,380.0,0
ORD-103317,Chennai,Patna,Electronics,17648.0,2002.7,Standard,Regular,Sunday,December,Fog,Medium,1,2,,228.0,1
ORD-100350,Mumbai,Kolkata,Clothing,3318.0,2074.3,Express,Regular,Thursday,September,Rain,Low,5,0,28.3,452.0,1
ORD-105360,Kolkata,Bengaluru,Home & Kitchen,9410.0,1837.9,Express,Regular,Monday,December,Storm,High,4,1,25.0,465.0,1
ORD-102641,Chennai,Chennai,Home & Kitchen,1401.0,31.8,Express,New,Sunday,November,Storm,Low,1,1,16.6,,0
ORD-103746,Chennai,Mumbai,Electronics,9078.0,1264.0,Economy,New,Wednesday,December,Cloudy,High,2,0,36.4,134.0,1
ORD-100382,Hyderabad,Nagpur,Furniture,8167.0,510.4,Standard,New,Saturday,June,Cloudy,Low,1,0,32.1,102.0,0
ORD-105620,Mumbai,Chennai,Clothing,7225.0,1267.4,Priority,Regular,Tuesday,September,,High,4,2,7.7,547.0,1
ORD-103149,Kolkata,Delhi,Home & Kitchen,9155.0,1691.5,Standard,Regular,Wednesday,June,Clear,Low,4,1,21.8,218.0,0
ORD-103707,Delhi,Mumbai,Electronics,11062.0,1391.5,Express,Premium,Thursday,June,Clear,Medium,1,1,12.2,260.0,1
ORD-100423,Mumbai,Kolkata,Home & Kitchen,6158.0,2097.0,Standard,Regular,Thursday,December,Clear,High,2,0,27.1,221.0,1
ORD-105992,Chennai,Chennai,Beauty,1495.0,15.7,Express,Premium,Wednesday,June,Storm,Medium,2,0,13.0,95.0,0
ORD-101506,Bengaluru,Lucknow,Beauty,961.0,1843.5,Standard,Regular,Tuesday,April,Clear,Medium,1,2,3.2,227.0,0
ORD-103560,Bengaluru,Kolkata,Clothing,1083.0,1843.7,Priority,Regular,Monday,December,Fog,Medium,3,0,11.7,585.0,0
ORD-101673,Chennai,Pune,Beauty,1067.0,1210.3,Economy,Regular,Friday,June,Rain,Low,1,2,24.6,140.0,0
ORD-102054,Kolkata,Kolkata,Electronics,21660.0,38.8,Standard,Regular,Friday,January,Fog,Medium,5,2,28.5,124.0,1
ORD-100125,Mumbai,Bengaluru,Groceries,838.0,1080.3,Priority,Premium,Saturday,October,Cloudy,High,2,0,10.1,306.0,0
ORD-100103,Delhi,Nagpur,Groceries,547.0,1106.0,Economy,New,Wednesday,December,Clear,Low,3,0,16.6,131.0,1
ORD-104885,Kolkata,Patna,Beauty,604.0,564.5,Economy,Regular,Saturday,May,Fog,Low,2,1,22.7,78.0,1
ORD-101808,Bengaluru,Delhi,Electronics,45851.0,2177.0,Express,Premium,Tuesday,February,Clear,Low,3,1,,467.0,0
ORD-102406,Delhi,Mumbai,Sports,3514.0,1450.7,Standard,Regular,Friday,July,Clear,High,3,1,17.5,191.0,0
ORD-103716,Kolkata,Hyderabad,Clothing,3331.0,1446.4,Economy,Regular,Monday,July,Rain,Medium,2,1,21.1,177.0,0
ORD-100487,Bengaluru,Chennai,Groceries,479.0,386.4,Standard,Regular,Monday,July,Clear,Low,5,0,22.9,169.0,0
ORD-101159,Delhi,Chandigarh,Clothing,2208.0,301.3,Standard,New,Saturday,January,Cloudy,Low,3,1,10.9,100.0,0
ORD-105219,Delhi,Indore,Clothing,1844.0,837.7,Standard,Regular,Sunday,October,Cloudy,Low,2,2,15.9,144.0,0
ORD-101579,Hyderabad,Ahmedabad,Beauty,1641.0,1148.4,Standard,Regular,Wednesday,November,Cloudy,Medium,2,0,9.7,189.0,0
ORD-100136,Mumbai,Chennai,Clothing,3464.0,1329.7,Standard,Regular,Sunday,May,Clear,Low,4,0,8.6,219.0,0
ORD-105837,Kolkata,Indore,Groceries,1735.0,1570.5,Standard,New,Saturday,November,Cloudy,Medium,5,0,5.2,249.0,1
ORD-101540,Bengaluru,Chennai,Clothing,3169.0,355.2,Economy,Regular,Saturday,November,Cloudy,Low,5,3,13.6,99.0,1
ORD-101696,Bengaluru,Kochi,Groceries,1377.0,424.5,Standard,New,Saturday,November,Cloudy,Low,5,0,15.8,139.0,0
ORD-104399,Mumbai,Patna,Books,739.0,1673.1,Economy,Regular,Friday,April,Clear,Medium,3,1,6.0,130.0,1
ORD-102463,Mumbai,Kolkata,Groceries,2078.0,1967.4,Priority,Regular,Saturday,December,Fog,,5,3,8.2,603.0,1
ORD-103721,Chennai,Lucknow,Electronics,20222.0,1896.9,Express,Premium,Thursday,May,Cloudy,High,2,0,16.0,471.0,0
ORD-103081,Delhi,Hyderabad,Groceries,2238.0,1600.7,Economy,Regular,Thursday,March,Storm,Medium,9,3,16.6,280.0,1
ORD-105973,Bengaluru,Pune,Groceries,2714.0,881.0,Economy,New,Friday,December,Cloudy,Low,3,0,25.5,118.0,0
ORD-104169,Bengaluru,Patna,Electronics,11284.0,1984.6,Standard,Regular,Thursday,September,Clear,Low,2,0,11.9,248.0,0
ORD-104297,Bengaluru,Lucknow,Beauty,1069.0,1870.4,Economy,New,Thursday,December,Clear,Medium,1,0,33.4,159.0,1
ORD-104864,Kolkata,Chandigarh,Sports,1097.0,1858.0,Standard,New,Friday,August,Storm,High,1,0,22.9,214.0,1
ORD-103548,Hyderabad,Kolkata,Electronics,24607.0,1524.1,Economy,Regular,Thursday,October,Cloudy,High,2,1,33.3,192.0,1
ORD-104308,Delhi,Bengaluru,Electronics,33542.0,2201.0,Standard,Regular,Friday,February,Clear,Medium,2,2,16.5,271.0,0
ORD-102560,Mumbai,Nagpur,Clothing,984.0,882.2,Standard,Regular,Saturday,January,Clear,Low,1,2,6.9,107.0,0
ORD-102265,Bengaluru,Kolkata,Furniture,22439.0,1846.5,Standard,Regular,Friday,September,Rain,High,3,1,18.7,240.0,1
ORD-105872,Delhi,Kochi,Home & Kitchen,9512.0,2492.4,Express,Regular,Thursday,April,Clear,Medium,3,1,14.8,420.0,1
ORD-103122,Delhi,Visakhapatnam,Home & Kitchen,5173.0,1681.0,Standard,New,Tuesday,June,Rain,High,2,1,13.1,255.0,1
ORD-104527,Chennai,Visakhapatnam,Clothing,4339.0,824.9,Standard,Premium,Saturday,April,Cloudy,Low,3,1,22.0,144.0,0
ORD-105194,Chennai,Kochi,Clothing,2289.0,690.9,Standard,New,Thursday,June,Clear,High,2,1,8.1,127.0,0
ORD-101624,Mumbai,Bhopal,Books,,828.4,Standard,New,Thursday,April,Cloudy,Medium,2,0,12.7,144.0,0
ORD-102973,Mumbai,Mumbai,Clothing,1810.0,24.0,Standard,New,Monday,November,Storm,Medium,1,0,5.2,62.0,0
ORD-100145,Bengaluru,Kochi,Beauty,886.0,448.4,Economy,Regular,Tuesday,December,Fog,Medium,2,1,16.1,73.0,0
ORD-100381,Bengaluru,Kolkata,Beauty,344.0,1890.5,Standard,New,Sunday,May,Cloudy,Medium,2,0,46.7,238.0,0
ORD-104897,Delhi,Coimbatore,Beauty,4783.0,2426.9,Standard,Regular,Friday,December,Fog,Low,3,1,21.8,302.0,0
ORD-101481,Delhi,Indore,Sports,4904.0,864.2,Standard,Regular,Sunday,October,Clear,Low,4,1,26.5,163.0,0
ORD-105502,Bengaluru,Indore,Clothing,6600.0,1361.1,Standard,New,Sunday,March,Clear,High,4,0,4.9,209.0,1
ORD-100122,Chennai,Delhi,Groceries,1752.0,2393.8,Priority,Premium,Sunday,August,Rain,Medium,10,2,14.3,698.0,0
ORD-105774,Bengaluru,Kolkata,Groceries,2404.0,2056.4,Standard,Premium,Wednesday,December,Fog,Medium,8,0,3.4,236.0,1
ORD-100612,Chennai,Chennai,Furniture,23937.0,15.2,Priority,Premium,Tuesday,October,Rain,Low,2,0,27.8,220.0,0
ORD-101635,Hyderabad,Bengaluru,Beauty,1830.0,627.4,Economy,New,Saturday,March,Storm,Medium,3,1,11.8,97.0,1
ORD-104085,Bengaluru,Kolkata,Electronics,8692.0,2113.7,Standard,Regular,Friday,September,Cloudy,Medium,1,0,7.7,226.0,1
ORD-100419,Mumbai,Patna,Groceries,1998.0,1832.0,Economy,Regular,Monday,October,Clear,Low,5,0,3.8,162.0,0
ORD-101536,Bengaluru,Visakhapatnam,Groceries,1364.0,996.6,Standard,Regular,Tuesday,December,Cloudy,Medium,5,0,13.8,180.0,0
ORD-104162,Delhi,Jaipur,Books,,290.3,Standard,Premium,Wednesday,January,Clear,Low,2,0,10.1,97.0,0
ORD-102228,Mumbai,Bhopal,Clothing,3728.0,900.0,Standard,Regular,Tuesday,April,Rain,High,5,1,16.9,168.0,1
ORD-101555,Delhi,Kolkata,Electronics,11331.0,1658.1,Economy,New,Wednesday,April,Clear,High,2,0,27.1,183.0,1
ORD-102597,Mumbai,Kolkata,Home & Kitchen,7753.0,2096.3,Standard,Regular,Sunday,January,Cloudy,Low,2,2,10.0,264.0,0
ORD-101730,Delhi,Bhopal,Clothing,4359.0,777.6,Standard,Regular,Monday,February,Fog,Medium,9,1,7.8,,0
ORD-103574,Bengaluru,Lucknow,Beauty,2438.0,1925.1,Standard,Regular,Friday,November,Clear,Low,3,1,4.7,272.0,1
ORD-103412,Mumbai,Delhi,Beauty,1386.0,1436.7,Standard,Premium,Thursday,October,Clear,Medium,1,1,32.0,155.0,0
ORD-104161,Bengaluru,Bhopal,Sports,3610.0,1377.6,Economy,Regular,Wednesday,November,Cloudy,Medium,1,1,18.3,128.0,0
ORD-104679,Mumbai,Bengaluru,Furniture,11372.0,1130.8,Express,Regular,Friday,February,Fog,Low,1,0,34.5,247.0,0
ORD-100249,Delhi,Kochi,Furniture,10961.0,2531.7,Standard,Regular,Friday,September,Clear,Low,1,1,29.2,304.0,0
ORD-104557,Kolkata,Delhi,Beauty,832.0,1553.8,Standard,Regular,Saturday,October,Fog,Low,3,0,8.1,197.0,1
ORD-105449,Bengaluru,Kolkata,Groceries,3364.0,2081.9,Standard,New,Wednesday,November,Fog,Medium,4,0,3.4,274.0,1
ORD-104105,Hyderabad,Kolkata,Home & Kitchen,2248.0,1461.2,Economy,Regular,Tuesday,November,Clear,High,2,1,17.9,146.0,0
ORD-105534,Delhi,Lucknow,Books,657.0,557.6,Standard,Regular,Monday,August,Rain,Low,2,0,5.1,141.0,0
ORD-100448,Bengaluru,Hyderabad,Clothing,2281.0,608.3,Standard,Premium,Friday,December,Clear,Medium,4,0,19.2,132.0,0
ORD-104334,Bengaluru,Ahmedabad,Beauty,1685.0,1584.3,Standard,Regular,Wednesday,November,Clear,Medium,2,0,10.4,198.0,0
ORD-104732,Hyderabad,Ahmedabad,Clothing,2972.0,1145.5,Economy,Premium,Tuesday,April,Cloudy,Medium,1,3,10.3,104.0,1
ORD-102128,Delhi,Kolkata,Electronics,22267.0,1636.7,Standard,Regular,Saturday,August,Rain,Medium,4,0,21.4,258.0,1
ORD-104348,Kolkata,Jaipur,Groceries,1514.0,1716.9,Standard,Regular,Tuesday,August,Rain,Low,5,0,12.7,264.0,1
ORD-105012,Bengaluru,Nagpur,Beauty,2682.0,1192.1,Express,Premium,Saturday,July,Storm,Low,2,1,1.5,266.0,0
ORD-102481,Bengaluru,Ahmedabad,Home & Kitchen,2821.0,1541.8,Standard,Regular,Friday,May,Clear,High,5,0,7.7,219.0,0
ORD-104321,Kolkata,Mumbai,Groceries,1068.0,2074.5,Standard,Premium,Friday,December,Clear,Medium,2,1,29.2,256.0,0
ORD-105877,Bengaluru,Mumbai,Books,2542.0,1022.3,Standard,Regular,Tuesday,August,Rain,Low,3,0,4.7,161.0,0
ORD-101838,Delhi,Lucknow,Clothing,2959.0,513.6,Standard,Regular,Saturday,August,Cloudy,Low,1,1,21.0,125.0,0
ORD-105104,Bengaluru,Kochi,Electronics,17751.0,451.6,Express,Premium,Friday,April,Cloudy,Medium,2,1,28.7,155.0,0
ORD-104677,Mumbai,Hyderabad,Sports,1931.0,750.6,Standard,Regular,Thursday,September,,High,2,1,13.1,121.0,1
ORD-105137,Mumbai,Nagpur,Electronics,21436.0,868.9,Standard,Regular,Sunday,April,Clear,Medium,2,0,20.4,168.0,0
ORD-102365,Chennai,Jaipur,Beauty,3423.0,2124.3,Economy,Regular,Wednesday,October,Cloudy,Low,3,0,29.3,264.0,1
ORD-101600,Delhi,Kochi,Electronics,22400.0,2450.4,Standard,New,Wednesday,May,Rain,Low,1,0,13.7,293.0,0
ORD-100415,Mumbai,Indore,Home & Kitchen,2025.0,627.5,Standard,Regular,Thursday,June,Cloudy,Low,1,1,10.6,121.0,0
ORD-100753,Delhi,Mumbai,Beauty,2992.0,1485.8,Standard,New,Saturday,December,Fog,High,2,0,8.6,212.0,1
ORD-103120,Delhi,Nagpur,Electronics,7049.0,1062.6,Standard,Regular,Thursday,February,Fog,Medium,2,0,29.6,149.0,0
ORD-100795,Mumbai,Kolkata,Groceries,3869.0,2100.5,Economy,Regular,Friday,April,Fog,Low,7,1,28.7,264.0,0
ORD-102795,Kolkata,Jaipur,Clothing,1971.0,1795.3,Standard,Regular,Sunday,March,Rain,Low,1,0,9.3,209.0,0
ORD-100655,Kolkata,Indore,Home & Kitchen,3700.0,1537.9,Priority,Premium,Sunday,July,Rain,Low,2,1,6.6,461.0,0
ORD-104049,Delhi,Visakhapatnam,Groceries,3289.0,1835.7,Standard,Regular,Friday,December,Clear,Medium,10,0,10.9,321.0,0
ORD-104378,Mumbai,Chennai,Groceries,2716.0,1303.0,Standard,Regular,Wednesday,February,Fog,Medium,4,1,15.3,237.0,0
ORD-103544,Delhi,Indore,Clothing,2457.0,809.0,Economy,Regular,Friday,March,Clear,Medium,4,1,8.5,133.0,0
ORD-104072,Chennai,Patna,Electronics,43929.0,1854.7,Standard,New,Friday,October,Cloudy,Low,2,0,19.1,318.0,1
ORD-104779,Delhi,Lucknow,Home & Kitchen,11925.0,509.9,Standard,Regular,Tuesday,March,Clear,Medium,3,0,17.3,157.0,0
ORD-103932,Bengaluru,Kolkata,Clothing,4665.0,2019.3,Standard,New,Saturday,May,Clear,Low,2,0,20.7,246.0,0
ORD-103186,Mumbai,Visakhapatnam,Furniture,8370.0,1365.8,Standard,Regular,Sunday,November,Cloudy,Low,1,1,24.6,178.0,1
ORD-101551,Mumbai,Patna,Electronics,14215.0,1770.1,Standard,Regular,Friday,January,Fog,Low,1,2,12.7,261.0,0
ORD-100590,Mumbai,Indore,Home & Kitchen,2269.0,614.6,Economy,New,Monday,April,Storm,Low,1,2,16.5,76.0,0
ORD-105581,Chennai,Hyderabad,Beauty,1147.0,615.0,Standard,New,Friday,February,Clear,High,3,0,20.3,152.0,0
ORD-101198,Chennai,Patna,Books,1200.0,1882.9,Standard,New,Saturday,June,Rain,Medium,3,0,13.1,238.0,1
ORD-101875,Hyderabad,Jaipur,Sports,5742.0,1281.6,Standard,Regular,Saturday,February,Clear,Low,3,0,8.8,186.0,0
ORD-101670,Kolkata,Indore,Groceries,2410.0,1538.1,Express,Regular,Thursday,July,Storm,High,6,0,24.5,428.0,1
ORD-105609,Delhi,Bengaluru,Clothing,1423.0,2220.2,Standard,Regular,Monday,December,Fog,Low,3,0,13.4,276.0,0
ORD-103314,Bengaluru,Jaipur,Electronics,9551.0,2052.2,Standard,Regular,Tuesday,September,Cloudy,High,1,0,12.6,283.0,0
ORD-105680,Delhi,Delhi,Clothing,4077.0,26.8,Express,Premium,Wednesday,July,Rain,High,3,0,15.4,129.0,0
ORD-105031,Mumbai,Delhi,Clothing,2129.0,1402.3,Economy,Regular,Saturday,November,Rain,Medium,4,1,15.2,153.0,1
ORD-100702,Delhi,Kochi,Furniture,22973.0,2660.1,Economy,Regular,Sunday,August,Rain,Low,1,3,25.6,291.0,1
ORD-102246,Mumbai,Chandigarh,Home & Kitchen,3893.0,1732.7,Economy,Regular,Tuesday,February,Clear,High,3,0,20.0,197.0,1
ORD-105809,Mumbai,Chandigarh,Beauty,3930.0,1693.9,Standard,Premium,Saturday,September,Cloudy,Low,2,2,16.8,183.0,0
ORD-105513,Bengaluru,Kochi,Sports,2201.0,442.7,Economy,Regular,Monday,March,Clear,Low,4,2,5.3,91.0,0
ORD-103505,Chennai,Jaipur,Books,418.0,2017.0,Economy,Regular,Saturday,October,Cloudy,Medium,2,0,8.6,162.0,0
ORD-103056,Bengaluru,Pune,Books,879.0,893.0,Standard,New,Thursday,November,,Low,2,2,83.5,,1
ORD-100209,Mumbai,Ahmedabad,Electronics,9533.0,541.4,Standard,Regular,Thursday,July,Storm,High,2,3,33.1,136.0,0
ORD-101609,Delhi,Coimbatore,Groceries,4867.0,2530.4,Express,Regular,Wednesday,September,Cloudy,Low,13,0,13.3,669.0,1
ORD-101422,Bengaluru,Chandigarh,Electronics,11246.0,2494.7,Economy,Regular,Wednesday,August,Rain,High,3,0,26.8,215.0,1
ORD-100426,Kolkata,Ahmedabad,Books,1407.0,1913.6,Standard,Regular,Sunday,November,Rain,Low,5,2,31.2,288.0,0
ORD-104033,Chennai,Lucknow,Home & Kitchen,1534.0,1936.4,Economy,New,Monday,October,Cloudy,Medium,1,0,6.6,160.0,0
ORD-103253,Delhi,Kolkata,Home & Kitchen,4662.0,1725.8,Standard,Regular,Friday,April,Fog,Medium,4,0,15.5,290.0,0
ORD-105704,Chennai,Indore,Furniture,16527.0,1429.0,Standard,Premium,Saturday,October,Clear,Medium,1,1,31.5,165.0,0
ORD-103126,Mumbai,Visakhapatnam,Electronics,40712.0,1436.1,Economy,New,Tuesday,August,Rain,High,3,0,11.9,179.0,0
ORD-105832,Delhi,Chennai,Books,682.0,2269.8,Standard,New,Wednesday,November,Clear,High,1,0,17.9,239.0,1
ORD-105580,Chennai,Jaipur,Sports,3611.0,2150.2,Standard,Regular,Friday,August,Clear,Low,4,0,7.7,245.0,0
ORD-100111,Bengaluru,Bengaluru,Electronics,7575.0,24.8,Economy,Regular,Monday,November,Rain,High,1,0,15.2,46.0,0
ORD-105019,Bengaluru,Bhopal,Sports,2373.0,1430.2,Priority,Regular,Sunday,May,Clear,Medium,5,0,14.7,468.0,0
ORD-101841,Mumbai,Patna,Furniture,12504.0,1710.3,Express,Regular,Monday,December,Fog,Low,1,2,23.0,368.0,0
ORD-102313,Delhi,Ahmedabad,Beauty,1597.0,902.0,Economy,Regular,Saturday,April,Clear,Low,3,3,13.0,116.0,1
ORD-101672,Bengaluru,Chandigarh,Books,1592.0,2576.0,Standard,New,Sunday,March,Clear,Low,7,0,6.1,287.0,0
ORD-105715,Mumbai,Nagpur,Electronics,16690.0,863.2,Standard,New,Thursday,October,Storm,Medium,2,0,39.1,203.0,0
ORD-101221,Mumbai,Chennai,Clothing,6745.0,1404.5,Express,New,Saturday,March,Clear,High,4,1,18.1,344.0,0
ORD-105664,Mumbai,Delhi,Clothing,2903.0,1426.3,Economy,New,Wednesday,January,Clear,Low,3,1,13.3,139.0,0
ORD-101966,Mumbai,Mumbai,Clothing,1338.0,43.5,Express,Regular,Friday,October,Clear,Medium,1,0,18.0,96.0,0
ORD-101741,Delhi,Indore,Sports,2034.0,842.1,Standard,Regular,Thursday,August,Cloudy,Low,3,1,14.6,138.0,0
ORD-101666,Kolkata,Hyderabad,Electronics,16015.0,1560.0,Express,New,Thursday,December,Clear,Low,1,0,20.8,353.0,0
ORD-105516,Hyderabad,Delhi,Clothing,1005.0,1550.6,Standard,Regular,Monday,March,Rain,Medium,1,0,12.7,183.0,0
ORD-105850,Kolkata,Bengaluru,Groceries,1777.0,2053.2,Standard,Regular,Thursday,December,Clear,Medium,7,0,11.5,276.0,0
ORD-101184,Mumbai,Delhi,Electronics,15483.0,1482.8,Standard,Regular,Thursday,October,Cloudy,Low,1,0,26.4,207.0,0
ORD-104324,Mumbai,Jaipur,Electronics,28092.0,1155.9,Economy,Regular,Thursday,June,Clear,High,2,2,9.1,191.0,1
ORD-105695,Chennai,Coimbatore,Electronics,22357.0,551.7,Express,Regular,Monday,August,Rain,,2,1,19.7,239.0,0
ORD-103443,Mumbai,Kolkata,Home & Kitchen,4046.0,2000.5,Standard,Regular,Monday,April,Clear,High,2,1,5.7,257.0,0
ORD-102981,Bengaluru,Indore,Clothing,4730.0,1323.2,Standard,Regular,Monday,July,Rain,Medium,4,1,15.5,292.0,1
ORD-100438,Bengaluru,Coimbatore,Books,722.0,293.6,Standard,New,Saturday,March,Cloudy,Low,3,1,3.7,106.0,0
ORD-101868,Mumbai,Chandigarh,Electronics,7124.0,1736.5,Standard,Regular,Thursday,February,Fog,Medium,1,1,17.2,213.0,0
ORD-101102,Delhi,Chennai,Sports,11724.0,2136.8,Standard,Regular,Tuesday,October,Cloudy,Medium,2,0,12.8,282.0,1
ORD-105876,Bengaluru,Delhi,Books,2272.0,2173.7,Express,Premium,Tuesday,October,Clear,Medium,4,2,1.0,427.0,0
ORD-101952,Mumbai,Kochi,Groceries,1596.0,1307.9,Standard,Premium,Saturday,April,Rain,Low,5,1,11.4,182.0,0
ORD-100108,Delhi,Bhopal,Sports,5362.0,785.8,Standard,Premium,Saturday,September,Clear,High,3,0,44.2,140.0,0
ORD-102943,Kolkata,Bengaluru,Electronics,16486.0,1977.9,Express,Regular,Saturday,October,Clear,High,2,0,14.8,350.0,0
ORD-100030,Chennai,Chandigarh,Home & Kitchen,1393.0,2550.9,Standard,Regular,Sunday,March,Clear,High,1,1,20.7,274.0,1
ORD-102447,Mumbai,Hyderabad,Electronics,10619.0,804.7,Economy,New,Friday,January,Cloudy,High,3,1,26.4,112.0,0
ORD-102610,Delhi,Bhopal,Beauty,1247.0,774.5,Standard,Regular,Friday,November,Clear,Low,2,0,21.1,135.0,0
ORD-100970,Mumbai,Jaipur,Clothing,3732.0,1185.0,Express,Regular,Wednesday,October,Cloudy,Medium,3,1,17.1,279.0,0
ORD-101612,Kolkata,Lucknow,Beauty,599.0,1130.3,Standard,Regular,Saturday,December,Clear,Low,3,0,15.9,203.0,0
ORD-102752,Chennai,Delhi,Electronics,9055.0,2134.3,Economy,Regular,Saturday,February,Cloudy,High,2,1,25.7,188.0,1
ORD-100752,Delhi,Chennai,Electronics,74905.0,2252.5,Express,New,Friday,September,Cloudy,Low,3,0,9.3,680.0,1
ORD-101727,Delhi,Bengaluru,Books,1229.0,2192.3,Standard,Premium,Monday,November,Cloudy,Medium,3,1,7.5,237.0,0
ORD-100585,Hyderabad,Hyderabad,Sports,3691.0,31.5,Priority,Regular,Tuesday,December,Cloudy,Medium,3,2,9.5,160.0,0
ORD-104838,Mumbai,Lucknow,Furniture,8820.0,1474.4,Standard,New,Sunday,November,Cloudy,Low,1,1,,224.0,1
ORD-102211,Hyderabad,Hyderabad,Groceries,8132.0,37.4,Standard,New,Wednesday,April,Clear,High,8,0,7.0,143.0,0
ORD-104039,Delhi,Indore,Clothing,1541.0,820.3,Standard,Regular,Tuesday,August,Storm,High,2,3,6.0,138.0,1
ORD-103584,Chennai,Mumbai,Clothing,3172.0,1329.5,Express,Premium,Friday,April,Clear,Medium,2,0,4.1,246.0,0
ORD-103103,Hyderabad,Hyderabad,Electronics,,35.5,Economy,Regular,Tuesday,July,Rain,Medium,1,0,16.9,45.0,0
ORD-101329,Delhi,Chennai,Groceries,1963.0,2262.2,Economy,Regular,Friday,December,Fog,Medium,4,2,17.2,241.0,1
ORD-104773,Mumbai,Hyderabad,Sports,3435.0,835.1,Standard,Regular,Sunday,August,Rain,,3,1,45.9,162.0,1
ORD-103927,Bengaluru,Kolkata,Home & Kitchen,11227.0,1905.5,Economy,Regular,Sunday,January,Fog,Medium,2,0,16.1,248.0,0
ORD-101545,Bengaluru,Jaipur,Electronics,10843.0,1894.2,Economy,New,Tuesday,January,Clear,High,1,0,17.5,211.0,1
ORD-103978,Mumbai,Nagpur,Electronics,28332.0,812.1,Economy,Regular,Friday,September,Storm,Low,3,0,10.6,126.0,1
ORD-100965,Hyderabad,Bengaluru,Groceries,1018.0,640.1,Express,Regular,Tuesday,June,,Medium,2,1,12.8,194.0,0
ORD-104710,Delhi,Kolkata,Beauty,1652.0,1721.1,Economy,Regular,Saturday,December,Storm,Low,4,1,13.4,195.0,1
ORD-104450,Mumbai,Chennai,Electronics,23101.0,1268.9,Express,Regular,Wednesday,August,Clear,Low,2,1,19.9,346.0,0
ORD-103465,Chennai,Visakhapatnam,Home & Kitchen,2459.0,749.4,Priority,Premium,Thursday,March,Storm,Low,1,1,20.7,247.0,0
ORD-105930,Mumbai,Nagpur,Groceries,2170.0,827.3,Standard,Premium,Sunday,July,Cloudy,Low,7,0,12.9,203.0,0
ORD-102419,Mumbai,Delhi,Furniture,8908.0,1413.2,Standard,Regular,Monday,November,Rain,High,1,0,26.1,213.0,1
ORD-100180,Chennai,Hyderabad,Sports,1679.0,652.8,Standard,Regular,Saturday,May,Clear,Medium,1,0,9.4,103.0,0
ORD-103938,Chennai,Chennai,Beauty,1574.0,29.4,Economy,Regular,Friday,October,Rain,Medium,3,1,11.5,62.0,0
ORD-102575,Bengaluru,Pune,Clothing,6301.0,984.0,Economy,Regular,Saturday,May,,Medium,2,0,1.9,134.0,0
ORD-104794,Hyderabad,Visakhapatnam,Beauty,2178.0,608.9,Express,New,Friday,October,Rain,Medium,1,2,5.5,158.0,0
ORD-102183,Kolkata,Indore,Beauty,4868.0,1626.7,Express,New,Monday,July,Rain,High,4,0,21.2,364.0,1
ORD-104523,Kolkata,Ahmedabad,Groceries,1019.0,1856.3,Standard,New,Sunday,October,Clear,High,4,0,8.1,228.0,1
ORD-103653,Delhi,Bhopal,Groceries,3540.0,694.0,Economy,New,Monday,November,Rain,Medium,7,2,6.9,172.0,0
ORD-104540,Delhi,Pune,Electronics,14487.0,1488.4,Standard,New,Monday,September,Clear,Medium,1,1,13.1,235.0,0
ORD-103215,Mumbai,Ahmedabad,Home & Kitchen,2907.0,545.1,Economy,Regular,Saturday,May,Fog,Medium,3,3,28.4,96.0,0
ORD-103259,Bengaluru,Delhi,Electronics,11232.0,2203.4,Priority,Premium,Monday,February,Cloudy,High,2,0,5.7,576.0,0
ORD-105292,Bengaluru,Delhi,Clothing,1684.0,2203.1,Priority,Regular,Tuesday,August,Cloudy,Low,4,2,13.8,578.0,0
ORD-101173,Delhi,Lucknow,Furniture,19308.0,509.0,Standard,New,Tuesday,December,Cloudy,Low,1,0,35.0,122.0,1
ORD-100091,Mumbai,Bengaluru,Beauty,961.0,1013.7,Standard,Regular,Tuesday,October,Cloudy,High,1,1,7.1,145.0,0
ORD-105225,Bengaluru,Bengaluru,Electronics,14062.0,34.4,Economy,Regular,Friday,April,Clear,High,3,0,15.8,72.0,0
ORD-102835,Chennai,Delhi,Groceries,1588.0,2289.0,Express,Premium,Wednesday,May,Cloudy,High,7,0,1.0,473.0,1
ORD-103115,Bengaluru,Hyderabad,Sports,2520.0,602.2,Economy,New,Sunday,July,Rain,Low,3,0,10.7,95.0,0
ORD-102174,Mumbai,Indore,Furniture,15577.0,659.2,Standard,New,Monday,October,Clear,Low,1,0,29.8,153.0,0
ORD-104616,Delhi,Delhi,Clothing,1230.0,38.5,Economy,Regular,Thursday,November,Clear,Medium,1,1,22.4,38.0,0
ORD-100625,Hyderabad,Ahmedabad,Books,383.0,1100.1,Standard,Regular,Wednesday,March,Storm,High,1,0,12.4,141.0,1
ORD-100070,Delhi,Bhopal,Books,533.0,757.2,Standard,New,Monday,January,Clear,Low,1,0,21.1,110.0,0
ORD-103361,Delhi,Chennai,Groceries,2325.0,2096.5,Standard,New,Friday,November,Cloudy,Low,8,0,24.6,328.0,1
ORD-100890,Chennai,Kolkata,Electronics,12535.0,1788.9,Standard,Regular,Wednesday,December,Cloudy,High,1,1,26.9,224.0,1
ORD-102458,Mumbai,Patna,Groceries,1373.0,1808.4,Economy,Regular,Friday,August,Rain,Low,4,1,16.1,199.0,1
ORD-103785,Bengaluru,Indore,Clothing,3074.0,1384.1,Standard,Regular,Monday,March,Clear,Medium,2,1,22.0,167.0,1
ORD-105550,Bengaluru,Kolkata,Sports,5242.0,2023.3,Economy,Regular,Thursday,November,Clear,Low,1,1,11.6,209.0,1
ORD-105211,Bengaluru,Kochi,Clothing,2277.0,473.9,Standard,Premium,Tuesday,October,Clear,Low,2,0,13.7,96.0,0
ORD-100878,Delhi,Coimbatore,Books,760.0,2515.2,Standard,New,Sunday,May,Clear,Low,2,0,24.7,277.0,1
ORD-100978,Delhi,Chandigarh,Electronics,22425.0,271.8,Express,New,Sunday,September,Cloudy,Medium,2,0,18.0,231.0,1
ORD-101074,Hyderabad,Indore,Books,910.0,863.7,Standard,New,Tuesday,August,Storm,Medium,5,0,8.9,203.0,0
ORD-100765,Hyderabad,Coimbatore,Electronics,11906.0,904.2,Economy,Regular,Friday,January,Fog,Low,3,0,29.6,128.0,0
ORD-100294,Mumbai,Visakhapatnam,Groceries,3098.0,1330.9,Standard,Premium,Saturday,November,Clear,Medium,6,0,29.4,216.0,1
ORD-104280,Chennai,Visakhapatnam,Electronics,22711.0,708.5,Express,Regular,Wednesday,December,Cloudy,Medium,3,4,51.7,274.0,1
ORD-101316,Chennai,Chandigarh,Clothing,2954.0,2503.7,Standard,New,Tuesday,December,Clear,Medium,3,1,31.8,332.0,0
ORD-100446,Chennai,Bhopal,Clothing,2921.0,1501.3,Economy,New,Saturday,November,Cloudy,High,5,0,35.6,207.0,1
ORD-100469,Mumbai,Pune,Groceries,1127.0,154.3,Economy,Regular,Saturday,August,Cloudy,Low,3,0,9.5,75.0,0
ORD-105650,Mumbai,Nagpur,Home & Kitchen,3478.0,882.0,Economy,Regular,Wednesday,April,Cloudy,Medium,2,0,15.7,113.0,0
ORD-101075,Kolkata,Mumbai,Sports,5904.0,2144.3,Standard,New,Friday,July,Rain,,2,0,12.9,246.0,1
ORD-100433,Chennai,Bengaluru,Beauty,1818.0,353.1,Standard,Regular,Sunday,May,Clear,High,3,0,10.7,109.0,1
ORD-103902,Kolkata,Chandigarh,Electronics,12481.0,1799.7,Standard,New,Thursday,September,Clear,Low,5,0,24.6,257.0,1
ORD-103814,Mumbai,Bengaluru,Beauty,11195.0,1065.8,Express,Regular,Monday,July,Clear,Low,3,4,4.7,350.0,0
ORD-103623,Bengaluru,Pune,Home & Kitchen,5928.0,852.3,Standard,Premium,Sunday,December,Fog,Low,2,1,35.2,118.0,1
ORD-101719,Chennai,Mumbai,Electronics,21046.0,1347.7,Express,Regular,Monday,March,Clear,High,3,0,19.6,397.0,0
ORD-104928,Bengaluru,Pune,Groceries,1449.0,953.0,Economy,Regular,Thursday,August,Cloudy,Medium,4,1,1.0,143.0,0
ORD-100578,Bengaluru,Mumbai,Sports,3120.0,1073.4,Standard,New,Sunday,May,,High,1,0,8.7,174.0,0
ORD-102234,Hyderabad,Kochi,Beauty,938.0,1013.1,Standard,New,Sunday,April,Clear,Low,2,1,3.6,111.0,0
ORD-100246,Kolkata,Bengaluru,Sports,4608.0,1987.1,Express,Premium,Thursday,November,Cloudy,High,3,0,12.5,391.0,0
ORD-104232,Mumbai,Mumbai,Electronics,22524.0,39.6,Standard,Regular,Wednesday,May,Clear,High,4,0,7.1,126.0,0
ORD-100368,Chennai,Chandigarh,Electronics,8125.0,2582.8,Economy,Regular,Tuesday,April,Rain,Low,1,1,12.9,238.0,1
ORD-105779,Chennai,Delhi,Electronics,29883.0,2021.9,Standard,Regular,Wednesday,October,Clear,Low,2,1,29.0,225.0,0
ORD-101273,Delhi,Ahmedabad,Electronics,18001.0,884.9,Priority,Regular,Wednesday,October,Clear,Medium,4,1,18.5,407.0,0
ORD-104156,Mumbai,Delhi,Groceries,3099.0,1489.5,Express,Regular,Thursday,June,Clear,Medium,6,2,7.1,488.0,0
ORD-104103,Bengaluru,Pune,Beauty,1424.0,881.8,Express,Regular,Wednesday,December,Fog,High,1,1,5.3,220.0,1
ORD-105717,Kolkata,Coimbatore,Groceries,7488.0,2370.8,Standard,New,Friday,July,Clear,Low,10,1,5.1,329.0,0
ORD-105463,Mumbai,Kolkata,Electronics,20933.0,2145.7,Express,New,Friday,February,Fog,Medium,2,1,15.6,434.0,0
ORD-105555,Chennai,Kolkata,Groceries,718.0,1685.4,Economy,Regular,Wednesday,December,Fog,High,4,1,20.1,166.0,1
ORD-105603,Hyderabad,Chennai,Electronics,19011.0,653.0,Standard,Regular,Friday,November,Clear,High,2,0,7.3,152.0,0
ORD-101372,Hyderabad,Nagpur,Furniture,15077.0,530.8,Standard,New,Thursday,August,Clear,Low,3,0,17.2,145.0,0
ORD-102663,Delhi,Visakhapatnam,Sports,4912.0,1627.9,Standard,Regular,Sunday,September,Rain,Low,4,1,13.0,245.0,0
ORD-104516,Delhi,Chandigarh,Home & Kitchen,2324.0,297.5,Economy,Regular,Thursday,January,Fog,Low,2,2,22.3,67.0,0
ORD-105710,Bengaluru,Kolkata,Electronics,24474.0,2042.7,Standard,New,Wednesday,August,Rain,Medium,2,0,30.0,268.0,1
ORD-100556,Delhi,Delhi,Beauty,2408.0,23.1,Standard,Premium,Monday,August,Cloudy,High,3,1,17.5,85.0,1
ORD-103270,Mumbai,Nagpur,Furniture,27742.0,860.8,Standard,New,Saturday,November,Clear,Medium,1,0,36.7,193.0,0
ORD-105566,Delhi,Hyderabad,Sports,4394.0,1631.1,Express,New,Wednesday,September,Cloudy,Medium,2,1,18.7,311.0,0
ORD-101311,Delhi,Delhi,Clothing,1014.0,29.2,Economy,Regular,Wednesday,June,Cloudy,Medium,2,1,12.7,48.0,0
ORD-102583,Mumbai,Indore,Electronics,8799.0,662.2,Standard,Regular,Tuesday,October,Clear,Medium,1,0,21.7,129.0,0
ORD-102169,Delhi,Chandigarh,Furniture,12504.0,309.4,Economy,New,Sunday,September,Cloudy,Medium,1,0,19.7,80.0,1
ORD-102043,Chennai,Nagpur,Groceries,3109.0,1119.8,Standard,New,Wednesday,February,Fog,Medium,5,0,13.9,218.0,0
ORD-102586,Bengaluru,Delhi,Books,115.0,2220.1,Standard,New,Sunday,January,Cloudy,High,2,1,26.6,257.0,1
ORD-101787,Delhi,Kolkata,Home & Kitchen,4391.0,1520.8,Standard,Regular,Thursday,July,Cloudy,Medium,3,0,26.1,201.0,1
ORD-105458,Chennai,Bengaluru,Beauty,1005.0,370.4,Priority,Regular,Saturday,January,Clear,Low,2,0,3.6,214.0,0
ORD-105066,Bengaluru,Delhi,Electronics,11016.0,2042.2,Standard,Regular,Friday,August,Rain,Medium,2,1,9.0,262.0,1
ORD-105639,Mumbai,Patna,Books,684.0,1763.4,Express,Regular,Saturday,November,Rain,Low,1,0,13.9,333.0,0
ORD-100152,Hyderabad,Lucknow,Clothing,1671.0,1389.1,Priority,Regular,Thursday,September,Cloudy,Low,1,3,9.8,420.0,0
ORD-103934,Mumbai,Chandigarh,Groceries,4768.0,1619.8,Express,Premium,Monday,September,Clear,Low,10,0,15.3,488.0,0
ORD-105846,Hyderabad,Hyderabad,Groceries,2994.0,21.5,Standard,New,Tuesday,October,Clear,High,5,0,11.6,103.0,0
ORD-105002,Chennai,Ahmedabad,Beauty,1628.0,1645.6,Express,New,Wednesday,August,Rain,Medium,3,1,29.9,342.0,0
ORD-102860,Bengaluru,Chandigarh,Beauty,1115.0,2400.5,Economy,Regular,Thursday,November,Clear,Medium,1,1,16.6,235.0,0
ORD-103221,Delhi,Visakhapatnam,Groceries,2308.0,1670.7,Standard,Regular,Sunday,April,Clear,Low,8,1,10.6,307.0,0
ORD-100916,Hyderabad,Patna,Sports,5045.0,1373.4,Standard,New,Tuesday,November,Clear,Low,2,0,14.8,170.0,0
ORD-105322,Chennai,Delhi,Beauty,311.0,2084.9,Express,Regular,Sunday,October,Cloudy,High,1,1,13.8,386.0,1
ORD-102672,Bengaluru,Delhi,Home & Kitchen,24720.0,2030.5,Express,Regular,Thursday,May,Clear,High,5,1,6.6,548.0,1
ORD-101558,Bengaluru,Coimbatore,Beauty,4009.0,280.1,Express,Premium,Saturday,July,Cloudy,Low,3,0,19.4,162.0,0
ORD-103769,Chennai,Kolkata,Groceries,6169.0,1815.5,Standard,Regular,Monday,August,Rain,Medium,6,2,12.3,285.0,1
ORD-104394,Chennai,Jaipur,Beauty,890.0,2157.1,Standard,New,Thursday,June,Rain,Medium,1,0,21.8,229.0,1
ORD-102478,Mumbai,Hyderabad,Sports,2242.0,736.1,Standard,Regular,Monday,November,Clear,Medium,1,0,14.7,130.0,0
ORD-102550,Delhi,Kolkata,Home & Kitchen,3323.0,1578.1,Express,Regular,Tuesday,October,Clear,Low,2,0,28.3,345.0,0
ORD-105016,Delhi,Jaipur,Beauty,2225.0,282.9,Standard,Regular,Saturday,October,Cloudy,Medium,2,0,24.2,83.0,0
ORD-105325,Mumbai,Bhopal,Electronics,27774.0,801.2,Standard,Regular,Wednesday,July,Clear,Medium,3,0,9.7,185.0,0
ORD-101345,Hyderabad,Coimbatore,Books,2490.0,865.4,Economy,Regular,Saturday,January,Clear,Medium,5,0,26.3,154.0,0
ORD-100749,Kolkata,Hyderabad,Sports,13022.0,1457.6,Standard,Regular,Saturday,October,Clear,Medium,4,0,18.6,214.0,0
ORD-101296,Delhi,Visakhapatnam,Electronics,11090.0,1758.0,Priority,Premium,Friday,June,Cloudy,Medium,1,0,7.5,384.0,0
ORD-104096,Delhi,Kolkata,Books,1129.0,1688.3,Economy,New,Thursday,May,Clear,Medium,3,0,10.0,204.0,0
ORD-102307,Bengaluru,Kolkata,Beauty,2272.0,2072.1,Standard,Regular,Friday,September,Cloudy,Medium,2,1,10.6,250.0,1
ORD-101175,Bengaluru,Delhi,Sports,2521.0,2291.4,Standard,Regular,Wednesday,April,Fog,Low,3,0,16.4,281.0,0
ORD-105185,Mumbai,Bengaluru,Electronics,5805.0,1044.9,Economy,New,Sunday,October,Clear,High,1,0,28.3,124.0,0
ORD-105931,Hyderabad,Mumbai,Electronics,24480.0,839.6,Economy,New,Saturday,April,Rain,Medium,2,1,5.0,122.0,0
ORD-103533,Bengaluru,Visakhapatnam,Books,483.0,1051.9,Standard,Premium,Saturday,August,Rain,Low,5,0,1.0,188.0,0
ORD-101863,Hyderabad,Bhopal,Clothing,5127.0,799.4,Standard,Premium,Saturday,August,Clear,Low,4,0,20.1,134.0,0
ORD-105986,Delhi,Coimbatore,Sports,2165.0,2407.1,Economy,Regular,Thursday,January,Cloudy,Medium,1,0,7.0,261.0,1
ORD-101421,Chennai,Bengaluru,Clothing,2130.0,351.6,Express,Regular,Saturday,October,Rain,High,4,0,35.6,168.0,1
ORD-100492,Chennai,Kolkata,Clothing,3093.0,1744.9,Standard,Regular,Thursday,July,Rain,Low,1,1,10.6,234.0,0
ORD-101744,Hyderabad,Patna,Electronics,6493.0,1413.3,Standard,Regular,Tuesday,April,Cloudy,Low,1,1,8.9,203.0,0
ORD-104379,Hyderabad,Indore,Clothing,3931.0,897.6,Standard,New,Friday,November,Clear,Medium,2,0,13.1,142.0,0
ORD-101873,Hyderabad,Chennai,Beauty,1399.0,615.8,Standard,Regular,Sunday,November,Clear,Medium,2,1,10.1,165.0,0
ORD-101130,Hyderabad,Coimbatore,Groceries,,939.5,Standard,Premium,Tuesday,April,Clear,Low,7,0,13.4,152.0,0
ORD-100472,Bengaluru,Kochi,Clothing,2388.0,440.2,Standard,New,Sunday,November,Cloudy,Low,4,1,11.9,118.0,0
ORD-105978,Delhi,Hyderabad,Furniture,15496.0,1581.5,Express,Regular,Sunday,June,Cloudy,Low,1,1,26.8,335.0,1
ORD-103027,Delhi,Mumbai,Beauty,1312.0,1516.5,Priority,Regular,Sunday,December,Fog,Medium,2,0,12.5,416.0,0
ORD-103128,Mumbai,Kochi,Clothing,534.0,1319.1,Economy,New,Sunday,March,Clear,Low,1,0,29.4,148.0,0
ORD-103804,Mumbai,Lucknow,Home & Kitchen,3063.0,1529.1,Express,New,Friday,February,Cloudy,,2,1,15.6,277.0,0
ORD-100808,Mumbai,Pune,Sports,1557.0,145.6,Express,New,Thursday,November,Clear,Low,3,0,18.9,134.0,0
ORD-105726,Hyderabad,Bengaluru,Books,574.0,618.3,Economy,Regular,Thursday,October,Cloudy,Low,4,1,18.4,120.0,0
ORD-102785,Mumbai,Lucknow,Books,884.0,1462.9,Standard,Regular,Sunday,September,Cloudy,High,3,1,9.5,196.0,0
ORD-104646,Hyderabad,Coimbatore,Books,1722.0,962.9,Standard,Regular,Saturday,January,Cloudy,Low,3,3,10.8,161.0,0
ORD-100897,Delhi,Pune,Clothing,2794.0,1528.2,Priority,Premium,Friday,September,Cloudy,Medium,2,1,10.2,392.0,1
ORD-101789,Kolkata,Indore,Clothing,1077.0,1606.5,Economy,Regular,Monday,January,Fog,High,2,2,26.9,145.0,1
ORD-102639,Kolkata,Indore,Beauty,555.0,1522.7,Standard,New,Tuesday,April,Rain,Medium,3,2,14.4,246.0,1
ORD-102230,Chennai,Kolkata,Groceries,1779.0,1675.8,Standard,Premium,Sunday,May,Clear,Medium,8,0,10.1,262.0,0
ORD-105453,Chennai,Delhi,Groceries,8897.0,2281.7,Express,Premium,Wednesday,August,Rain,Medium,9,0,4.8,556.0,0
ORD-100355,Bengaluru,Chennai,Electronics,11901.0,388.3,Economy,New,Sunday,August,Cloudy,Low,1,1,9.6,80.0,0
ORD-100252,Kolkata,Chandigarh,Groceries,1291.0,1786.7,Standard,Regular,Tuesday,March,Clear,High,4,2,24.9,233.0,1
ORD-100186,Chennai,Lucknow,Groceries,874.0,1969.2,Standard,New,Wednesday,September,Rain,Low,2,0,20.0,196.0,1
ORD-101887,Mumbai,Coimbatore,Electronics,19502.0,1218.4,Standard,New,Sunday,September,Cloudy,Low,3,0,14.6,215.0,0
ORD-104048,Delhi,Hyderabad,Groceries,1295.0,1579.9,Standard,Premium,Friday,August,Rain,High,4,0,14.0,220.0,0
ORD-102154,Kolkata,Patna,Groceries,701.0,593.4,Express,New,Tuesday,August,Clear,Low,3,0,16.3,204.0,0
ORD-104327,Mumbai,Chennai,Home & Kitchen,2291.0,1234.1,Standard,Premium,Wednesday,October,Clear,High,2,0,7.5,148.0,1
ORD-100228,Bengaluru,Coimbatore,Home & Kitchen,6254.0,269.7,Standard,Premium,Wednesday,May,Fog,High,3,0,21.8,,0
ORD-104863,Delhi,Coimbatore,Sports,2950.0,2286.1,Economy,Regular,Sunday,March,Cloudy,Low,2,1,12.3,214.0,0
ORD-102118,Mumbai,Delhi,Beauty,1361.0,1551.6,Standard,Premium,Monday,August,Cloudy,Medium,2,0,9.2,192.0,0
ORD-101323,Mumbai,Delhi,Clothing,4338.0,1410.8,Economy,New,Sunday,October,Clear,Low,4,0,28.6,166.0,0
ORD-103692,Bengaluru,Chandigarh,Beauty,3955.0,2498.3,Economy,Regular,Friday,August,Rain,Medium,4,0,4.5,265.0,1
ORD-105061,Mumbai,Delhi,Clothing,6563.0,1418.7,Express,New,Thursday,March,Clear,Low,2,0,8.0,328.0,0
ORD-104021,Delhi,Chandigarh,Clothing,2215.0,290.8,Priority,Regular,Tuesday,July,Rain,,4,2,20.7,270.0,0
ORD-105569,Mumbai,Hyderabad,Books,1258.0,816.9,Economy,Regular,Friday,October,Cloudy,High,3,1,32.6,120.0,1
ORD-100293,Hyderabad,Patna,Sports,1733.0,1418.3,Standard,Premium,Sunday,March,Rain,Medium,1,2,10.8,,0
ORD-101320,Kolkata,Coimbatore,Home & Kitchen,9770.0,2396.3,Standard,Premium,Tuesday,August,Cloudy,Low,1,1,21.6,228.0,0
ORD-102274,Kolkata,Lucknow,Clothing,6799.0,1111.0,Priority,Premium,Sunday,April,Cloudy,Low,2,1,27.1,337.0,0
ORD-102504,Kolkata,Kochi,Groceries,2286.0,2231.2,Standard,Regular,Saturday,August,Storm,Medium,3,0,11.0,261.0,0
ORD-105533,Bengaluru,Bengaluru,Clothing,1567.0,14.9,Standard,New,Wednesday,May,Clear,High,2,1,16.4,65.0,0
ORD-101085,Hyderabad,Kolkata,Clothing,2982.0,1422.3,Economy,New,Sunday,February,Clear,Medium,2,0,25.4,195.0,0
ORD-101488,Bengaluru,Ahmedabad,Electronics,7342.0,1563.4,Standard,Regular,Thursday,September,Cloudy,Low,2,1,8.3,214.0,0
ORD-102116,Hyderabad,Pune,Groceries,4116.0,638.4,Standard,New,Saturday,April,Clear,Medium,7,0,5.8,,0
ORD-103480,Bengaluru,Lucknow,Electronics,11077.0,2032.9,Economy,Regular,Thursday,November,Cloudy,Medium,2,3,17.8,250.0,0
ORD-102482,Delhi,Chandigarh,Groceries,4223.0,302.4,Economy,Regular,Wednesday,August,Clear,Low,5,0,7.0,91.0,0
ORD-104598,Mumbai,Hyderabad,Clothing,4804.0,784.5,Express,Regular,Monday,February,Fog,Medium,2,3,,232.0,0
ORD-102233,Mumbai,Pune,Beauty,536.0,150.0,Economy,New,Sunday,November,Clear,Low,2,0,21.7,57.0,0
ORD-101739,Bengaluru,Bengaluru,Clothing,2033.0,43.0,Economy,Regular,Monday,May,Cloudy,Medium,1,1,14.2,41.0,0
ORD-104056,Kolkata,Chandigarh,Electronics,12486.0,1866.6,Economy,Regular,Saturday,October,Cloudy,Low,2,0,13.2,190.0,1
ORD-104955,Delhi,Pune,Home & Kitchen,8702.0,1302.0,Priority,Premium,Saturday,May,Clear,Low,3,0,14.0,446.0,0
ORD-100614,Hyderabad,Bengaluru,Groceries,2198.0,593.0,Express,Regular,Sunday,February,Fog,Low,8,0,10.0,309.0,1
ORD-104828,Delhi,Indore,Sports,2413.0,866.6,Express,Regular,Monday,January,Fog,Medium,2,0,4.9,229.0,0
ORD-104875,Bengaluru,Visakhapatnam,Books,561.0,1005.5,Economy,Regular,Thursday,September,Rain,Low,4,0,4.4,178.0,0
ORD-105719,Mumbai,Jaipur,Electronics,20604.0,1124.4,Priority,Premium,Sunday,September,Storm,Medium,1,2,12.8,389.0,0
ORD-105858,Bengaluru,Jaipur,Clothing,1756.0,1816.7,Standard,Premium,Friday,September,Cloudy,Low,2,0,14.2,208.0,0
ORD-105461,Chennai,Hyderabad,Clothing,5761.0,705.2,Express,Premium,Monday,April,Cloudy,High,2,0,15.7,195.0,0
ORD-100506,Kolkata,Ahmedabad,Groceries,6876.0,2034.1,Standard,New,Tuesday,March,Clear,Low,8,1,8.3,361.0,0
ORD-105844,Bengaluru,Indore,Electronics,30081.0,1323.0,Express,Premium,Friday,January,Clear,Medium,1,1,24.9,271.0,0
ORD-100273,Mumbai,Kochi,Sports,3913.0,1333.4,Express,New,Wednesday,December,Clear,Medium,1,0,10.2,291.0,0
ORD-105158,Bengaluru,Patna,Beauty,2136.0,2043.7,Standard,Premium,Thursday,July,Clear,Low,2,1,20.7,209.0,0
ORD-104562,Delhi,Indore,Sports,3376.0,754.0,Express,New,Thursday,December,Clear,Medium,2,0,19.0,173.0,0
ORD-102376,Mumbai,Jaipur,Beauty,974.0,1125.5,Express,Regular,Monday,October,Cloudy,Low,2,0,17.7,259.0,1
ORD-104382,Delhi,Kochi,Groceries,5442.0,2721.2,Standard,Regular,Wednesday,June,Storm,Medium,6,0,6.6,357.0,1
ORD-100107,Bengaluru,Visakhapatnam,Electronics,2518.0,1058.8,Express,Premium,Saturday,October,Cloudy,Low,1,2,11.9,226.0,0
ORD-105252,Mumbai,Mumbai,Clothing,,40.1,Standard,New,Thursday,February,Clear,High,2,0,14.4,72.0,0
ORD-101783,Delhi,Indore,Clothing,3764.0,933.7,Standard,New,Thursday,June,Clear,Medium,2,1,7.7,153.0,0
ORD-100953,Delhi,Bengaluru,Sports,1892.0,2170.6,Standard,Premium,Saturday,July,Rain,Low,1,2,20.0,204.0,1
ORD-101560,Kolkata,Patna,Books,636.0,577.7,Economy,Regular,Wednesday,October,Clear,Medium,1,1,24.3,83.0,1
ORD-101770,Kolkata,Kolkata,Clothing,7491.0,21.0,Priority,New,Tuesday,May,Rain,Low,4,0,21.8,214.0,0
ORD-103310,Mumbai,Kolkata,Groceries,2560.0,2100.0,Standard,Regular,Sunday,February,Storm,Medium,6,0,9.5,224.0,0
ORD-104687,Delhi,Mumbai,Sports,2893.0,1397.5,Standard,New,Tuesday,May,Cloudy,Low,2,0,24.0,,0
ORD-101025,Chennai,Bengaluru,Electronics,20761.0,355.8,Standard,Regular,Wednesday,April,Rain,Low,2,1,17.4,118.0,0
ORD-103481,Bengaluru,Visakhapatnam,Sports,1530.0,985.1,Standard,Regular,Monday,May,Clear,Low,2,2,9.6,164.0,0
ORD-105733,Chennai,Visakhapatnam,Groceries,385.0,773.1,Standard,New,Monday,February,Storm,Low,3,0,20.9,147.0,0
ORD-100417,Mumbai,Hyderabad,Groceries,2987.0,771.8,Standard,Regular,Thursday,July,Clear,High,9,2,9.4,253.0,0
ORD-104367,Bengaluru,Mumbai,Clothing,3732.0,992.3,Express,Regular,Monday,February,Clear,Low,3,2,4.1,267.0,0
ORD-101434,Mumbai,Bhopal,Clothing,1082.0,823.7,Express,Regular,Monday,May,Storm,Low,1,1,15.8,190.0,0
ORD-102421,Mumbai,Chennai,Clothing,2485.0,1393.6,Standard,Premium,Friday,September,Cloudy,Low,3,0,12.0,178.0,0
ORD-100565,Chennai,Hyderabad,Furniture,6792.0,657.5,Standard,Regular,Saturday,November,Rain,Medium,1,2,21.2,117.0,0
ORD-100479,Chennai,Chennai,Furniture,9409.0,43.7,Economy,Regular,Thursday,September,Rain,High,1,3,17.6,54.0,1
ORD-105813,Chennai,Pune,Clothing,942.0,1150.1,Standard,Regular,Wednesday,December,Clear,High,1,2,14.7,163.0,0
ORD-100143,Hyderabad,Bengaluru,Home & Kitchen,2988.0,607.2,Economy,New,Monday,October,Clear,Low,1,1,27.7,99.0,0
ORD-101264,Hyderabad,Ahmedabad,Electronics,17348.0,1069.3,Standard,New,Tuesday,August,Rain,Medium,2,1,14.2,169.0,0
ORD-101171,Delhi,Indore,Electronics,11198.0,857.7,Express,Regular,Monday,May,Cloudy,Low,1,1,24.1,212.0,0
ORD-105466,Kolkata,Lucknow,Beauty,1101.0,1114.3,Economy,Regular,Wednesday,May,Clear,Medium,1,1,17.2,114.0,0
ORD-102188,Bengaluru,Delhi,Electronics,8897.0,2144.0,Express,Regular,Monday,September,Cloudy,Low,1,0,12.6,386.0,0
ORD-100606,Kolkata,Bengaluru,Sports,2832.0,1888.1,Economy,New,Sunday,November,Clear,Medium,2,1,25.4,205.0,1
ORD-101892,Chennai,Patna,Sports,3360.0,1962.1,Standard,New,Thursday,April,Clear,High,2,0,11.9,229.0,1
ORD-103553,Delhi,Kolkata,Home & Kitchen,5291.0,1569.0,Standard,Regular,Saturday,January,Clear,High,5,2,24.2,220.0,0
ORD-100498,Chennai,Hyderabad,Home & Kitchen,3377.0,657.3,Economy,Regular,Wednesday,January,Fog,High,3,1,15.9,99.0,1
ORD-102319,Bengaluru,Coimbatore,Beauty,999.0,290.7,Priority,Premium,Tuesday,August,Rain,Low,3,2,12.5,206.0,0
ORD-102952,Kolkata,Indore,Beauty,759.0,1653.4,Standard,Premium,Monday,December,Fog,Low,2,0,10.8,134.0,0
ORD-103461,Bengaluru,Patna,Electronics,22337.0,2001.3,Standard,Regular,Saturday,February,Fog,Low,4,1,6.5,289.0,1
ORD-104711,Kolkata,Mumbai,Electronics,23130.0,2035.3,Express,Regular,Thursday,October,Clear,High,3,2,10.8,478.0,1
ORD-100722,Delhi,Delhi,Electronics,12849.0,11.5,Standard,Premium,Wednesday,February,Clear,High,1,0,10.2,64.0,0
ORD-101942,Bengaluru,Delhi,Electronics,18753.0,2195.5,Economy,New,Saturday,February,Clear,Medium,1,0,22.7,230.0,1
ORD-101026,Delhi,Indore,Electronics,12712.0,795.4,Standard,Regular,Tuesday,December,Storm,Low,1,0,14.8,122.0,1
ORD-103198,Mumbai,Chennai,Electronics,8255.0,1293.3,Express,Premium,Friday,September,Rain,High,1,1,12.8,228.0,0
ORD-105100,Kolkata,Hyderabad,Home & Kitchen,8152.0,1469.1,Express,Premium,Sunday,February,Fog,Medium,2,0,13.2,285.0,1
ORD-105621,Bengaluru,Mumbai,Sports,2062.0,1085.1,Express,Premium,Monday,June,Cloudy,Medium,1,1,5.9,221.0,0
ORD-101502,Hyderabad,Lucknow,Books,915.0,1385.5,Priority,Premium,Monday,January,Clear,Medium,4,1,7.0,482.0,0
ORD-105766,Delhi,Bengaluru,Books,1118.0,2332.4,Standard,New,Saturday,December,Rain,High,4,1,8.4,300.0,1
ORD-104880,Delhi,Mumbai,Furniture,20449.0,1435.2,Economy,Regular,Monday,November,Rain,High,2,1,35.3,187.0,1
ORD-103930,Hyderabad,Indore,Electronics,23326.0,857.8,Standard,Regular,Tuesday,September,Storm,Low,1,0,11.5,156.0,1
ORD-105418,Hyderabad,Indore,Books,708.0,808.3,Standard,New,Monday,May,Clear,High,2,0,24.5,132.0,0
ORD-105933,Delhi,Bhopal,Home & Kitchen,7685.0,771.8,Standard,New,Tuesday,March,Clear,Low,6,0,10.7,162.0,0
ORD-105045,Delhi,Kochi,Electronics,16186.0,2293.5,Standard,Regular,Tuesday,September,Rain,Low,2,0,15.9,263.0,0
ORD-102150,Mumbai,Bengaluru,Electronics,9365.0,1115.5,Priority,Premium,Saturday,September,Rain,Medium,1,1,11.0,334.0,0
ORD-100337,Mumbai,Hyderabad,Clothing,3050.0,819.7,Express,Regular,Monday,November,Cloudy,High,1,1,26.7,245.0,0
ORD-105308,Delhi,Patna,Beauty,1401.0,1014.5,Standard,Premium,Saturday,September,Rain,Medium,2,0,8.9,160.0,0
ORD-103194,Chennai,Chennai,Home & Kitchen,2094.0,19.2,Standard,New,Saturday,August,Rain,Medium,1,2,22.3,42.0,0
ORD-101226,Hyderabad,Bengaluru,Sports,1239.0,570.9,Standard,New,Friday,September,Cloudy,Medium,2,1,7.2,106.0,0
ORD-105152,Mumbai,Bhopal,Groceries,4409.0,801.1,Standard,Premium,Tuesday,November,,Medium,4,0,11.0,123.0,0
ORD-103083,Chennai,Bengaluru,Sports,6414.0,353.8,Standard,Premium,Wednesday,December,Clear,Low,1,3,28.6,88.0,0
ORD-102289,Mumbai,Delhi,Books,1325.0,1459.1,Standard,Premium,Saturday,October,Cloudy,High,2,1,12.1,185.0,1
ORD-103657,Mumbai,Hyderabad,Furniture,19839.0,799.6,Standard,New,Friday,August,Cloudy,Medium,1,0,27.0,154.0,0
ORD-104991,Mumbai,Kochi,Groceries,454.0,1343.9,Economy,New,Friday,August,Rain,Medium,2,1,4.5,163.0,0
ORD-103246,Bengaluru,Kochi,Electronics,10063.0,444.4,Economy,Regular,Tuesday,June,Rain,Medium,2,0,11.9,97.0,1
ORD-100725,Mumbai,Hyderabad,Electronics,16217.0,820.3,Standard,Regular,Friday,September,Cloudy,High,1,0,12.1,113.0,0
ORD-100766,Mumbai,Kolkata,Sports,5979.0,2039.5,Express,Premium,Tuesday,June,Rain,Medium,2,0,16.7,325.0,1
ORD-100287,Mumbai,Indore,Electronics,47347.0,571.1,Standard,New,Thursday,September,Clear,Medium,4,0,21.6,187.0,0
ORD-100308,Chennai,Nagpur,Sports,3987.0,1154.9,Standard,Regular,Thursday,December,Fog,Medium,1,0,13.9,139.0,0
ORD-102227,Chennai,Kolkata,Groceries,,1728.2,Standard,Regular,Saturday,December,Cloudy,Low,5,0,5.0,209.0,1
ORD-104714,Hyderabad,Chandigarh,Beauty,953.0,1778.6,Standard,New,Monday,June,Clear,Medium,2,0,12.7,220.0,0
ORD-102796,Bengaluru,Kochi,Electronics,30925.0,469.6,Standard,Premium,Thursday,May,Fog,High,4,0,8.9,166.0,0
ORD-105489,Delhi,Chennai,Sports,,2291.1,Standard,Regular,Friday,March,Cloudy,High,2,0,14.9,238.0,0
ORD-103878,Hyderabad,Nagpur,Sports,2030.0,513.1,Express,Premium,Monday,September,Clear,Low,2,0,12.3,154.0,0
ORD-102499,Kolkata,Jaipur,Sports,2791.0,1796.9,Economy,Regular,Friday,November,Cloudy,Medium,3,1,13.1,164.0,0
ORD-105134,Bengaluru,Visakhapatnam,Home & Kitchen,4452.0,1048.1,Standard,New,Wednesday,October,Clear,Low,3,1,14.2,155.0,0
ORD-104789,Mumbai,Ahmedabad,Sports,6395.0,575.3,Priority,Regular,Wednesday,June,Cloudy,,3,1,10.0,258.0,0
ORD-100072,Delhi,Bengaluru,Home & Kitchen,4112.0,2184.1,Express,Regular,Wednesday,August,Storm,High,5,1,20.4,480.0,1
ORD-101633,Chennai,Patna,Beauty,1425.0,1791.0,Standard,New,Wednesday,August,Clear,Low,3,0,24.3,197.0,0
ORD-100712,Chennai,Nagpur,Electronics,16756.0,1152.4,Economy,Regular,Wednesday,May,Cloudy,Medium,1,2,28.6,154.0,1
ORD-103790,Chennai,Patna,Clothing,1048.0,1679.3,Economy,New,Tuesday,February,Fog,Low,2,0,10.6,187.0,0
ORD-101021,Hyderabad,Visakhapatnam,Groceries,1346.0,635.1,Standard,Regular,Friday,September,,Medium,4,1,15.5,135.0,0
ORD-101401,Bengaluru,Indore,Sports,5828.0,1396.0,Priority,Premium,Friday,December,Cloudy,Medium,4,0,13.1,497.0,0
ORD-102339,Bengaluru,Delhi,Electronics,6125.0,2122.3,Standard,Regular,Thursday,December,Fog,Medium,1,1,35.7,238.0,1
ORD-102340,Mumbai,Lucknow,Clothing,2540.0,1555.9,Standard,New,Wednesday,November,Clear,Medium,5,1,19.9,235.0,1
ORD-100738,Delhi,Kochi,Clothing,1306.0,2475.8,Express,Regular,Sunday,February,Clear,Medium,1,1,9.6,414.0,0
ORD-101967,Chennai,Indore,Furniture,15529.0,1387.2,Standard,Regular,Saturday,May,Clear,Low,1,1,30.1,184.0,0
ORD-102485,Kolkata,Mumbai,Clothing,2348.0,1999.5,Standard,Regular,Wednesday,July,Cloudy,Medium,3,2,16.1,245.0,1
ORD-101587,Delhi,Bhopal,Clothing,1840.0,760.1,Standard,Regular,Monday,May,Cloudy,Medium,4,1,16.1,127.0,0
ORD-105625,Mumbai,Mumbai,Home & Kitchen,8599.0,43.9,Standard,Regular,Sunday,February,Clear,High,3,0,6.2,87.0,0
ORD-105546,Delhi,Kolkata,Clothing,2585.0,1667.2,Economy,Regular,Saturday,October,Clear,Medium,3,1,14.5,194.0,1
ORD-105139,Delhi,Hyderabad,Sports,1632.0,1584.1,Economy,New,Thursday,March,Cloudy,Medium,4,0,13.7,225.0,0
ORD-101096,Delhi,Chennai,Sports,9388.0,2182.6,Priority,Premium,Sunday,July,Storm,Low,3,0,11.9,559.0,1
ORD-103387,Bengaluru,Patna,Groceries,3048.0,2191.1,Standard,Regular,Wednesday,April,Clear,Low,4,1,5.1,296.0,0
ORD-102998,Mumbai,Hyderabad,Clothing,9986.0,839.3,Economy,Regular,Monday,June,Rain,Medium,2,1,10.3,145.0,0
ORD-103411,Chennai,Delhi,Groceries,2299.0,2061.4,Economy,Regular,Saturday,July,Clear,Medium,4,2,4.5,221.0,1
ORD-103996,Mumbai,Hyderabad,Groceries,413.0,763.7,Express,Regular,Saturday,March,Clear,Medium,4,0,5.0,248.0,0
ORD-100979,Bengaluru,Mumbai,Electronics,25825.0,1080.4,Priority,Regular,Thursday,December,Fog,Medium,1,1,27.1,383.0,0
ORD-105660,Chennai,Visakhapatnam,Beauty,2889.0,728.3,Economy,Regular,Thursday,June,Cloudy,Medium,2,0,16.8,119.0,0
ORD-105157,Delhi,Patna,Electronics,24055.0,1158.1,Economy,New,Tuesday,March,Cloudy,Medium,2,1,28.6,183.0,0
ORD-104853,Kolkata,Kochi,Sports,9698.0,2347.2,Economy,Premium,Wednesday,December,Fog,Medium,2,0,13.6,224.0,1
ORD-103942,Mumbai,Chennai,Home & Kitchen,15408.0,1326.4,Standard,Regular,Tuesday,November,Storm,Low,2,1,36.0,204.0,1
ORD-105333,Delhi,Delhi,Books,658.0,16.1,Priority,Regular,Thursday,December,Fog,Medium,4,0,9.1,189.0,0
ORD-100345,Kolkata,Chennai,Sports,3787.0,1727.5,Standard,Regular,Wednesday,April,Cloudy,Low,1,1,10.4,209.0,0
ORD-102241,Delhi,Bengaluru,Electronics,8496.0,2110.3,Standard,Regular,Sunday,April,Cloudy,High,4,2,15.0,322.0,1
ORD-100912,Kolkata,Kochi,Beauty,2709.0,2451.8,Express,Regular,Saturday,October,Clear,Medium,1,2,15.9,398.0,1
ORD-101655,Hyderabad,Chennai,Sports,1523.0,646.5,Standard,Regular,Saturday,June,Clear,Low,2,2,15.5,135.0,0
ORD-100048,Delhi,Bengaluru,Books,1251.0,2211.6,Economy,Regular,Thursday,July,Clear,High,4,2,15.1,220.0,1
ORD-102410,Hyderabad,Kolkata,Sports,4155.0,1498.6,Standard,Regular,Tuesday,January,Cloudy,High,1,0,18.3,218.0,0
ORD-105246,Chennai,Hyderabad,Home & Kitchen,2964.0,655.3,Standard,Regular,Wednesday,December,Clear,Low,3,1,27.2,121.0,0
ORD-100444,Mumbai,Mumbai,Furniture,11356.0,16.4,Economy,Regular,Monday,December,Clear,Low,1,2,44.3,58.0,0
ORD-102472,Kolkata,Mumbai,Furniture,3778.0,2162.7,Express,New,Monday,November,Clear,Low,1,0,33.8,372.0,0
ORD-103196,Delhi,Bhopal,Electronics,15988.0,726.1,Express,New,Thursday,May,Clear,High,5,0,26.7,282.0,0
ORD-103290,Delhi,Bengaluru,Electronics,19803.0,2226.2,Standard,Regular,Sunday,June,Rain,Medium,2,2,21.3,319.0,1
ORD-104163,Kolkata,Delhi,Home & Kitchen,5574.0,1637.5,Priority,Premium,Friday,November,Clear,High,1,0,34.9,381.0,1
ORD-103324,Kolkata,Kolkata,Electronics,21974.0,10.8,Standard,New,Friday,December,Fog,High,1,1,22.6,78.0,1
ORD-104532,Delhi,Bengaluru,Books,1207.0,2157.7,Standard,Regular,Saturday,August,Clear,High,2,1,14.3,242.0,1
ORD-101658,Kolkata,Mumbai,Clothing,5795.0,2018.7,Standard,New,Friday,June,Cloudy,High,2,0,42.4,265.0,0
ORD-102896,Mumbai,Bengaluru,Beauty,1165.0,1038.9,Economy,New,Wednesday,December,Fog,Low,1,1,18.7,115.0,1
ORD-102318,Kolkata,Nagpur,Clothing,2870.0,1164.1,Standard,Premium,Monday,December,Storm,Low,5,0,21.4,182.0,0
ORD-101056,Chennai,Delhi,Clothing,6764.0,2133.4,Standard,Regular,Friday,December,Clear,High,2,0,12.6,298.0,1
ORD-100849,Mumbai,Chandigarh,Home & Kitchen,5688.0,1833.1,Standard,Regular,Wednesday,January,Cloudy,Medium,3,1,11.7,262.0,0
ORD-104983,Delhi,Bhopal,Electronics,9281.0,774.8,Express,Premium,Monday,February,Clear,High,1,1,32.6,222.0,1
ORD-102125,Delhi,Pune,Beauty,1084.0,1391.9,Standard,Regular,Friday,August,Cloudy,Low,2,2,9.6,189.0,0
ORD-105556,Kolkata,Hyderabad,Clothing,7716.0,1507.3,Standard,Regular,Friday,January,Storm,High,5,1,9.7,222.0,1
ORD-103159,Hyderabad,Chennai,Groceries,4157.0,637.8,Standard,Regular,Tuesday,September,Rain,Medium,6,1,23.0,189.0,0
ORD-105661,Delhi,Mumbai,Beauty,2944.0,1310.6,Standard,Premium,Saturday,April,Rain,Low,3,2,33.3,165.0,1
ORD-104634,Delhi,Kolkata,Sports,1646.0,1665.7,Standard,New,Friday,January,Fog,Low,2,2,20.7,216.0,1
ORD-101384,Hyderabad,Bengaluru,Beauty,2156.0,635.3,Standard,Regular,Thursday,December,Clear,Medium,2,0,8.1,108.0,0
ORD-101113,Bengaluru,Kolkata,Beauty,,1981.9,Standard,Premium,Thursday,July,Cloudy,Medium,1,0,11.7,184.0,0
ORD-105688,Mumbai,Chennai,Clothing,1810.0,1313.8,Standard,Regular,Thursday,May,Clear,Medium,3,0,22.3,193.0,1
ORD-100777,Bengaluru,Delhi,Clothing,2079.0,2087.3,Standard,Regular,Tuesday,August,Clear,Medium,1,1,15.0,,0
ORD-105732,Hyderabad,Delhi,Furniture,8169.0,1558.1,Standard,Regular,Monday,November,Clear,Medium,1,0,33.5,200.0,1
ORD-100184,Delhi,Kolkata,Groceries,5972.0,1611.1,Economy,Regular,Sunday,March,Clear,High,7,1,4.8,212.0,1
ORD-102671,Bengaluru,Bengaluru,Clothing,2084.0,25.0,Standard,New,Sunday,February,Fog,High,4,1,14.2,76.0,0
ORD-105940,Kolkata,Lucknow,Clothing,1260.0,1160.4,Economy,Regular,Wednesday,May,Storm,Medium,2,0,7.8,130.0,0
ORD-101243,Delhi,Kolkata,Electronics,14993.0,1651.9,Standard,Regular,Tuesday,August,Cloudy,Medium,3,2,23.5,230.0,1
ORD-101469,Chennai,Mumbai,Home & Kitchen,8007.0,1332.3,Economy,Regular,Saturday,January,Fog,Low,2,0,12.5,150.0,0
ORD-100735,Mumbai,Bengaluru,Books,388.0,1042.3,Priority,Premium,Friday,March,Cloudy,Low,1,3,6.9,265.0,0
ORD-104882,Bengaluru,Nagpur,Electronics,5681.0,1148.1,Express,Premium,Monday,January,Fog,Low,1,0,10.1,221.0,0
ORD-101169,Kolkata,Indore,Books,571.0,1575.1,Economy,Regular,Wednesday,July,Cloudy,Low,2,0,11.8,172.0,0
ORD-104319,Kolkata,Visakhapatnam,Home & Kitchen,4847.0,959.2,Standard,New,Friday,March,Rain,High,1,2,20.4,140.0,1
ORD-103873,Mumbai,Kolkata,Electronics,9153.0,2009.3,Express,Premium,Monday,August,Cloudy,Low,1,1,22.6,381.0,0
ORD-104809,Delhi,Chennai,Groceries,2090.0,2256.2,Express,Regular,Tuesday,October,Cloudy,Low,5,0,12.0,486.0,0
ORD-100486,Delhi,Patna,Home & Kitchen,9378.0,1094.4,Standard,New,Friday,December,Clear,Medium,3,2,34.0,190.0,1
ORD-103393,Hyderabad,Jaipur,Beauty,526.0,1403.5,Standard,Regular,Saturday,September,Rain,Low,2,0,7.0,208.0,0
ORD-100453,Chennai,Hyderabad,Home & Kitchen,11140.0,659.6,Express,New,Friday,December,Clear,Medium,4,0,14.5,,0
ORD-102639,Kolkata,Indore,Beauty,555.0,1522.7,Standard,New,Tuesday,April,Rain,Medium,3,2,14.4,246.0,1
ORD-104640,Delhi,Coimbatore,Home & Kitchen,1482.0,2651.2,Economy,Regular,Thursday,January,Cloudy,Low,1,1,33.0,247.0,1
ORD-100031,Chennai,Delhi,Books,,2215.6,Economy,Regular,Sunday,December,Fog,Medium,4,3,6.6,244.0,1
ORD-100790,Bengaluru,Nagpur,Home & Kitchen,7227.0,1114.5,Standard,Premium,Tuesday,October,Cloudy,Medium,3,1,13.7,163.0,0
ORD-102587,Delhi,Bhopal,Beauty,1490.0,721.9,Standard,Regular,Friday,July,Rain,High,1,0,11.3,113.0,0
ORD-103516,Chennai,Pune,Groceries,4698.0,1211.1,Express,Regular,Wednesday,February,Rain,High,5,0,17.2,364.0,1
ORD-101110,Mumbai,Bhopal,Clothing,1103.0,829.3,Standard,Premium,Thursday,December,Fog,Low,2,0,23.2,114.0,0
ORD-100101,Hyderabad,Jaipur,Groceries,4853.0,1344.3,Standard,Regular,Thursday,June,Clear,Low,10,0,4.3,269.0,0
ORD-105346,Mumbai,Indore,Sports,7674.0,666.3,Standard,Premium,Sunday,November,Rain,Medium,1,0,20.4,107.0,0
ORD-102405,Kolkata,Pune,Books,1068.0,2134.7,Standard,Regular,Sunday,February,Clear,Low,6,0,10.5,345.0,0
ORD-104208,Mumbai,Chandigarh,Clothing,2724.0,1700.9,Standard,Regular,Sunday,April,Rain,Low,1,0,18.2,207.0,0
ORD-104316,Bengaluru,Nagpur,Home & Kitchen,3340.0,1202.1,Economy,Regular,Thursday,February,,Low,3,2,17.5,150.0,1
ORD-102766,Hyderabad,Hyderabad,Sports,2394.0,37.7,Standard,Regular,Tuesday,October,Cloudy,Low,2,0,19.8,72.0,0
ORD-103007,Bengaluru,Bengaluru,Clothing,1626.0,19.6,Express,Regular,Monday,September,Rain,Medium,1,1,13.1,79.0,0
ORD-103835,Delhi,Nagpur,Groceries,1150.0,979.8,Express,Regular,Friday,March,Clear,Low,8,2,9.3,365.0,0
ORD-103194,Chennai,Chennai,Home & Kitchen,2094.0,19.2,Standard,New,Saturday,August,Rain,Medium,1,2,22.3,42.0,0
ORD-100862,Chennai,Patna,Electronics,7127.0,1918.5,Standard,New,Friday,November,Fog,Low,1,1,23.0,203.0,0
ORD-101565,Kolkata,Coimbatore,Electronics,11992.0,2289.1,Express,Regular,Friday,November,Fog,Medium,1,0,25.0,413.0,1
ORD-100904,Bengaluru,Coimbatore,Clothing,1585.0,296.6,Standard,Regular,Monday,April,Clear,Low,2,0,5.8,92.0,0
ORD-105861,Bengaluru,Pune,Beauty,765.0,869.2,Economy,New,Saturday,October,Clear,Low,2,1,13.4,113.0,0
ORD-100110,Hyderabad,Kochi,Clothing,2541.0,1028.3,Express,Regular,Monday,September,Storm,High,4,1,13.8,245.0,1
ORD-105547,Hyderabad,Kochi,Beauty,2396.0,1045.9,Express,New,Wednesday,June,Rain,High,3,1,32.7,296.0,1
ORD-104326,Bengaluru,Ahmedabad,Clothing,4247.0,1581.6,Standard,Regular,Monday,June,Clear,High,3,0,7.3,242.0,0
ORD-105083,Delhi,Chandigarh,Beauty,596.0,286.4,Economy,Regular,Monday,September,Rain,Low,2,0,25.5,78.0,0
ORD-102834,Kolkata,Jaipur,Clothing,5319.0,1735.6,Economy,Regular,Wednesday,October,Cloudy,Medium,3,2,23.3,180.0,1
ORD-102894,Bengaluru,Chennai,Clothing,5066.0,378.2,Economy,Regular,Monday,February,Fog,Low,4,2,1.4,116.0,0
ORD-103649,Delhi,Chandigarh,Clothing,4529.0,294.9,Standard,Regular,Monday,May,Cloudy,Low,5,3,16.5,140.0,0
ORD-104942,Mumbai,Pune,Electronics,22222.0,157.6,Standard,New,Monday,October,Rain,Medium,2,0,20.5,104.0,0
ORD-105921,Bengaluru,Lucknow,Sports,5143.0,2016.9,Economy,New,Sunday,February,Cloudy,Medium,2,1,10.9,181.0,0
ORD-101880,Bengaluru,Pune,Groceries,2212.0,906.1,Standard,New,Wednesday,July,Rain,Medium,5,0,5.7,191.0,0
ORD-102612,Kolkata,Lucknow,Electronics,7925.0,1138.7,Standard,Regular,Thursday,February,Cloudy,,1,0,11.5,167.0,0
ORD-102927,Chennai,Lucknow,Home & Kitchen,3723.0,1776.8,Standard,Regular,Tuesday,December,Clear,Low,4,1,12.4,271.0,0
ORD-105757,Mumbai,Visakhapatnam,Beauty,,1415.2,Priority,Regular,Saturday,January,Clear,Medium,3,1,19.8,467.0,0
ORD-101757,Mumbai,Bengaluru,Groceries,2038.0,1114.7,Express,Regular,Sunday,March,Clear,Medium,6,1,15.4,352.0,0
ORD-102277,Bengaluru,Hyderabad,Clothing,5455.0,618.8,Express,Premium,Wednesday,July,Rain,Medium,5,1,12.8,259.0,0
ORD-105694,Kolkata,Chennai,Clothing,1883.0,1735.0,Standard,Regular,Saturday,March,Clear,High,2,2,13.0,215.0,0
ORD-103968,Mumbai,Kochi,Clothing,1298.0,1335.3,Standard,Regular,Saturday,November,Clear,Medium,1,1,35.0,161.0,1
ORD-101095,Bengaluru,Kolkata,Sports,2447.0,2114.5,Standard,New,Saturday,April,Rain,Medium,3,0,11.0,245.0,0
ORD-101122,Mumbai,Ahmedabad,Electronics,30014.0,555.0,Economy,New,Friday,October,Cloudy,Medium,2,1,18.8,115.0,0
ORD-104328,Chennai,Chandigarh,Electronics,46269.0,2611.5,Express,Premium,Friday,December,Cloudy,Low,3,1,18.0,667.0,0
ORD-102688,Chennai,Chennai,Furniture,28212.0,29.6,Economy,Regular,Saturday,November,Storm,High,1,3,28.0,71.0,1
ORD-100810,Hyderabad,Mumbai,Home & Kitchen,2180.0,779.6,Standard,Regular,Thursday,March,Clear,Medium,1,0,9.0,117.0,0
ORD-103307,Mumbai,Nagpur,Furniture,9211.0,881.0,Economy,Regular,Friday,November,Cloudy,High,1,1,24.5,126.0,0
ORD-101771,Bengaluru,Bengaluru,Clothing,1309.0,43.2,Standard,Regular,Sunday,April,Clear,Low,1,1,21.1,43.0,0
ORD-105968,Delhi,Coimbatore,Electronics,27416.0,2375.4,Standard,Regular,Thursday,September,Rain,Medium,2,0,28.6,286.0,1
ORD-104248,Mumbai,Delhi,Sports,3402.0,1393.4,Economy,New,Wednesday,June,Clear,High,1,0,24.2,128.0,0
ORD-101394,Mumbai,Lucknow,Home & Kitchen,4160.0,1518.9,Economy,Regular,Saturday,April,Cloudy,High,2,0,11.1,180.0,1
ORD-105723,Mumbai,Kochi,Electronics,,1401.1,Express,Premium,Tuesday,April,Cloudy,Medium,1,0,23.9,274.0,0
ORD-105709,Mumbai,Hyderabad,Groceries,2002.0,733.5,Express,Regular,Wednesday,January,Cloudy,High,3,0,3.8,206.0,0
ORD-105584,Chennai,Delhi,Groceries,4432.0,2340.8,Standard,New,Monday,July,Rain,Medium,12,1,1.7,410.0,0
ORD-104748,Bengaluru,Nagpur,Clothing,8331.0,1151.6,Standard,Premium,Wednesday,February,Cloudy,High,2,0,9.1,145.0,0
ORD-102317,Mumbai,Pune,Home & Kitchen,5992.0,153.1,Standard,Regular,Thursday,May,Clear,Low,4,1,12.4,105.0,0
ORD-102520,Mumbai,Bengaluru,Electronics,13090.0,1004.8,Express,Regular,Monday,June,Rain,High,1,4,14.1,243.0,1
ORD-105287,Kolkata,Visakhapatnam,Sports,2067.0,906.6,Economy,Regular,Monday,April,Clear,Low,3,0,14.1,129.0,0
ORD-102906,Chennai,Chennai,Clothing,5968.0,31.8,Express,Premium,Sunday,December,Fog,Low,1,2,28.8,84.0,0
ORD-105906,Hyderabad,Lucknow,Electronics,43147.0,1458.6,Standard,New,Saturday,January,Clear,Medium,3,1,9.6,274.0,1
ORD-101567,Mumbai,Ahmedabad,Groceries,6594.0,543.5,Express,Regular,Sunday,March,Clear,Medium,9,2,,336.0,0
ORD-104506,Delhi,Mumbai,Books,612.0,1419.1,Economy,Regular,Sunday,October,Clear,Low,1,0,29.4,131.0,0
ORD-104261,Hyderabad,Nagpur,Books,1671.0,508.3,Standard,Regular,Thursday,December,Fog,Medium,5,2,4.5,140.0,0
ORD-101205,Mumbai,Kochi,Furniture,17108.0,1403.8,Economy,Regular,Sunday,March,Cloudy,Low,2,0,21.9,202.0,0
ORD-105684,Bengaluru,Visakhapatnam,Home & Kitchen,3358.0,987.5,Standard,Regular,Saturday,May,Clear,High,1,0,21.4,138.0,0
ORD-101832,Hyderabad,Kolkata,Clothing,2844.0,1476.7,Economy,Regular,Tuesday,July,Storm,High,2,1,18.3,164.0,1
ORD-104579,Bengaluru,Chennai,Electronics,11281.0,328.1,Priority,Premium,Saturday,October,Rain,Medium,1,0,23.8,161.0,0
ORD-104774,Bengaluru,Kochi,Groceries,367.0,462.3,Standard,Regular,Sunday,February,Clear,Low,2,1,10.0,123.0,0
ORD-105897,Mumbai,Delhi,Groceries,3296.0,1337.2,Standard,Premium,Monday,September,Clear,Medium,6,0,12.3,237.0,0
ORD-101872,Delhi,Bengaluru,Home & Kitchen,4468.0,2071.8,Express,Premium,Thursday,September,Rain,High,3,2,20.8,502.0,0
ORD-100519,Mumbai,Chennai,Electronics,32354.0,1288.7,Economy,Regular,Sunday,March,Cloudy,High,5,2,13.3,233.0,0
ORD-100830,Delhi,Lucknow,Home & Kitchen,1981.0,533.0,Standard,New,Thursday,April,Clear,,2,0,40.9,114.0,0
ORD-103129,Chennai,Chennai,Groceries,1161.0,14.5,Standard,Regular,Thursday,June,Cloudy,Medium,6,2,,130.0,0
ORD-101570,Bengaluru,Visakhapatnam,Electronics,15022.0,981.4,Economy,Regular,Saturday,April,Clear,High,1,1,13.2,141.0,1
ORD-100439,Chennai,Nagpur,Home & Kitchen,3308.0,1161.5,Express,Premium,Wednesday,November,Clear,Low,3,0,21.8,309.0,0
ORD-100628,Mumbai,Jaipur,Groceries,2519.0,1107.8,Standard,Regular,Saturday,April,Rain,Medium,6,2,19.2,197.0,0
ORD-103800,Delhi,Delhi,Clothing,2317.0,41.8,Express,Regular,Tuesday,July,Rain,Medium,3,0,12.1,138.0,0
ORD-105905,Bengaluru,Chennai,Furniture,4394.0,350.7,Standard,Regular,Friday,November,Cloudy,High,1,0,26.0,88.0,0
ORD-100926,Delhi,Chandigarh,Clothing,2156.0,268.7,Economy,Regular,Tuesday,August,Rain,Medium,2,2,9.8,61.0,1
ORD-103488,Chennai,Indore,Clothing,2521.0,1458.8,Economy,Regular,Tuesday,January,Fog,Medium,3,1,6.2,179.0,0
ORD-102779,Delhi,Nagpur,Home & Kitchen,4339.0,1142.5,Standard,Premium,Monday,May,Clear,Medium,4,0,5.7,173.0,0
ORD-102303,Bengaluru,Chennai,Groceries,3836.0,359.7,Standard,Regular,Sunday,July,Cloudy,Low,8,0,1.0,179.0,0
ORD-104735,Hyderabad,Chennai,Groceries,3720.0,662.9,Standard,New,Tuesday,September,Rain,High,5,0,3.6,158.0,0
ORD-102489,Mumbai,Mumbai,Furniture,9534.0,19.5,Standard,New,Wednesday,August,Rain,Medium,1,1,27.8,66.0,0
ORD-101174,Chennai,Kolkata,Beauty,1659.0,1711.1,Express,Premium,Friday,May,Cloudy,Medium,2,1,4.0,318.0,0
ORD-104020,Chennai,Lucknow,Clothing,1845.0,1953.5,Standard,Premium,Monday,February,Fog,Medium,3,2,31.6,205.0,0
ORD-102803,Mumbai,Bhopal,Home & Kitchen,4283.0,827.3,Standard,Regular,Monday,September,Cloudy,Medium,2,1,5.2,172.0,0
ORD-100945,Bengaluru,Delhi,Furniture,27126.0,2097.0,Standard,Premium,Saturday,March,Cloudy,High,1,0,35.1,266.0,0
ORD-104815,Delhi,Bengaluru,Electronics,35948.0,2252.5,Standard,New,Wednesday,May,Cloudy,Medium,2,0,18.3,290.0,1
ORD-102338,Delhi,Bengaluru,Sports,5788.0,2224.0,Standard,New,Tuesday,December,Cloudy,Low,3,1,17.9,304.0,1
ORD-100013,Chennai,Ahmedabad,Beauty,2115.0,1779.3,Priority,New,Friday,January,Rain,Medium,1,0,10.6,520.0,0
ORD-101118,Kolkata,Kolkata,Books,843.0,43.1,Economy,Regular,Monday,October,Cloudy,Low,3,1,15.4,65.0,0
ORD-104407,Hyderabad,Mumbai,Books,1400.0,785.3,Standard,New,Tuesday,July,Rain,Medium,3,1,5.5,157.0,0
ORD-103489,Mumbai,Pune,Clothing,1742.0,152.0,Standard,Regular,Tuesday,June,Cloudy,Low,1,0,,77.0,0
ORD-102742,Kolkata,Kolkata,Electronics,13156.0,26.8,Standard,New,Monday,May,Clear,Medium,2,0,12.2,63.0,0
ORD-100643,Mumbai,Chandigarh,Home & Kitchen,7090.0,1640.6,Standard,Regular,Friday,June,Cloudy,Low,3,0,6.0,235.0,0
ORD-101358,Bengaluru,Bhopal,Clothing,2966.0,1445.9,Economy,Regular,Sunday,June,Cloudy,Medium,4,0,18.9,170.0,0
ORD-105762,Hyderabad,Hyderabad,Groceries,6156.0,26.8,Standard,Regular,Wednesday,October,Fog,Medium,7,0,18.6,134.0,0
ORD-104715,Bengaluru,Kochi,Sports,2023.0,457.3,Priority,Premium,Wednesday,November,Clear,Medium,1,0,5.8,196.0,0
ORD-104275,Mumbai,Chandigarh,Home & Kitchen,4779.0,1795.1,Priority,Premium,Wednesday,June,Storm,Low,1,1,18.9,443.0,1
ORD-103403,Bengaluru,Indore,Clothing,2883.0,1299.7,Priority,Premium,Wednesday,March,Cloudy,Low,2,1,9.2,368.0,0
ORD-105156,Mumbai,Ahmedabad,Groceries,,591.3,Express,Premium,Wednesday,November,Cloudy,Low,4,0,23.1,186.0,0
ORD-105541,Hyderabad,Nagpur,Groceries,2043.0,530.7,Standard,Regular,Thursday,December,Fog,,3,2,12.0,131.0,0
ORD-101601,Hyderabad,Visakhapatnam,Clothing,4235.0,629.9,Standard,Regular,Sunday,April,Cloudy,Low,3,0,12.0,131.0,0
ORD-105067,Chennai,Patna,Beauty,4298.0,1838.3,Standard,New,Monday,January,,Medium,3,0,6.5,235.0,0
ORD-102133,Hyderabad,Mumbai,Electronics,17481.0,791.8,Standard,New,Monday,February,Clear,High,1,0,22.8,141.0,0
ORD-102314,Mumbai,Coimbatore,Clothing,1242.0,1319.1,Express,Regular,Wednesday,February,Clear,Low,1,2,34.4,270.0,0
ORD-100654,Delhi,Indore,Groceries,1929.0,820.9,Economy,New,Saturday,April,Clear,Medium,4,1,18.0,104.0,0
ORD-100430,Kolkata,Bhopal,Clothing,5899.0,1417.4,Standard,Regular,Thursday,November,Clear,High,3,1,31.0,193.0,0
ORD-105085,Hyderabad,Coimbatore,Beauty,2066.0,925.4,Standard,Regular,Saturday,October,Cloudy,Medium,5,0,2.7,185.0,0
ORD-102707,Hyderabad,Bhopal,Beauty,1156.0,815.9,Standard,Regular,Saturday,February,Clear,Medium,3,1,29.6,151.0,0
ORD-102572,Bengaluru,Pune,Home & Kitchen,2750.0,919.7,Economy,Premium,Tuesday,March,Clear,Low,1,1,29.9,104.0,0
ORD-105814,Chennai,Visakhapatnam,Clothing,3497.0,757.0,Express,Premium,Friday,February,Rain,Medium,4,1,9.2,195.0,0
ORD-102705,Chennai,Hyderabad,Groceries,1984.0,659.9,Standard,New,Saturday,August,Clear,High,4,1,19.7,147.0,0
ORD-101581,Hyderabad,Chennai,Home & Kitchen,7148.0,654.0,Priority,Premium,Tuesday,January,Fog,Low,4,0,15.2,315.0,0
ORD-103163,Mumbai,Kolkata,Electronics,30279.0,2023.2,Standard,Regular,Thursday,February,Cloudy,High,2,1,,318.0,0
ORD-100839,Delhi,Visakhapatnam,Home & Kitchen,1940.0,1668.1,Standard,Regular,Tuesday,March,Clear,Medium,2,1,14.5,204.0,0
ORD-101088,Kolkata,Chennai,Clothing,2351.0,1663.1,Standard,Regular,Friday,April,Rain,Medium,3,0,17.9,242.0,0
ORD-101804,Chennai,Hyderabad,Electronics,18587.0,618.2,Standard,New,Tuesday,December,Cloudy,Medium,1,0,11.1,134.0,0
ORD-102967,Delhi,Indore,Electronics,17497.0,871.2,Standard,Regular,Tuesday,December,Cloudy,Medium,2,0,15.1,142.0,0
ORD-101375,Hyderabad,Jaipur,Groceries,947.0,1395.7,Standard,Regular,Saturday,September,Storm,Low,3,2,3.3,171.0,0
ORD-101701,Hyderabad,Bhopal,Electronics,4781.0,776.9,Express,Regular,Wednesday,June,Rain,Medium,1,2,32.1,188.0,1
ORD-104196,Bengaluru,Pune,Electronics,14960.0,971.2,Standard,Regular,Thursday,September,Cloudy,High,2,0,16.3,186.0,0
ORD-100857,Chennai,Chennai,Home & Kitchen,5069.0,9.4,Express,Premium,Friday,December,Clear,Medium,2,2,24.8,120.0,0
ORD-105001,Mumbai,Mumbai,Home & Kitchen,2942.0,30.0,Express,Regular,Sunday,February,Fog,High,1,2,25.3,82.0,0
ORD-104011,Delhi,Lucknow,Groceries,1902.0,532.0,Standard,Regular,Monday,February,Clear,Low,4,1,16.2,141.0,0
ORD-102901,Delhi,Chandigarh,Home & Kitchen,2214.0,295.3,Standard,Premium,Wednesday,February,Fog,Low,2,1,12.8,74.0,0
ORD-104042,Chennai,Hyderabad,Electronics,5507.0,669.3,Economy,Premium,Wednesday,September,Cloudy,Medium,1,0,15.8,74.0,1
ORD-103210,Mumbai,Lucknow,Electronics,14333.0,1445.4,Standard,Regular,Saturday,May,Rain,Medium,2,0,11.2,202.0,0
ORD-102026,Delhi,Hyderabad,Home & Kitchen,5967.0,1591.1,Standard,New,Sunday,August,Clear,Low,3,0,9.9,185.0,0
ORD-100694,Delhi,Mumbai,Sports,4412.0,1453.6,Standard,New,Tuesday,March,Clear,Medium,1,0,13.8,172.0,0
ORD-102700,Kolkata,Bengaluru,Furniture,7331.0,1997.6,Standard,New,Sunday,May,Cloudy,High,1,0,33.6,226.0,1
ORD-102723,Delhi,Lucknow,Home & Kitchen,3897.0,508.5,Standard,Regular,Thursday,April,Clear,High,5,1,12.4,158.0,0
ORD-100189,Chennai,Kochi,Electronics,41294.0,679.3,Express,New,Tuesday,March,Clear,Medium,4,0,42.8,371.0,1
ORD-100288,Delhi,Visakhapatnam,Home & Kitchen,4625.0,1582.9,Economy,Regular,Saturday,September,Cloudy,Low,2,0,7.4,151.0,0
ORD-103485,Chennai,Lucknow,Clothing,1191.0,1945.7,Standard,New,Thursday,May,Clear,Low,3,0,8.0,240.0,0
ORD-102136,Bengaluru,Hyderabad,Clothing,2390.0,613.2,Standard,New,Saturday,March,Clear,Medium,2,0,28.0,111.0,0
ORD-102799,Chennai,Bhopal,Groceries,1724.0,1443.6,Standard,Premium,Thursday,March,Clear,Low,5,1,19.2,168.0,0
ORD-103265,Delhi,Bhopal,Beauty,2591.0,748.9,Standard,New,Sunday,August,Clear,High,1,0,16.6,131.0,0
ORD-103756,Delhi,Hyderabad,Clothing,2817.0,1561.7,Standard,Regular,Friday,December,Cloudy,Medium,4,1,10.9,236.0,0
ORD-102111,Bengaluru,Coimbatore,Groceries,1741.0,283.5,Express,Premium,Saturday,July,Cloudy,Medium,7,0,1.2,195.0,0
ORD-105460,Mumbai,Ahmedabad,Clothing,1362.0,549.5,Express,Premium,Tuesday,April,Clear,Medium,2,0,13.6,168.0,0
ORD-103160,Delhi,Delhi,Home & Kitchen,11853.0,13.4,Economy,New,Wednesday,June,Cloudy,Medium,3,2,12.6,61.0,0
ORD-102164,Delhi,Chennai,Clothing,4580.0,2173.1,Standard,New,Wednesday,January,Storm,High,5,0,10.9,,1
ORD-103908,Hyderabad,Mumbai,Electronics,14170.0,808.9,Standard,New,Wednesday,October,Clear,High,1,0,25.0,153.0,0
ORD-103860,Mumbai,Indore,Electronics,11864.0,644.9,Standard,Regular,Saturday,September,Rain,Medium,4,1,25.7,138.0,1
ORD-100211,Chennai,Ahmedabad,Groceries,1738.0,1692.7,Economy,New,Thursday,January,Rain,Medium,5,0,5.4,199.0,0
ORD-105167,Delhi,Ahmedabad,Electronics,10830.0,946.1,Standard,Regular,Tuesday,August,Rain,Low,1,1,28.9,141.0,0
ORD-102532,Chennai,Ahmedabad,Home & Kitchen,4028.0,1763.5,Economy,Regular,Thursday,November,Storm,Medium,2,0,16.1,182.0,1
ORD-104644,Mumbai,Visakhapatnam,Home & Kitchen,1691.0,1419.4,Express,Regular,Wednesday,December,Fog,Medium,3,0,13.4,332.0,0
ORD-102699,Delhi,Bhopal,Sports,4897.0,741.7,Priority,Premium,Thursday,November,Rain,Medium,2,0,23.8,293.0,0
ORD-100074,Delhi,Chandigarh,Groceries,3576.0,308.6,Express,New,Thursday,January,Cloudy,Low,5,0,11.0,202.0,0
ORD-102630,Delhi,Nagpur,Books,2257.0,1074.1,Standard,New,Thursday,December,Fog,Low,4,1,34.4,203.0,0
ORD-101617,Mumbai,Coimbatore,Groceries,911.0,1242.5,Standard,New,Monday,November,Clear,Low,7,0,5.9,225.0,0
ORD-102656,Hyderabad,Chandigarh,Sports,5552.0,1771.3,Standard,Regular,Friday,May,Clear,Low,2,0,11.6,233.0,0
ORD-104055,Kolkata,Nagpur,Clothing,4194.0,1300.4,Standard,Regular,Monday,November,Rain,Low,5,1,24.4,224.0,1
ORD-103858,Delhi,Kochi,Home & Kitchen,4514.0,2621.5,Standard,New,Friday,April,Rain,Medium,3,0,28.2,291.0,0
ORD-101766,Mumbai,Ahmedabad,Home & Kitchen,2188.0,515.2,Economy,Regular,Thursday,February,Cloudy,Medium,1,0,14.4,78.0,0
ORD-103378,Hyderabad,Chandigarh,Groceries,1770.0,1843.4,Standard,Regular,Monday,December,Fog,High,3,1,3.6,232.0,1
ORD-105649,Delhi,Delhi,Sports,4441.0,24.0,Express,Regular,Wednesday,May,Cloudy,Medium,4,0,11.8,151.0,0
ORD-103591,Kolkata,Lucknow,Clothing,6070.0,1081.7,Standard,Regular,Wednesday,November,Clear,Low,3,0,20.6,160.0,0
ORD-101232,Bengaluru,Chennai,Beauty,2776.0,363.9,Express,Premium,Tuesday,October,Cloudy,High,2,1,29.9,141.0,0
ORD-105160,Delhi,Chennai,Clothing,1885.0,2226.3,Standard,Regular,Sunday,March,Cloudy,High,2,0,13.4,275.0,1
ORD-101618,Bengaluru,Kolkata,Clothing,3422.0,1871.8,Standard,New,Thursday,February,Cloudy,Low,2,0,1.7,230.0,0
ORD-105926,Mumbai,Delhi,Clothing,2879.0,1495.4,Standard,Regular,Thursday,April,Clear,Medium,6,1,12.1,272.0,1
ORD-103642,Mumbai,Bhopal,Home & Kitchen,2110.0,781.3,Standard,Premium,Wednesday,July,Cloudy,Low,2,1,18.1,132.0,0
ORD-100114,Bengaluru,Pune,Electronics,12643.0,890.7,Economy,Regular,Monday,March,Cloudy,Low,2,1,15.9,142.0,0
ORD-105925,Bengaluru,Chandigarh,Home & Kitchen,9554.0,2668.7,Economy,Regular,Sunday,August,Clear,Low,5,0,9.7,255.0,0
ORD-105261,Chennai,Jaipur,Electronics,12489.0,2046.2,Economy,Regular,Friday,April,Clear,Medium,2,0,,173.0,1
ORD-101955,Hyderabad,Nagpur,Groceries,1932.0,540.9,Standard,Premium,Thursday,October,Storm,Medium,4,0,9.3,119.0,0
ORD-103263,Mumbai,Kolkata,Groceries,2757.0,2128.6,Standard,Premium,Monday,June,Clear,Medium,10,0,12.4,363.0,0
ORD-101962,Delhi,Chennai,Clothing,2894.0,2131.8,Standard,Regular,Friday,May,Cloudy,Medium,2,1,4.9,246.0,1
ORD-104698,Bengaluru,Kochi,Home & Kitchen,5988.0,464.8,Express,New,Thursday,March,Cloudy,Low,5,1,6.5,275.0,0
ORD-101872,Delhi,Bengaluru,Home & Kitchen,4468.0,2071.8,Express,Premium,Thursday,September,Rain,High,3,2,20.8,502.0,0
ORD-105110,Kolkata,Delhi,Groceries,3942.0,1609.6,Standard,Premium,Monday,December,Clear,High,6,0,36.7,228.0,1
ORD-105938,Delhi,Visakhapatnam,Books,1566.0,1613.3,Express,Regular,Thursday,December,Clear,Low,6,3,10.6,394.0,1
ORD-105163,Mumbai,Chennai,Clothing,1033.0,1234.1,Standard,Regular,Monday,August,Rain,High,1,0,20.0,165.0,0
ORD-103897,Delhi,Kolkata,Beauty,1602.0,1602.2,Standard,Regular,Sunday,December,Storm,Medium,1,0,9.3,180.0,0
ORD-104933,Kolkata,Lucknow,Groceries,2329.0,1075.9,Economy,Premium,Wednesday,October,Clear,Medium,3,0,5.1,108.0,0
ORD-104352,Mumbai,Hyderabad,Home & Kitchen,4689.0,833.6,Standard,Regular,Saturday,April,Clear,Medium,3,2,12.9,133.0,0
ORD-102571,Mumbai,Kolkata,Clothing,1409.0,2107.3,Standard,Regular,Tuesday,February,Clear,Low,2,2,14.9,263.0,0
ORD-104032,Delhi,Mumbai,Books,459.0,1489.9,Economy,Regular,Monday,August,Cloudy,High,1,0,7.6,146.0,1
ORD-100253,Bengaluru,Hyderabad,Sports,1114.0,573.7,Standard,Premium,Tuesday,September,Rain,High,2,0,5.2,110.0,1
ORD-100351,Bengaluru,Mumbai,Home & Kitchen,30401.0,1073.9,Standard,New,Saturday,May,Clear,Low,4,0,3.8,243.0,0
ORD-105565,Hyderabad,Bhopal,Home & Kitchen,1042.0,844.1,Standard,New,Monday,December,Cloudy,Low,1,0,11.8,129.0,0
ORD-103526,Delhi,Jaipur,Electronics,18227.0,304.4,Express,Regular,Saturday,October,Cloudy,Medium,2,1,18.6,201.0,0
ORD-100458,Bengaluru,Lucknow,Electronics,28344.0,2112.1,Express,Regular,Saturday,July,Rain,Medium,2,1,13.4,440.0,1
ORD-103519,Bengaluru,Coimbatore,Groceries,3219.0,273.2,Standard,Regular,Friday,December,Cloudy,Low,5,0,18.5,134.0,0
ORD-100480,Delhi,Delhi,Books,823.0,25.5,Standard,Regular,Tuesday,November,Cloudy,Medium,3,0,23.3,84.0,0
ORD-101115,Hyderabad,Mumbai,Furniture,17412.0,744.2,Express,Premium,Wednesday,July,Cloudy,High,1,1,18.0,213.0,0
ORD-100799,Chennai,Jaipur,Furniture,32398.0,2000.6,Standard,Regular,Friday,September,Cloudy,Low,1,1,43.1,298.0,1
ORD-104263,Delhi,Bengaluru,Clothing,2451.0,2208.0,Express,Regular,Thursday,November,Clear,Medium,3,1,20.7,349.0,0
ORD-101833,Bengaluru,Bengaluru,Electronics,14630.0,23.8,Express,New,Tuesday,August,Clear,Low,2,0,10.0,118.0,0
ORD-102935,Chennai,Mumbai,Books,573.0,1369.6,Standard,Regular,Thursday,June,Rain,Medium,2,0,7.9,165.0,0
ORD-100027,Bengaluru,Bhopal,Home & Kitchen,3695.0,1502.5,Standard,Premium,Tuesday,August,Cloudy,Low,2,1,16.7,190.0,0
ORD-103904,Bengaluru,Indore,Clothing,1753.0,1335.1,Economy,Regular,Tuesday,September,Rain,High,1,2,,146.0,1
ORD-102664,Delhi,Pune,Sports,4104.0,1487.4,Express,New,Saturday,December,Clear,Low,4,1,8.7,322.0,0
ORD-103342,Kolkata,Ahmedabad,Electronics,12421.0,1959.5,Express,Premium,Thursday,July,Clear,Low,1,0,,342.0,0
ORD-105662,Mumbai,Hyderabad,Groceries,3736.0,764.6,Standard,Regular,Saturday,May,Cloudy,High,5,2,9.2,194.0,0
ORD-101288,Delhi,Bengaluru,Clothing,3495.0,2247.4,Economy,Regular,Sunday,March,Storm,Medium,2,1,26.6,257.0,1
ORD-101282,Delhi,Bengaluru,Groceries,3732.0,2208.2,Standard,Regular,Monday,November,,Medium,7,2,11.4,344.0,0
ORD-104246,Delhi,Mumbai,Clothing,3212.0,1434.2,Economy,Regular,Sunday,August,Cloudy,Low,2,1,19.6,139.0,1
ORD-103204,Chennai,Delhi,Clothing,3520.0,2269.2,Standard,Regular,Monday,October,Clear,Low,1,0,15.2,296.0,0
ORD-103199,Mumbai,Coimbatore,Clothing,1659.0,1330.1,Express,Premium,Sunday,August,Cloudy,Low,3,0,6.5,354.0,1
ORD-101731,Hyderabad,Kolkata,Furniture,34634.0,1512.6,Economy,Regular,Sunday,May,Cloudy,High,3,2,15.6,226.0,1
ORD-103788,Mumbai,Delhi,Beauty,1041.0,1465.8,Standard,Premium,Wednesday,March,Cloudy,High,1,1,15.8,158.0,1
ORD-105203,Mumbai,Kolkata,Beauty,1560.0,2092.6,Economy,Premium,Sunday,September,Cloudy,Low,1,1,24.9,164.0,1
ORD-104763,Hyderabad,Chennai,Books,877.0,633.4,Standard,Premium,Sunday,December,Fog,Medium,3,2,31.7,98.0,0
ORD-104234,Kolkata,Chennai,Sports,3519.0,1628.7,Standard,Regular,Sunday,April,Clear,Medium,2,0,8.5,244.0,0
ORD-101870,Kolkata,Kolkata,Groceries,2267.0,41.7,Standard,Premium,Thursday,April,Clear,High,7,1,8.4,,0
ORD-102978,Chennai,Pune,Furniture,8540.0,1075.3,Standard,New,Saturday,August,Clear,Low,1,0,16.9,172.0,1
ORD-104984,Mumbai,Bhopal,Books,1653.0,864.5,Express,Regular,Monday,October,Cloudy,Low,3,0,17.3,238.0,0
ORD-100608,Mumbai,Chennai,Furniture,16017.0,1212.8,Standard,Regular,Wednesday,March,Clear,Medium,1,1,24.5,217.0,0
ORD-102182,Hyderabad,Mumbai,Furniture,16752.0,754.2,Express,Regular,Thursday,October,Cloudy,High,1,2,35.0,259.0,0
ORD-105562,Delhi,Jaipur,Home & Kitchen,3693.0,279.7,Standard,Regular,Thursday,June,Cloudy,Medium,4,1,13.3,110.0,0
ORD-103478,Hyderabad,Mumbai,Furniture,19639.0,754.1,Express,Premium,Tuesday,August,Cloudy,High,1,2,23.3,256.0,1
ORD-103255,Mumbai,Mumbai,Home & Kitchen,5082.0,13.9,Economy,Regular,Sunday,February,Rain,High,5,1,39.8,75.0,1
ORD-103124,Bengaluru,Delhi,Sports,2450.0,2184.5,Priority,Regular,Wednesday,March,Cloudy,Medium,3,1,29.0,606.0,0
ORD-104901,Bengaluru,Bhopal,Books,1078.0,1425.9,Express,Regular,Monday,September,Cloudy,Medium,1,1,5.3,265.0,0
ORD-105954,Mumbai,Visakhapatnam,Groceries,2021.0,1482.1,Standard,Regular,Thursday,August,Rain,Low,3,0,12.9,203.0,0
ORD-105824,Mumbai,Kolkata,Clothing,11278.0,2036.2,Express,New,Saturday,June,Storm,Medium,7,0,8.6,572.0,1
ORD-100204,Mumbai,Chandigarh,Electronics,17385.0,1618.4,Economy,Regular,Tuesday,July,Cloudy,Low,4,1,17.0,221.0,1
ORD-100340,Hyderabad,Lucknow,Groceries,3070.0,1374.0,Express,Premium,Monday,September,Cloudy,Low,5,0,20.5,348.0,0
ORD-102526,Mumbai,Nagpur,Electronics,31803.0,795.1,Economy,Regular,Wednesday,May,Clear,Medium,4,2,19.2,157.0,0
ORD-100838,Hyderabad,Kolkata,Clothing,2975.0,1579.2,Economy,Regular,Thursday,September,Rain,Medium,2,2,20.1,157.0,0
ORD-104401,Kolkata,Pune,Books,3152.0,2141.7,Priority,Premium,Sunday,September,Clear,Medium,2,0,13.6,564.0,0
ORD-100388,Hyderabad,Bhopal,Home & Kitchen,1880.0,856.8,Priority,Premium,Thursday,December,Fog,Low,1,1,13.0,280.0,0
ORD-105009,Chennai,Delhi,Electronics,9155.0,2180.0,Express,Regular,Friday,January,Cloudy,High,1,1,19.8,447.0,1
ORD-105558,Delhi,Visakhapatnam,Beauty,768.0,1628.2,Standard,Regular,Monday,July,Rain,Medium,2,1,7.2,186.0,0
ORD-104385,Kolkata,Mumbai,Clothing,3704.0,2062.3,Standard,New,Saturday,January,Cloudy,Low,2,0,7.8,217.0,0
ORD-102585,Mumbai,Nagpur,Home & Kitchen,3987.0,846.0,Economy,New,Sunday,October,Clear,Medium,1,0,59.5,104.0,0
ORD-103165,Bengaluru,Hyderabad,Books,674.0,631.9,Standard,New,Friday,November,Clear,Medium,2,0,19.3,126.0,0
ORD-105864,Chennai,Mumbai,Clothing,675.0,1289.3,Standard,New,Sunday,October,Cloudy,High,1,0,6.5,161.0,0
ORD-102459,Delhi,Kolkata,Sports,3822.0,1804.8,Standard,Regular,Monday,May,Cloudy,High,2,1,30.6,204.0,1
ORD-103051,Hyderabad,Bengaluru,Home & Kitchen,4951.0,602.2,Standard,Regular,Monday,December,Clear,Low,1,1,32.3,117.0,0
ORD-105750,Hyderabad,Mumbai,Clothing,7032.0,739.6,Standard,Regular,Thursday,September,Rain,Low,5,1,21.2,169.0,0
ORD-103492,Mumbai,Pune,Sports,5752.0,151.9,Standard,Regular,Wednesday,June,Clear,Low,2,2,13.5,79.0,0
ORD-101761,Delhi,Delhi,Electronics,11269.0,24.9,Express,Premium,Monday,February,Clear,High,2,1,38.3,107.0,0
ORD-104586,Kolkata,Kolkata,Books,906.0,9.1,Economy,Regular,Wednesday,January,Cloudy,High,1,1,11.5,41.0,0
ORD-104843,Delhi,Chennai,Groceries,1718.0,2257.4,Economy,New,Monday,June,Cloudy,High,9,0,11.5,298.0,1
ORD-100678,Bengaluru,Patna,Books,815.0,1903.0,Priority,Premium,Sunday,October,Cloudy,Medium,5,0,25.4,587.0,0
ORD-101616,Mumbai,Mumbai,Books,852.0,12.8,Standard,Regular,Tuesday,December,Clear,High,2,0,5.3,79.0,0
ORD-102192,Bengaluru,Nagpur,Home & Kitchen,1931.0,1130.0,Economy,Regular,Tuesday,January,Fog,High,3,0,5.7,135.0,1
ORD-105691,Bengaluru,Chandigarh,Electronics,11743.0,2576.6,Standard,New,Friday,April,Clear,High,1,0,16.7,280.0,0
ORD-100062,Bengaluru,Delhi,Books,561.0,2143.8,Standard,Regular,Thursday,February,Clear,High,1,0,7.9,239.0,0
ORD-102846,Bengaluru,Kochi,Groceries,3186.0,459.3,Standard,Regular,Tuesday,June,Clear,High,10,3,2.1,217.0,0
ORD-101790,Mumbai,Chennai,Clothing,2763.0,1308.0,Express,Regular,Wednesday,August,Rain,Medium,3,2,7.4,348.0,0
ORD-105313,Delhi,Jaipur,Beauty,983.0,302.5,Standard,Premium,Wednesday,August,Rain,High,2,1,17.8,69.0,0
ORD-105180,Bengaluru,Kochi,Electronics,26887.0,461.4,Standard,New,Saturday,November,Clear,Low,4,1,16.6,150.0,0
ORD-101544,Mumbai,Visakhapatnam,Home & Kitchen,7620.0,1427.6,Standard,Regular,Tuesday,November,Storm,Low,3,1,29.6,216.0,0
ORD-100791,Mumbai,Delhi,Books,1142.0,1454.1,Express,Regular,Friday,April,Clear,Medium,4,0,5.9,344.0,0
ORD-103333,Mumbai,Delhi,Groceries,1219.0,1434.9,Standard,New,Thursday,September,Rain,High,1,0,21.8,212.0,1
ORD-103277,Bengaluru,Nagpur,Electronics,58008.0,1190.5,Standard,New,Monday,December,Cloudy,Medium,3,0,14.6,265.0,0
ORD-105488,Mumbai,Nagpur,Home & Kitchen,16149.0,884.8,Economy,Regular,Wednesday,July,Clear,High,4,2,22.5,147.0,0
ORD-104818,Bengaluru,Lucknow,Beauty,1553.0,2037.6,Standard,Regular,Sunday,May,Cloudy,Medium,1,1,18.5,279.0,0
ORD-105141,Chennai,Coimbatore,Home & Kitchen,7296.0,557.3,Standard,New,Friday,December,Fog,Low,3,1,10.3,128.0,0
ORD-103434,Delhi,Hyderabad,Home & Kitchen,4256.0,1593.5,Standard,Regular,Wednesday,January,Cloudy,High,1,1,28.5,214.0,1
ORD-101360,Mumbai,Kolkata,Clothing,2202.0,2117.8,Economy,New,Saturday,February,Clear,Low,4,1,9.0,222.0,1
ORD-102837,Chennai,Kolkata,Home & Kitchen,2634.0,1748.1,Standard,Regular,Wednesday,August,Clear,Medium,2,1,13.8,217.0,0
ORD-104442,Delhi,Delhi,Beauty,2198.0,41.4,Express,Regular,Monday,December,,Medium,4,1,10.4,132.0,0
ORD-105673,Delhi,Hyderabad,Clothing,4972.0,1610.6,Standard,New,Saturday,December,Rain,Medium,3,0,11.5,236.0,1
ORD-104088,Bengaluru,Mumbai,Home & Kitchen,2920.0,1007.6,Priority,New,Thursday,October,Clear,Low,1,0,28.2,361.0,0
ORD-101537,Kolkata,Indore,Books,1378.0,1554.5,Express,Regular,Saturday,September,Storm,Low,3,1,6.9,294.0,0
ORD-100734,Delhi,Mumbai,Clothing,2874.0,1398.1,Express,New,Tuesday,April,Fog,Medium,1,0,8.1,271.0,0
ORD-105499,Mumbai,Indore,Furniture,21996.0,662.5,Express,Premium,Saturday,June,Cloudy,Medium,1,0,35.9,265.0,0
ORD-104595,Mumbai,Mumbai,Home & Kitchen,2971.0,27.0,Express,Regular,Friday,March,Clear,Medium,2,2,16.7,118.0,0
ORD-103615,Bengaluru,Bengaluru,Furniture,37314.0,30.6,Priority,Premium,Sunday,October,Clear,High,2,1,19.3,274.0,0
ORD-105138,Mumbai,Patna,Electronics,9953.0,1870.3,Express,Premium,Wednesday,August,,Low,2,1,25.4,353.0,0
ORD-101919,Bengaluru,Pune,Beauty,1280.0,923.0,Standard,Regular,Monday,April,Rain,Medium,1,3,9.6,147.0,0
ORD-102329,Bengaluru,Mumbai,Home & Kitchen,5549.0,1090.3,Express,Regular,Friday,June,Storm,Low,3,0,20.7,266.0,1
ORD-100528,Hyderabad,Ahmedabad,Beauty,634.0,1119.6,Standard,Regular,Wednesday,December,Fog,Medium,3,1,33.0,145.0,0
ORD-101871,Delhi,Ahmedabad,Books,714.0,965.8,Express,Regular,Saturday,August,Clear,Low,3,1,9.1,293.0,0
ORD-105372,Hyderabad,Hyderabad,Clothing,3048.0,24.3,Express,Premium,Wednesday,September,Storm,Medium,1,0,11.3,84.0,0
ORD-102292,Chennai,Pune,Clothing,2442.0,1066.0,Economy,Regular,Wednesday,April,Rain,Low,2,0,14.9,154.0,0
ORD-103040,Chennai,Bengaluru,Home & Kitchen,5880.0,374.2,Standard,Premium,Saturday,March,Cloudy,High,4,0,9.2,122.0,0
ORD-102877,Delhi,Patna,Home & Kitchen,6690.0,1079.6,Economy,Regular,Wednesday,July,Clear,Medium,3,0,17.4,125.0,0
ORD-104627,Kolkata,Chennai,Groceries,5633.0,1615.2,Standard,New,Friday,June,Cloudy,High,5,0,4.8,245.0,0
ORD-100804,Bengaluru,Delhi,Beauty,1798.0,2104.5,Standard,New,Friday,September,Storm,Medium,5,0,16.1,328.0,1
ORD-100858,Kolkata,Coimbatore,Furniture,10689.0,2248.8,Economy,Regular,Friday,January,Fog,Low,1,2,24.8,201.0,1
ORD-102003,Hyderabad,Chennai,Home & Kitchen,3295.0,584.4,Economy,Regular,Monday,July,Clear,Medium,1,1,15.9,93.0,0
ORD-104559,Mumbai,Mumbai,Electronics,35595.0,17.5,Economy,Regular,Thursday,July,Rain,High,1,0,28.4,75.0,1
ORD-102813,Chennai,Kochi,Electronics,16462.0,725.2,Standard,Premium,Wednesday,August,Rain,Medium,2,2,20.7,154.0,1
ORD-103985,Delhi,Kochi,Beauty,1457.0,2519.0,Standard,Regular,Wednesday,December,Cloudy,Low,4,0,20.1,291.0,1
ORD-104725,Mumbai,Visakhapatnam,Groceries,1963.0,1310.6,Standard,Premium,Thursday,May,Clear,Medium,7,0,10.9,215.0,0
ORD-104003,Kolkata,Chandigarh,Home & Kitchen,3074.0,1771.0,Priority,New,Saturday,May,Clear,Low,2,2,28.1,454.0,0
ORD-104831,Bengaluru,Mumbai,Clothing,1280.0,1049.0,Standard,New,Monday,April,Rain,High,3,0,14.5,162.0,0
ORD-100220,Delhi,Hyderabad,Clothing,2577.0,1584.3,Standard,Regular,Monday,March,Cloudy,Low,4,1,7.5,263.0,1
ORD-103612,Delhi,Kolkata,Groceries,728.0,1515.7,Express,Regular,Tuesday,July,Cloudy,Medium,1,0,5.7,304.0,0
ORD-101289,Bengaluru,Jaipur,Groceries,1758.0,1954.3,Economy,Regular,Friday,June,Rain,Medium,6,2,2.5,241.0,1
ORD-101116,Mumbai,Patna,Home & Kitchen,3224.0,1903.7,Economy,Regular,Friday,November,Clear,Medium,4,0,8.5,237.0,1
ORD-100583,Mumbai,Lucknow,Sports,11136.0,1474.9,Standard,New,Wednesday,April,Clear,Low,3,0,8.0,255.0,0
ORD-103227,Chennai,Visakhapatnam,Furniture,16281.0,753.4,Express,Regular,Sunday,August,Cloudy,Low,2,1,24.2,258.0,0
ORD-100044,Delhi,Visakhapatnam,Clothing,4335.0,1713.5,Standard,Regular,Thursday,June,Rain,Medium,3,1,12.5,209.0,0
ORD-103658,Delhi,Bengaluru,Clothing,2395.0,2151.1,Economy,New,Wednesday,January,Clear,High,5,1,12.2,,1
ORD-101658,Kolkata,Mumbai,Clothing,5795.0,2018.7,Standard,New,Friday,June,Cloudy,High,2,0,42.4,265.0,0
ORD-103134,Mumbai,Kochi,Books,1956.0,1451.1,Standard,Regular,Thursday,December,Fog,Medium,4,0,18.2,217.0,0
ORD-104102,Chennai,Mumbai,Clothing,2491.0,1232.4,Standard,Regular,Friday,March,Clear,Low,3,0,9.8,193.0,0
ORD-103078,Bengaluru,Kolkata,Electronics,12487.0,2033.3,Economy,New,Sunday,February,Cloudy,High,2,1,19.0,222.0,0
ORD-103911,Bengaluru,Bengaluru,Sports,4274.0,42.9,Economy,Regular,Wednesday,June,Storm,High,1,0,21.0,47.0,1
ORD-102830,Chennai,Pune,Home & Kitchen,4955.0,1202.6,Express,Premium,Thursday,February,Clear,Medium,2,1,10.0,252.0,0
ORD-101700,Chennai,Jaipur,Home & Kitchen,4035.0,1971.9,Economy,New,Friday,February,Clear,Medium,2,0,13.7,160.0,0
ORD-105300,Mumbai,Kolkata,Home & Kitchen,4060.0,2093.0,Priority,Regular,Monday,March,Rain,High,2,3,9.2,608.0,0
ORD-101225,Mumbai,Kolkata,Groceries,3627.0,2165.7,Express,Regular,Thursday,December,Fog,Medium,5,1,25.7,536.0,1
ORD-102859,Chennai,Chennai,Books,919.0,17.0,Economy,New,Monday,May,,High,1,0,11.1,38.0,0
ORD-102046,Mumbai,Chennai,Sports,2262.0,1372.7,Standard,Regular,Thursday,April,Cloudy,Medium,1,1,14.7,153.0,0
ORD-101072,Bengaluru,Chennai,Books,429.0,371.1,Priority,Regular,Sunday,September,Clear,Low,6,1,3.3,377.0,0
ORD-100719,Chennai,Kolkata,Sports,1573.0,1691.3,Standard,New,Friday,November,Cloudy,Medium,2,3,10.7,209.0,1
ORD-104398,Chennai,Delhi,Electronics,13971.0,2167.7,Economy,Regular,Sunday,December,Clear,Medium,2,1,23.4,249.0,1
ORD-102933,Bengaluru,Bhopal,Sports,1704.0,1431.2,Standard,Premium,Thursday,April,Clear,High,2,0,9.4,162.0,0
ORD-100671,Mumbai,Delhi,Furniture,6660.0,1482.0,Standard,Regular,Thursday,November,Clear,Low,1,0,56.9,194.0,0
ORD-103976,Mumbai,Bengaluru,Clothing,5647.0,943.0,Standard,Regular,Monday,July,Storm,Medium,5,0,17.4,214.0,0
ORD-103166,Chennai,Delhi,Books,686.0,2232.3,Economy,Regular,Friday,March,Clear,Medium,3,2,10.7,233.0,0
ORD-104811,Bengaluru,Delhi,Electronics,18935.0,2083.8,Express,Regular,Friday,July,Rain,High,2,0,27.0,499.0,1
ORD-101262,Delhi,Mumbai,Clothing,1240.0,1539.1,Express,Premium,Wednesday,November,Rain,High,4,0,19.2,352.0,1
ORD-102949,Hyderabad,Hyderabad,Beauty,2778.0,38.1,Standard,Premium,Monday,June,Rain,Medium,4,3,30.2,78.0,0
ORD-100898,Mumbai,Ahmedabad,Books,899.0,529.9,Standard,New,Friday,September,Clear,Medium,3,1,15.9,127.0,0
ORD-101259,Bengaluru,Lucknow,Sports,4575.0,2044.7,Standard,New,Wednesday,October,Cloudy,High,2,1,4.2,236.0,1
ORD-104564,Kolkata,Chandigarh,Home & Kitchen,8734.0,1864.3,Economy,Regular,Tuesday,December,Fog,Low,4,0,22.1,222.0,1
ORD-100096,Chennai,Delhi,Sports,4788.0,2171.0,Standard,Premium,Friday,December,Cloudy,Medium,1,0,28.4,229.0,0
ORD-102252,Kolkata,Bhopal,Furniture,4644.0,1446.6,Economy,Regular,Tuesday,September,Rain,High,1,2,26.9,146.0,1
ORD-102719,Mumbai,Indore,Sports,4434.0,652.8,Priority,Regular,Wednesday,November,Clear,Low,3,1,,307.0,0
ORD-102288,Kolkata,Patna,Clothing,2371.0,601.1,Standard,Regular,Friday,October,Cloudy,High,3,1,8.3,147.0,0
ORD-100843,Bengaluru,Lucknow,Electronics,10416.0,2033.0,Standard,Regular,Sunday,December,Clear,Medium,1,0,25.0,228.0,1
ORD-101861,Bengaluru,Kochi,Home & Kitchen,4029.0,460.9,Standard,Premium,Wednesday,March,Cloudy,Low,2,0,7.2,96.0,0
ORD-103312,Hyderabad,Jaipur,Home & Kitchen,5561.0,1418.7,Economy,Regular,Friday,April,Clear,Low,4,1,33.6,172.0,1
ORD-105024,Chennai,Mumbai,Furniture,7226.0,1181.3,Economy,Regular,Saturday,February,Cloudy,Low,1,2,24.3,136.0,0
ORD-105523,Delhi,Nagpur,Furniture,20108.0,1070.0,Economy,Regular,Monday,October,Storm,Medium,1,0,49.4,132.0,1
ORD-105297,Hyderabad,Lucknow,Home & Kitchen,11230.0,1342.7,Standard,Regular,Thursday,March,Clear,,4,1,18.6,260.0,1
ORD-103269,Hyderabad,Patna,Clothing,5214.0,1464.0,Priority,Premium,Tuesday,July,Rain,Medium,7,0,,640.0,0
ORD-104615,Delhi,Kochi,Clothing,5403.0,2594.3,Standard,New,Saturday,April,Clear,Low,3,0,9.7,300.0,1
ORD-100323,Delhi,Nagpur,Electronics,41927.0,1085.5,Standard,Regular,Monday,October,Clear,Medium,2,1,18.9,223.0,1
ORD-104397,Mumbai,Bengaluru,Electronics,10957.0,1061.9,Standard,Regular,Thursday,June,Rain,High,2,1,,176.0,1
ORD-104813,Bengaluru,Coimbatore,Sports,3082.0,300.3,Express,Regular,Friday,November,Storm,Low,3,1,28.5,161.0,0
ORD-104300,Chennai,Visakhapatnam,Home & Kitchen,1500.0,776.9,Economy,New,Friday,December,Fog,Low,1,0,33.0,81.0,0
ORD-100335,Mumbai,Lucknow,Home & Kitchen,3791.0,1533.9,Priority,Premium,Sunday,October,Cloudy,High,2,1,20.0,369.0,0
ORD-102866,Mumbai,Hyderabad,Electronics,11812.0,775.2,Standard,Regular,Monday,August,Cloudy,High,1,2,18.9,144.0,1
ORD-100333,Chennai,Indore,Home & Kitchen,13999.0,1531.9,Standard,Premium,Tuesday,April,Cloudy,Low,4,0,26.2,191.0,0
ORD-100834,Chennai,Visakhapatnam,Home & Kitchen,11357.0,771.7,Standard,New,Monday,February,Clear,Medium,3,0,12.4,153.0,0
ORD-102590,Delhi,Kolkata,Electronics,4649.0,1580.5,Express,Premium,Tuesday,December,Storm,High,1,1,28.7,265.0,1
ORD-104274,Kolkata,Delhi,Books,916.0,1654.2,Standard,New,Sunday,December,Fog,Medium,1,0,10.9,195.0,0
ORD-103883,Chennai,Kolkata,Clothing,8345.0,1734.3,Express,Regular,Sunday,May,Cloudy,Medium,4,1,15.2,358.0,0
ORD-102226,Delhi,Bhopal,Clothing,1957.0,766.1,Standard,Premium,Saturday,October,Clear,Low,2,3,17.5,116.0,0
ORD-102628,Delhi,Patna,Electronics,60240.0,1052.0,Standard,Regular,Tuesday,November,Clear,Low,3,1,15.0,255.0,0
ORD-100732,Mumbai,Jaipur,Electronics,17389.0,1114.4,Economy,New,Monday,September,Cloudy,Low,1,1,33.6,167.0,0
ORD-102543,Delhi,Coimbatore,Furniture,21678.0,2364.7,Priority,Premium,Saturday,May,Clear,Medium,1,0,25.0,606.0,1
ORD-100292,Mumbai,Pune,Electronics,15459.0,147.5,Economy,New,Friday,December,Clear,Medium,3,1,19.1,86.0,0
ORD-100185,Kolkata,Chandigarh,Clothing,2079.0,1941.9,Standard,Regular,Saturday,October,Clear,Medium,2,0,28.4,234.0,1
ORD-104772,Delhi,Coimbatore,Home & Kitchen,2347.0,2373.5,Economy,New,Sunday,August,Cloudy,Medium,3,0,23.8,231.0,1
ORD-105834,Chennai,Hyderabad,Electronics,6961.0,675.3,Express,Premium,Tuesday,December,Clear,Low,2,0,28.0,184.0,0
ORD-105951,Delhi,Nagpur,Furniture,23472.0,1114.8,Standard,Regular,Thursday,April,Clear,Medium,1,2,26.4,194.0,0
ORD-100534,Chennai,Bengaluru,Groceries,1081.0,371.2,Express,Premium,Friday,May,Cloudy,High,5,3,24.8,178.0,0
ORD-102895,Hyderabad,Delhi,Home & Kitchen,1741.0,1478.4,Economy,Regular,Saturday,August,Rain,High,1,1,16.8,167.0,1
ORD-103943,Mumbai,Mumbai,Books,990.0,17.3,Standard,Regular,Thursday,December,Storm,Medium,3,1,14.7,62.0,0
ORD-102146,Hyderabad,Kochi,Home & Kitchen,2792.0,1069.3,Standard,Regular,Tuesday,December,Storm,,2,0,9.3,160.0,0
ORD-104476,Chennai,Bengaluru,Beauty,2236.0,349.7,Standard,Regular,Saturday,June,Rain,Low,2,2,6.6,89.0,0
ORD-100658,Delhi,Visakhapatnam,Electronics,23629.0,1640.7,Standard,New,Monday,April,Clear,Low,2,3,13.4,200.0,0
ORD-101256,Kolkata,Bengaluru,Groceries,2638.0,1942.5,Standard,New,Saturday,July,Cloudy,Low,6,0,14.3,258.0,0
ORD-102555,Delhi,Mumbai,Electronics,10319.0,1459.7,Economy,Regular,Wednesday,July,Storm,Medium,4,0,16.1,180.0,1
ORD-102551,Bengaluru,Kochi,Beauty,1855.0,503.5,Express,New,Saturday,October,Rain,Medium,3,0,8.8,212.0,0
ORD-102535,Hyderabad,Lucknow,Electronics,13862.0,1317.9,Economy,Regular,Friday,September,Clear,Medium,2,1,5.3,155.0,0
ORD-104945,Bengaluru,Pune,Groceries,2608.0,886.1,Express,Premium,Wednesday,December,Storm,Medium,4,1,8.7,233.0,0
ORD-100899,Mumbai,Kochi,Groceries,3062.0,1229.3,Economy,New,Sunday,September,Cloudy,Low,6,0,25.0,169.0,0
ORD-100429,Mumbai,Hyderabad,Home & Kitchen,2682.0,820.0,Economy,Regular,Friday,September,Cloudy,Medium,1,0,15.5,90.0,1
ORD-104174,Delhi,Chandigarh,Clothing,5337.0,278.3,Express,Premium,Saturday,June,Rain,High,2,0,7.8,127.0,0
ORD-102466,Chennai,Indore,Electronics,12880.0,1529.6,Express,Regular,Wednesday,September,Storm,High,2,1,13.3,373.0,1
ORD-105853,Mumbai,Delhi,Sports,3415.0,1370.3,Standard,New,Monday,November,Rain,Medium,1,1,8.1,159.0,0
ORD-101437,Mumbai,Bengaluru,Groceries,823.0,1013.5,Standard,Regular,Monday,August,Clear,High,6,1,7.0,194.0,0
ORD-105483,Delhi,Bengaluru,Clothing,2996.0,2218.4,Standard,New,Monday,September,Cloudy,Medium,3,2,5.5,264.0,1
ORD-101223,Hyderabad,Indore,Groceries,1095.0,797.5,Priority,Premium,Sunday,September,Clear,,4,0,1.0,331.0,0
ORD-101685,Mumbai,Ahmedabad,Sports,3061.0,579.3,Express,Premium,Thursday,October,Rain,Medium,2,1,16.2,167.0,0
ORD-101906,Bengaluru,Chandigarh,Clothing,5652.0,2376.3,Economy,New,Friday,June,Clear,Medium,3,0,10.2,218.0,0
ORD-104490,Bengaluru,Kolkata,Home & Kitchen,5938.0,2084.8,Express,Regular,Saturday,August,Rain,High,2,0,3.3,395.0,0
ORD-101644,Mumbai,Kolkata,Books,1534.0,2074.3,Standard,Premium,Thursday,December,Fog,Low,2,1,11.6,203.0,0
ORD-104448,Bengaluru,Bengaluru,Home & Kitchen,1540.0,11.9,Standard,New,Saturday,July,Storm,High,2,0,9.0,54.0,0
ORD-105716,Mumbai,Nagpur,Home & Kitchen,8719.0,883.3,Priority,Premium,Sunday,February,Fog,Low,2,2,18.6,356.0,0
ORD-104743,Kolkata,Ahmedabad,Home & Kitchen,1487.0,2077.2,Standard,Regular,Thursday,October,Clear,Medium,3,2,15.2,212.0,0
ORD-102911,Chennai,Delhi,Home & Kitchen,5898.0,2089.7,Standard,Regular,Tuesday,November,Cloudy,Low,3,0,18.5,280.0,0
ORD-102506,Mumbai,Chennai,Beauty,910.0,1296.3,Standard,Premium,Friday,June,Rain,Medium,2,0,10.1,165.0,0
ORD-103376,Delhi,Chennai,Beauty,1137.0,2188.4,Economy,New,Monday,January,Clear,Medium,3,1,5.5,224.0,1
ORD-103013,Kolkata,Patna,Electronics,3292.0,553.1,Priority,Premium,Thursday,April,Clear,Low,2,1,21.3,215.0,0
ORD-102917,Delhi,Indore,Electronics,12162.0,888.1,Economy,Regular,Saturday,September,Rain,Low,2,1,13.8,145.0,0
ORD-105472,Mumbai,Delhi,Clothing,4177.0,1486.8,Standard,Regular,Friday,December,Cloudy,Medium,3,2,14.8,208.0,1
ORD-102733,Bengaluru,Delhi,Beauty,991.0,2076.4,Standard,Regular,Sunday,August,Rain,Medium,3,1,24.5,245.0,1
ORD-105004,Mumbai,Visakhapatnam,Groceries,1865.0,1370.5,Priority,Premium,Thursday,November,Clear,Medium,5,1,4.5,366.0,0
ORD-104964,Delhi,Kolkata,Groceries,2737.0,1708.4,Standard,Regular,Friday,April,Clear,High,10,3,16.6,276.0,1
ORD-104128,Bengaluru,Pune,Electronics,26210.0,947.4,Economy,Regular,Sunday,February,Cloudy,Low,1,1,9.2,139.0,0
ORD-103587,Delhi,Coimbatore,Clothing,2337.0,2443.7,Standard,Regular,Friday,September,Rain,Medium,5,1,11.4,299.0,1
ORD-101411,Kolkata,Mumbai,Groceries,1025.0,2138.0,Express,Premium,Tuesday,March,Clear,Low,5,1,11.9,393.0,0
ORD-104384,Bengaluru,Mumbai,Books,606.0,1053.4,Economy,Regular,Wednesday,October,Cloudy,Medium,2,0,9.6,127.0,0
ORD-104575,Kolkata,Mumbai,Clothing,1145.0,2107.0,Express,Regular,Friday,October,Cloudy,High,2,2,33.3,463.0,1
ORD-102359,Hyderabad,Patna,Home & Kitchen,5649.0,1372.6,Standard,Regular,Wednesday,December,Fog,Low,4,1,10.7,233.0,0
ORD-103251,Hyderabad,Chennai,Electronics,30436.0,700.8,Standard,Premium,Sunday,November,Cloudy,High,1,0,,159.0,0
ORD-100193,Mumbai,Chandigarh,Electronics,17442.0,1673.6,Express,Premium,Sunday,November,Cloudy,Medium,1,0,14.5,336.0,1
ORD-105262,Bengaluru,Patna,Electronics,22997.0,2125.5,Economy,Regular,Tuesday,March,Cloudy,Medium,2,1,23.2,231.0,1
ORD-101127,Bengaluru,Coimbatore,Groceries,1707.0,278.3,Economy,New,Wednesday,September,Rain,Low,5,1,6.7,89.0,0
ORD-102623,Delhi,Chandigarh,Clothing,4164.0,315.4,Express,Premium,Wednesday,October,Clear,Medium,2,0,11.6,132.0,0
ORD-104804,Bengaluru,Bengaluru,Home & Kitchen,14683.0,34.8,Standard,Regular,Friday,December,Cloudy,Low,6,0,29.8,123.0,0
ORD-104393,Bengaluru,Jaipur,Clothing,1165.0,1934.5,Standard,Premium,Saturday,July,Rain,Low,1,0,17.2,197.0,0
ORD-103536,Kolkata,Delhi,Clothing,3661.0,1604.1,Express,Premium,Monday,January,Clear,Medium,4,0,18.5,385.0,0
ORD-100305,Kolkata,Lucknow,Electronics,16139.0,1096.6,Priority,Premium,Friday,February,Fog,Medium,2,0,9.4,403.0,0
ORD-101979,Chennai,Patna,Sports,3532.0,1736.2,Economy,Regular,Tuesday,September,Clear,Low,2,2,6.6,173.0,0
ORD-101293,Bengaluru,Mumbai,Electronics,7495.0,1032.9,Economy,Regular,Friday,March,Cloudy,Low,1,0,22.4,125.0,0
ORD-100071,Mumbai,Pune,Sports,4301.0,140.5,Standard,Premium,Sunday,February,Cloudy,Medium,4,0,6.5,83.0,0
ORD-102165,Kolkata,Delhi,Beauty,993.0,1603.6,Standard,Premium,Thursday,May,Fog,Medium,2,0,11.7,188.0,0
ORD-101306,Hyderabad,Hyderabad,Beauty,2659.0,15.6,Standard,Regular,Wednesday,November,Clear,Low,1,1,31.2,55.0,0
ORD-105187,Mumbai,Pune,Furniture,12193.0,143.8,Economy,Regular,Saturday,August,Clear,Medium,2,2,16.9,67.0,0
ORD-104104,Delhi,Mumbai,Clothing,1724.0,1444.3,Standard,Regular,Sunday,December,Rain,Low,3,0,18.6,247.0,0
ORD-104119,Delhi,Hyderabad,Books,982.0,1578.6,Standard,Premium,Friday,November,Clear,Medium,4,0,16.6,191.0,1
ORD-104669,Kolkata,Chandigarh,Home & Kitchen,3956.0,1793.7,Economy,Regular,Tuesday,December,Rain,Low,4,1,20.3,187.0,1
ORD-101341,Mumbai,Jaipur,Furniture,5955.0,1196.2,Express,Premium,Tuesday,July,Storm,Medium,1,0,34.1,247.0,0
ORD-100832,Bengaluru,Kochi,Electronics,22886.0,436.0,Standard,Regular,Saturday,July,Rain,Medium,3,2,19.7,143.0,0
ORD-103459,Mumbai,Kochi,Home & Kitchen,8523.0,1291.8,Standard,Regular,Wednesday,December,Fog,Low,4,1,11.8,207.0,0
ORD-101457,Delhi,Lucknow,Electronics,6973.0,585.8,Standard,New,Thursday,April,Cloudy,High,1,0,23.6,106.0,0
ORD-105838,Bengaluru,Pune,Home & Kitchen,12053.0,1010.4,Standard,Premium,Tuesday,March,Cloudy,High,1,0,13.7,133.0,1
ORD-103316,Mumbai,Pune,Clothing,1909.0,156.4,Standard,Regular,Friday,July,Rain,Low,1,2,12.1,78.0,0
ORD-100239,Mumbai,Nagpur,Electronics,9085.0,803.5,Express,Premium,Sunday,October,Clear,High,2,1,30.9,223.0,0
ORD-100093,Bengaluru,Kochi,Home & Kitchen,4962.0,468.0,Standard,New,Tuesday,December,Fog,High,2,0,10.0,93.0,1
ORD-102679,Chennai,Mumbai,Groceries,3218.0,1343.4,Economy,Regular,Wednesday,December,Fog,Low,6,1,8.6,181.0,0
ORD-101631,Bengaluru,Indore,Sports,7999.0,1362.3,Standard,Premium,Monday,May,Clear,High,3,0,19.9,187.0,1
ORD-102544,Delhi,Visakhapatnam,Books,777.0,1748.0,Priority,Premium,Tuesday,November,Cloudy,Low,4,1,28.8,554.0,0
ORD-102986,Delhi,Lucknow,Sports,3849.0,523.0,Standard,New,Thursday,April,Clear,Medium,2,1,17.7,111.0,0
ORD-103011,Delhi,Hyderabad,Home & Kitchen,7011.0,1577.6,Economy,Regular,Sunday,February,Rain,Medium,2,0,12.6,186.0,1
ORD-105048,Kolkata,Hyderabad,Furniture,16433.0,1468.8,Economy,Regular,Thursday,December,Fog,Medium,1,0,41.2,164.0,1
ORD-103514,Hyderabad,Mumbai,Books,1434.0,832.7,Standard,Regular,Friday,October,Cloudy,High,2,1,35.2,151.0,1
ORD-101002,Bengaluru,Patna,Groceries,3179.0,2189.6,Standard,Regular,Thursday,September,Rain,Low,6,1,5.3,298.0,1
ORD-102087,Delhi,Pune,Electronics,23515.0,1504.4,Economy,Regular,Monday,October,Cloudy,High,3,0,32.0,167.0,0
ORD-105880,Delhi,Kochi,Furniture,8073.0,2583.1,Priority,Regular,Saturday,January,Cloudy,Low,1,2,21.1,660.0,1
ORD-105713,Hyderabad,Bengaluru,Electronics,12426.0,610.8,Economy,Regular,Saturday,June,Cloudy,Medium,2,1,10.8,104.0,0
ORD-102019,Bengaluru,Coimbatore,Electronics,6287.0,278.5,Express,Regular,Sunday,September,Cloudy,Medium,1,0,8.3,135.0,0
ORD-101505,Kolkata,Indore,Sports,772.0,1561.6,Standard,New,Thursday,February,Fog,Low,1,0,31.1,171.0,0
ORD-100958,Bengaluru,Jaipur,Clothing,740.0,1922.6,Economy,Regular,Wednesday,October,Clear,Low,3,1,40.0,196.0,1
ORD-103881,Chennai,Chennai,Sports,3433.0,9.2,Standard,New,Wednesday,September,Rain,Low,1,2,20.4,49.0,0
ORD-104931,Chennai,Chennai,Clothing,797.0,41.1,Standard,Regular,Monday,June,Cloudy,High,2,2,20.5,61.0,0
ORD-105293,Kolkata,Bhopal,Books,347.0,1424.3,Standard,Regular,Saturday,January,Fog,Low,2,0,3.9,180.0,0
ORD-101533,Bengaluru,Delhi,Home & Kitchen,4612.0,2280.8,Priority,Regular,Monday,November,Rain,Low,2,2,13.7,633.0,0
ORD-101778,Bengaluru,Nagpur,Home & Kitchen,5583.0,1142.5,Standard,Premium,Saturday,March,Cloudy,Low,3,0,18.9,167.0,0
ORD-104467,Mumbai,Delhi,Beauty,2188.0,1448.1,Standard,New,Friday,March,Fog,High,2,1,10.9,193.0,0
ORD-100412,Chennai,Mumbai,Clothing,2600.0,1255.2,Economy,Regular,Sunday,February,Clear,Medium,2,1,5.5,156.0,0
ORD-101406,Delhi,Ahmedabad,Beauty,1458.0,972.6,Express,Regular,Friday,March,Storm,Medium,2,0,23.2,280.0,0
ORD-105108,Delhi,Hyderabad,Electronics,12548.0,1537.8,Standard,Premium,Thursday,July,Storm,High,1,1,15.8,205.0,1
ORD-105816,Kolkata,Lucknow,Home & Kitchen,3079.0,1126.2,Economy,New,Monday,March,Cloudy,High,2,2,12.3,104.0,0
ORD-101865,Chennai,Lucknow,Home & Kitchen,10095.0,1767.2,Priority,Regular,Sunday,September,Storm,Low,3,1,7.9,593.0,1
ORD-103408,Delhi,Bhopal,Groceries,1729.0,685.5,Economy,Regular,Monday,November,Clear,High,9,0,25.4,174.0,0
ORD-104587,Bengaluru,Kochi,Home & Kitchen,3244.0,470.0,Standard,Regular,Wednesday,November,Clear,Medium,3,0,7.8,101.0,0
ORD-103113,Chennai,Hyderabad,Home & Kitchen,8067.0,661.1,Standard,New,Friday,August,Rain,High,3,0,11.6,122.0,0
ORD-103867,Bengaluru,Ahmedabad,Groceries,2361.0,1515.8,Standard,Regular,Thursday,July,Rain,Low,7,0,7.5,272.0,0
ORD-101035,Delhi,Bhopal,Sports,3770.0,740.0,Priority,Regular,Tuesday,July,Clear,Medium,2,0,25.4,282.0,0
ORD-102782,Mumbai,Bhopal,Sports,11583.0,811.2,Express,New,Monday,April,Clear,Low,2,2,13.5,236.0,0
ORD-105589,Bengaluru,Bengaluru,Clothing,2633.0,28.9,Economy,Regular,Sunday,July,Clear,Medium,3,3,30.1,57.0,0
ORD-102073,Delhi,Chennai,Electronics,18348.0,2137.4,Priority,Regular,Saturday,May,Rain,Low,3,0,11.8,581.0,0
ORD-100932,Delhi,Lucknow,Electronics,46861.0,534.6,Economy,Regular,Tuesday,October,Clear,Low,2,3,15.8,129.0,0
ORD-105525,Delhi,Patna,Groceries,4026.0,1134.7,Express,Regular,Saturday,April,Rain,Low,8,0,13.3,410.0,1
ORD-103401,Mumbai,Kolkata,Electronics,5039.0,2110.1,Standard,Regular,Friday,November,Cloudy,Medium,2,0,21.3,287.0,0
ORD-100634,Delhi,Jaipur,Clothing,2150.0,300.4,Standard,New,Monday,December,Clear,High,2,0,18.9,83.0,0
ORD-101745,Chennai,Mumbai,Books,573.0,1289.2,Standard,New,Tuesday,December,Cloudy,High,4,0,14.0,194.0,0
ORD-100499,Delhi,Delhi,Sports,1922.0,16.6,Standard,Premium,Wednesday,October,Clear,High,4,1,19.9,76.0,0
ORD-100938,Mumbai,Jaipur,Furniture,10207.0,1144.6,Economy,New,Friday,August,Cloudy,Medium,1,0,16.0,145.0,1
ORD-100416,Delhi,Bhopal,Groceries,746.0,778.1,Standard,Regular,Monday,September,Rain,Medium,2,0,11.4,149.0,0
ORD-102378,Bengaluru,Nagpur,Groceries,2377.0,1147.9,Economy,Regular,Monday,July,Cloudy,High,6,0,6.8,190.0,0
ORD-105666,Chennai,Kolkata,Electronics,7167.0,1716.9,Express,Regular,Friday,July,Rain,Medium,3,2,31.2,299.0,0
ORD-103456,Kolkata,Bhopal,Books,1005.0,1299.7,Standard,Regular,Saturday,March,Clear,Low,1,1,39.6,161.0,0
ORD-103694,Bengaluru,Bengaluru,Sports,9239.0,37.1,Express,Regular,Monday,October,Clear,Medium,2,0,10.6,119.0,0
ORD-103752,Bengaluru,Patna,Home & Kitchen,4274.0,1986.0,Express,Premium,Friday,November,Cloudy,Medium,3,0,18.6,373.0,0
ORD-100758,Hyderabad,Patna,Home & Kitchen,2105.0,1544.2,Standard,Regular,Saturday,July,Clear,Low,2,0,15.5,217.0,0
ORD-103946,Hyderabad,Ahmedabad,Sports,2700.0,1113.7,Economy,Regular,Tuesday,September,Rain,Low,1,2,9.3,145.0,0
ORD-104276,Mumbai,Bhopal,Electronics,11983.0,865.1,Express,Regular,Tuesday,November,Rain,Low,2,0,24.5,296.0,1
ORD-101042,Chennai,Chandigarh,Home & Kitchen,1593.0,2609.0,Economy,New,Tuesday,April,Rain,Medium,1,2,16.5,235.0,1
ORD-102465,Delhi,Kolkata,Sports,5161.0,1611.6,Standard,Premium,Sunday,February,Cloudy,High,2,1,15.6,152.0,0
ORD-105370,Delhi,Mumbai,Books,844.0,1513.7,Standard,Regular,Saturday,July,Cloudy,Low,1,1,3.9,194.0,0
ORD-103190,Delhi,Kolkata,Home & Kitchen,2722.0,1556.6,Standard,Regular,Friday,December,Fog,High,2,2,15.0,220.0,1
ORD-102516,Kolkata,Jaipur,Electronics,13820.0,1728.2,Economy,New,Monday,December,Fog,Medium,1,0,39.0,162.0,0
ORD-100597,Chennai,Chennai,Clothing,2074.0,43.4,Standard,Regular,Wednesday,July,Rain,Low,1,2,13.4,52.0,0
ORD-104938,Chennai,Kochi,Groceries,1126.0,699.5,Express,Premium,Tuesday,December,Cloudy,Low,4,3,33.5,217.0,0
ORD-103693,Mumbai,Lucknow,Furniture,14891.0,1526.8,Standard,Regular,Friday,November,Cloudy,Low,1,0,30.0,225.0,0
ORD-102035,Mumbai,Ahmedabad,Clothing,2149.0,531.8,Standard,New,Thursday,July,Rain,Low,1,0,10.7,115.0,0
ORD-101069,Mumbai,Hyderabad,Clothing,1670.0,792.1,Standard,Premium,Tuesday,August,Cloudy,,3,1,11.4,113.0,0
ORD-101648,Kolkata,Delhi,Sports,1894.0,1531.2,Express,Regular,Friday,August,Cloudy,High,1,0,12.8,328.0,0
ORD-105790,Bengaluru,Chandigarh,Electronics,21386.0,2483.1,Standard,New,Sunday,November,Cloudy,Medium,4,0,20.1,364.0,1
ORD-103101,Hyderabad,Coimbatore,Furniture,17599.0,968.3,Standard,Regular,Thursday,July,Rain,Medium,1,4,23.2,170.0,1
ORD-104377,Chennai,Jaipur,Books,1906.0,2027.7,Standard,New,Wednesday,October,Cloudy,Medium,2,0,,227.0,0
ORD-103297,Chennai,Bengaluru,Electronics,4454.0,372.5,Standard,Premium,Sunday,June,Rain,Low,1,0,8.4,76.0,0
ORD-100653,Chennai,Kolkata,Clothing,13752.0,1661.5,Economy,Regular,Wednesday,February,Clear,High,3,0,11.9,195.0,0
ORD-104807,Delhi,Chennai,Beauty,976.0,2185.8,Economy,Regular,Thursday,June,Rain,Low,3,0,8.6,226.0,0
ORD-104670,Delhi,Bengaluru,Home & Kitchen,3512.0,2253.5,Express,New,Thursday,June,Rain,Low,3,0,7.8,470.0,0
ORD-104857,Bengaluru,Kolkata,Clothing,2756.0,2017.8,Standard,Regular,Friday,May,Clear,High,2,2,9.5,277.0,0
ORD-104057,Delhi,Ahmedabad,Home & Kitchen,5651.0,954.3,Economy,Regular,Tuesday,May,Clear,Medium,5,0,17.2,157.0,0
ORD-105271,Hyderabad,Coimbatore,Sports,1849.0,938.1,Express,Regular,Wednesday,June,Clear,Medium,5,2,28.0,267.0,0
ORD-102108,Hyderabad,Nagpur,Groceries,1109.0,505.5,Standard,New,Wednesday,October,Clear,Medium,7,1,10.9,187.0,0
ORD-102155,Bengaluru,Kochi,Groceries,2082.0,456.6,Economy,Regular,Thursday,December,Fog,Medium,10,1,1.0,170.0,0
ORD-101898,Delhi,Bengaluru,Home & Kitchen,2420.0,2169.1,Priority,Premium,Sunday,January,Storm,High,2,0,11.8,508.0,1
ORD-102441,Hyderabad,Mumbai,Sports,1996.0,831.9,Standard,Regular,Thursday,January,Fog,High,3,1,12.4,130.0,0
ORD-100076,Delhi,Indore,Groceries,2610.0,796.0,Standard,New,Friday,December,Fog,Low,5,1,27.6,183.0,0
ORD-103743,Kolkata,Jaipur,Home & Kitchen,1617.0,1703.3,Economy,New,Friday,April,Rain,Low,1,0,10.6,150.0,0
ORD-104877,Delhi,Chennai,Beauty,905.0,2157.8,Economy,Regular,Friday,September,Cloudy,High,2,2,9.1,212.0,1
ORD-104951,Delhi,Delhi,Electronics,24144.0,40.3,Standard,New,Thursday,December,Rain,High,1,0,38.4,98.0,0
ORD-105102,Delhi,Bengaluru,Clothing,5024.0,2268.9,Standard,New,Sunday,December,Fog,Medium,2,1,18.9,279.0,1
ORD-104591,Delhi,Bengaluru,Electronics,21146.0,2123.3,Standard,Premium,Wednesday,June,Rain,High,1,0,17.4,210.0,0
ORD-101972,Hyderabad,Bhopal,Clothing,7788.0,770.1,Standard,New,Wednesday,November,Clear,Low,4,0,8.5,165.0,0
ORD-105186,Kolkata,Delhi,Home & Kitchen,3049.0,1544.6,Standard,New,Wednesday,February,Cloudy,Low,4,0,15.9,231.0,0
ORD-102537,Kolkata,Bengaluru,Electronics,29529.0,2077.2,Economy,Premium,Sunday,October,Rain,Medium,3,0,24.3,249.0,1
ORD-103266,Delhi,Lucknow,Home & Kitchen,2880.0,522.0,Priority,Premium,Thursday,March,Rain,Low,1,2,14.1,180.0,1
ORD-100109,Mumbai,Delhi,Home & Kitchen,4642.0,1524.7,Economy,Regular,Friday,April,Cloudy,Medium,3,1,4.7,182.0,0
ORD-101011,Chennai,Bengaluru,Electronics,28277.0,361.6,Economy,New,Tuesday,November,Clear,Low,3,0,13.6,135.0,0
ORD-101030,Delhi,Patna,Home & Kitchen,2166.0,1034.3,Standard,Regular,Friday,March,Cloudy,Medium,2,0,30.9,133.0,0
ORD-102237,Mumbai,Pune,Furniture,19936.0,147.4,Express,New,Tuesday,May,Clear,Low,1,0,18.2,164.0,0
ORD-100829,Kolkata,Kochi,Groceries,1588.0,2440.2,Express,Regular,Thursday,April,Clear,Low,4,2,4.5,477.0,0
ORD-102764,Delhi,Kolkata,Electronics,29720.0,1544.4,Standard,New,Sunday,November,Rain,Low,5,1,17.9,,0
ORD-101894,Mumbai,Bhopal,Home & Kitchen,2506.0,818.4,Standard,Regular,Thursday,December,Cloudy,Low,3,1,13.9,142.0,0
ORD-100097,Delhi,Bengaluru,Clothing,5297.0,2134.3,Express,Regular,Wednesday,November,Clear,Low,4,2,9.9,409.0,1
ORD-103155,Mumbai,Hyderabad,Groceries,4173.0,767.1,Economy,Regular,Saturday,July,Rain,High,7,1,17.6,163.0,1
ORD-105724,Hyderabad,Coimbatore,Electronics,7636.0,851.1,Economy,New,Saturday,June,Rain,Medium,1,2,12.5,94.0,0
ORD-103490,Bengaluru,Patna,Furniture,17867.0,2012.2,Standard,New,Thursday,June,Rain,Low,1,0,21.7,223.0,1
ORD-101386,Mumbai,Mumbai,Groceries,1801.0,24.0,Standard,Premium,Saturday,August,Clear,Medium,6,0,16.2,95.0,0
ORD-101201,Bengaluru,Delhi,Books,1358.0,2046.2,Economy,New,Monday,September,Cloudy,Low,2,1,25.9,215.0,0
ORD-100622,Bengaluru,Chennai,Clothing,1871.0,372.7,Standard,New,Saturday,February,Cloudy,High,3,1,5.9,118.0,0
ORD-105507,Mumbai,Hyderabad,Clothing,2083.0,810.1,Standard,Regular,Friday,December,Cloudy,Medium,3,2,18.1,136.0,0
ORD-101413,Kolkata,Bengaluru,Groceries,404.0,1976.8,Standard,New,Tuesday,December,Clear,High,2,0,30.5,256.0,1
ORD-100567,Kolkata,Jaipur,Groceries,778.0,1712.0,Standard,Regular,Friday,October,Rain,High,8,0,3.6,300.0,1
ORD-100544,Hyderabad,Indore,Clothing,6391.0,783.5,Express,New,Wednesday,November,Rain,Low,6,0,49.7,336.0,0
ORD-101335,Hyderabad,Delhi,Clothing,1139.0,1449.8,Standard,New,Monday,October,Clear,Medium,3,0,27.0,185.0,1
ORD-103195,Chennai,Hyderabad,Groceries,5596.0,583.6,Standard,Regular,Monday,July,Rain,Medium,4,0,9.1,116.0,0
ORD-100052,Mumbai,Jaipur,Clothing,,1133.6,Standard,Regular,Wednesday,April,Clear,Low,3,1,4.6,158.0,0
ORD-105095,Hyderabad,Bengaluru,Clothing,668.0,647.7,Standard,New,Wednesday,August,Cloudy,Low,1,0,12.8,119.0,0
ORD-102388,Mumbai,Jaipur,Beauty,1932.0,1151.2,Standard,New,Friday,October,Clear,High,3,0,8.8,140.0,0
ORD-105075,Hyderabad,Pune,Electronics,12305.0,627.8,Express,Regular,Monday,July,Rain,Medium,2,1,20.6,210.0,1
ORD-104370,Delhi,Visakhapatnam,Home & Kitchen,1602.0,1699.1,Standard,Regular,Friday,November,Clear,High,2,1,11.0,174.0,0
ORD-101559,Chennai,Nagpur,Clothing,5044.0,1164.0,Express,Regular,Sunday,January,Cloudy,Low,7,3,14.0,373.0,0
ORD-100746,Bengaluru,Bengaluru,Home & Kitchen,4231.0,10.9,Standard,Regular,Saturday,November,Rain,Low,2,0,19.0,65.0,0
ORD-104353,Chennai,Jaipur,Electronics,8218.0,2016.4,Standard,Regular,Friday,September,Rain,Medium,1,0,19.7,,1
ORD-102882,Mumbai,Pune,Books,534.0,165.1,Standard,Regular,Saturday,December,Clear,,3,0,11.3,81.0,0
ORD-101468,Delhi,Chandigarh,Electronics,20474.0,295.9,Standard,New,Wednesday,December,Fog,High,3,0,29.3,132.0,0
ORD-105033,Mumbai,Visakhapatnam,Beauty,1731.0,1374.8,Economy,Regular,Friday,July,Rain,Medium,3,1,4.3,158.0,0
ORD-100196,Mumbai,Delhi,Beauty,1341.0,1390.7,Express,Premium,Saturday,April,Clear,High,1,0,7.9,254.0,0
ORD-101748,Bengaluru,Kolkata,Electronics,26087.0,1861.4,Standard,Regular,Saturday,April,Cloudy,Medium,2,0,27.5,279.0,0
ORD-103136,Kolkata,Kolkata,Furniture,13561.0,28.9,Standard,Premium,Friday,June,Clear,High,1,0,20.3,67.0,0
ORD-103859,Chennai,Indore,Furniture,28820.0,1447.1,Express,Regular,Sunday,February,Cloudy,Low,1,0,37.4,362.0,0
ORD-100803,Hyderabad,Hyderabad,Books,2010.0,11.8,Standard,Regular,Thursday,August,Cloudy,Low,2,0,6.3,49.0,0
ORD-101619,Hyderabad,Lucknow,Home & Kitchen,4416.0,1152.8,Express,New,Friday,November,Cloudy,Medium,2,1,32.4,260.0,0
ORD-103338,Hyderabad,Jaipur,Groceries,1199.0,1376.3,Economy,New,Saturday,December,Fog,Medium,6,1,25.0,192.0,0
ORD-104221,Mumbai,Mumbai,Sports,2698.0,16.8,Standard,Regular,Sunday,April,Clear,Low,1,1,14.3,42.0,0
ORD-100621,Kolkata,Mumbai,Electronics,19519.0,1961.8,Standard,Regular,Monday,May,Clear,High,1,0,27.2,243.0,1
ORD-101826,Mumbai,Chandigarh,Home & Kitchen,7364.0,1783.4,Express,Regular,Thursday,October,Cloudy,Medium,3,2,18.3,357.0,1
ORD-104190,Bengaluru,Chennai,Electronics,13249.0,358.9,Standard,Regular,Saturday,January,Cloudy,High,3,0,20.2,146.0,0
ORD-104923,Delhi,Lucknow,Electronics,15659.0,497.1,Standard,New,Friday,February,Clear,Low,2,0,26.4,126.0,0
ORD-104154,Bengaluru,Delhi,Sports,5231.0,2251.5,Standard,Premium,Saturday,March,Clear,High,3,0,8.8,257.0,0
ORD-105473,Hyderabad,Ahmedabad,Groceries,1550.0,1097.1,Economy,Regular,Saturday,February,Cloudy,High,3,0,7.6,158.0,0
ORD-104936,Mumbai,Bengaluru,Groceries,2282.0,986.2,Economy,Regular,Monday,January,Clear,Low,6,0,6.5,156.0,0
ORD-100645,Chennai,Kolkata,Home & Kitchen,4953.0,1695.6,Standard,New,Thursday,March,Fog,Low,2,1,7.2,293.0,1
ORD-105352,Chennai,Hyderabad,Beauty,774.0,630.3,Express,Regular,Saturday,September,Storm,Medium,1,0,14.9,189.0,0
ORD-104536,Mumbai,Delhi,Clothing,3753.0,1450.1,Standard,Regular,Sunday,December,Fog,Low,3,0,11.1,217.0,0
ORD-105018,Bengaluru,Delhi,Home & Kitchen,1981.0,2217.7,Economy,Regular,Sunday,August,Rain,High,2,2,21.0,211.0,1
ORD-101062,Bengaluru,Ahmedabad,Groceries,2058.0,1627.9,Standard,New,Thursday,January,Clear,High,9,0,3.5,293.0,1
ORD-104199,Mumbai,Kolkata,Furniture,10181.0,2032.3,Standard,Premium,Monday,February,Clear,Low,1,0,31.2,248.0,1
ORD-104759,Mumbai,Pune,Home & Kitchen,6231.0,153.7,Standard,New,Saturday,January,Storm,Low,1,0,18.5,64.0,0
ORD-100121,Bengaluru,Bengaluru,Clothing,2725.0,22.5,Standard,Regular,Thursday,November,Clear,High,2,0,16.6,58.0,0
ORD-104501,Mumbai,Delhi,Furniture,13715.0,1389.7,Standard,New,Thursday,June,Clear,High,1,0,24.4,189.0,1
ORD-104067,Delhi,Delhi,Sports,5160.0,14.1,Standard,Regular,Saturday,August,Rain,Medium,2,0,39.9,61.0,0
ORD-105376,Chennai,Bengaluru,Books,1172.0,363.9,Standard,New,Friday,March,Clear,Medium,6,0,28.5,142.0,0
ORD-104867,Delhi,Ahmedabad,Sports,3080.0,958.2,Priority,Regular,Friday,January,Fog,Low,2,1,10.7,369.0,0
ORD-104216,Mumbai,Jaipur,Clothing,1096.0,1231.0,Standard,New,Wednesday,May,Fog,High,3,0,9.0,175.0,0
ORD-101231,Mumbai,Coimbatore,Clothing,2123.0,1217.7,Standard,New,Sunday,December,Cloudy,Medium,1,0,11.5,159.0,0
ORD-102819,Delhi,Mumbai,Electronics,23320.0,1362.9,Standard,New,Sunday,April,Rain,High,4,0,9.2,232.0,1
ORD-103759,Hyderabad,Bengaluru,Clothing,2073.0,614.6,Standard,Regular,Sunday,October,Clear,High,3,1,31.0,117.0,1
ORD-105765,Bengaluru,Pune,Sports,5633.0,934.2,Standard,Regular,Sunday,April,Clear,Low,2,1,22.4,148.0,1
ORD-103306,Mumbai,Hyderabad,Clothing,3484.0,792.4,Express,Regular,Friday,June,Rain,High,5,1,4.6,260.0,0
ORD-103379,Bengaluru,Delhi,Beauty,1017.0,2277.6,Standard,Regular,Sunday,March,Rain,Medium,1,0,17.1,263.0,0
ORD-100135,Bengaluru,Coimbatore,Sports,4085.0,289.1,Standard,Regular,Monday,March,Clear,Low,2,0,20.4,92.0,0
ORD-103559,Chennai,Indore,Sports,3120.0,1471.0,Standard,New,Friday,February,Clear,Medium,2,1,8.9,186.0,0
ORD-105077,Bengaluru,Bengaluru,Clothing,5606.0,10.5,Standard,Regular,Wednesday,November,Clear,High,3,0,13.1,88.0,0
ORD-102900,Delhi,Chandigarh,Electronics,36347.0,303.0,Standard,Regular,Saturday,September,Cloudy,Medium,3,1,24.9,157.0,0
ORD-103095,Bengaluru,Chennai,Clothing,2358.0,374.2,Priority,Regular,Saturday,July,Rain,Medium,4,0,6.1,265.0,0
ORD-104241,Kolkata,Coimbatore,Home & Kitchen,8688.0,2099.4,Economy,New,Saturday,June,Rain,Medium,4,0,8.6,257.0,1
ORD-101722,Delhi,Nagpur,Home & Kitchen,7478.0,1086.3,Economy,Regular,Sunday,May,Cloudy,Medium,2,1,10.5,170.0,0
ORD-103019,Delhi,Lucknow,Furniture,21033.0,511.7,Express,Regular,Thursday,September,Cloudy,Low,1,2,31.1,180.0,0
ORD-100512,Kolkata,Bhopal,Groceries,1194.0,1471.7,Standard,Regular,Saturday,August,Rain,Low,3,0,7.3,220.0,0
ORD-104829,Kolkata,Kochi,Clothing,7623.0,2446.7,Standard,Regular,Tuesday,June,Clear,Medium,6,0,16.6,291.0,0
ORD-100063,Bengaluru,Bhopal,Electronics,5459.0,1522.4,Priority,Premium,Friday,September,Rain,Low,2,0,20.2,490.0,0
ORD-101554,Delhi,Chennai,Groceries,1590.0,2197.7,Express,Regular,Sunday,October,Clear,Medium,10,0,15.9,466.0,0
ORD-103850,Delhi,Ahmedabad,Electronics,34450.0,945.8,Express,New,Wednesday,November,Rain,High,4,0,14.6,301.0,0
ORD-105267,Delhi,Jaipur,Sports,2913.0,302.0,Express,Regular,Thursday,January,Storm,Low,2,0,20.5,137.0,0
ORD-103576,Delhi,Jaipur,Clothing,3763.0,311.7,Standard,Premium,Tuesday,August,Rain,Low,3,1,17.9,102.0,0
ORD-103735,Mumbai,Bengaluru,Clothing,2347.0,1141.7,Standard,Regular,Thursday,September,Clear,Medium,3,0,21.0,174.0,0
ORD-102961,Kolkata,Chennai,Groceries,1290.0,1604.4,Express,Premium,Wednesday,October,Cloudy,Medium,4,1,12.4,257.0,0
ORD-103150,Mumbai,Bengaluru,Books,906.0,1054.5,Express,Regular,Monday,August,Rain,Low,4,2,9.2,260.0,0
ORD-102139,Kolkata,Mumbai,Sports,4022.0,2147.3,Economy,Regular,Friday,January,Clear,High,3,2,8.0,219.0,1
ORD-100680,Delhi,Hyderabad,Sports,2009.0,1512.5,Standard,Regular,Thursday,July,Cloudy,Medium,1,0,12.8,205.0,0
ORD-104424,Delhi,Chennai,Beauty,276.0,2210.0,Economy,New,Wednesday,December,Clear,High,2,1,4.5,211.0,1
ORD-101212,Kolkata,Mumbai,Groceries,2426.0,2059.2,Economy,Regular,Tuesday,July,Clear,Low,7,0,16.5,251.0,0
ORD-100123,Mumbai,Kolkata,Clothing,987.0,2065.3,Express,Regular,Sunday,March,Storm,High,2,0,37.4,351.0,1
ORD-103760,Mumbai,Chennai,Groceries,3229.0,1271.8,Economy,Regular,Monday,October,Cloudy,Medium,7,3,48.0,196.0,1
ORD-103228,Mumbai,Mumbai,Electronics,11722.0,35.6,Express,Premium,Saturday,October,Cloudy,High,1,2,23.2,97.0,0
ORD-104127,Bengaluru,Ahmedabad,Electronics,31184.0,1534.7,Economy,Regular,Sunday,June,Cloudy,Low,4,0,12.3,234.0,1
ORD-103551,Kolkata,Pune,Groceries,2435.0,1987.8,Express,Regular,Friday,April,Cloudy,Low,3,2,,412.0,0
ORD-103586,Kolkata,Nagpur,Home & Kitchen,4447.0,1230.3,Express,Regular,Sunday,August,Rain,Low,1,1,13.9,253.0,0
ORD-101211,Chennai,Indore,Electronics,25571.0,1551.1,Standard,Regular,Thursday,August,Storm,High,2,0,,243.0,1
ORD-100568,Mumbai,Indore,Clothing,4507.0,681.7,Express,Regular,Wednesday,March,Clear,High,2,0,7.7,209.0,0
ORD-102400,Bengaluru,Mumbai,Books,403.0,1116.0,Standard,New,Sunday,October,Cloudy,Medium,1,0,4.1,157.0,0
ORD-100549,Chennai,Lucknow,Groceries,1785.0,1844.7,Standard,Regular,Sunday,August,Cloudy,Low,5,1,12.7,269.0,0
ORD-102264,Mumbai,Pune,Home & Kitchen,1833.0,161.6,Priority,Premium,Monday,October,Clear,Low,2,1,16.3,148.0,0
ORD-100865,Mumbai,Indore,Electronics,83618.0,656.3,Express,Regular,Wednesday,February,Clear,Medium,3,0,,406.0,0
ORD-105305,Mumbai,Mumbai,Sports,5113.0,40.5,Standard,New,Thursday,September,Rain,Low,1,1,17.2,71.0,0
ORD-101393,Mumbai,Chennai,Electronics,21326.0,1294.1,Economy,Regular,Sunday,February,Cloudy,Low,2,1,11.9,178.0,0
ORD-105272,Kolkata,Coimbatore,Electronics,12045.0,2231.4,Standard,Regular,Monday,January,Storm,High,2,0,15.5,319.0,1
ORD-103460,Kolkata,Visakhapatnam,Home & Kitchen,4645.0,988.8,Priority,Premium,Thursday,September,Rain,Low,1,0,22.3,279.0,0
ORD-105878,Mumbai,Ahmedabad,Electronics,11435.0,540.2,Economy,Regular,Monday,October,Cloudy,Medium,1,1,28.2,89.0,0
ORD-102100,Delhi,Pune,Electronics,16206.0,1620.7,Economy,New,Friday,October,Clear,Low,3,0,19.4,174.0,1
ORD-101884,Chennai,Lucknow,Sports,2522.0,2050.2,Economy,New,Thursday,December,Rain,Medium,2,0,8.2,192.0,1
ORD-100721,Bengaluru,Delhi,Clothing,1493.0,2186.8,Standard,New,Wednesday,June,Clear,Medium,1,1,2.0,277.0,1
ORD-103918,Bengaluru,Delhi,Furniture,16423.0,2297.3,Express,Premium,Friday,March,Clear,High,1,0,19.3,317.0,0
ORD-102942,Delhi,Bengaluru,Electronics,6272.0,2187.6,Standard,New,Tuesday,March,Clear,Medium,1,2,46.4,255.0,1
ORD-100691,Delhi,Hyderabad,Home & Kitchen,3846.0,1521.2,Economy,Regular,Thursday,December,Storm,High,2,0,12.1,165.0,1
ORD-103329,Bengaluru,Bengaluru,Clothing,2046.0,29.4,Standard,New,Saturday,June,Clear,Medium,3,0,4.6,78.0,0
ORD-101774,Hyderabad,Pune,Books,1168.0,657.7,Economy,Premium,Friday,October,Clear,Low,3,3,18.7,102.0,0
ORD-100603,Hyderabad,Chennai,Clothing,,635.2,Standard,Regular,Monday,December,Fog,Low,4,0,21.8,154.0,0
ORD-103168,Mumbai,Bengaluru,Groceries,4380.0,1055.8,Standard,New,Tuesday,December,Fog,Low,7,0,6.9,219.0,0
ORD-104856,Hyderabad,Chennai,Clothing,5710.0,607.7,Priority,Premium,Sunday,October,Clear,High,1,0,18.6,233.0,0
ORD-104915,Delhi,Pune,Electronics,9065.0,1475.7,Express,Regular,Sunday,April,Clear,High,2,1,9.3,329.0,0
ORD-101965,Chennai,Bhopal,Home & Kitchen,2646.0,1438.8,Priority,New,Friday,September,Rain,Medium,3,0,11.0,513.0,0
ORD-104406,Bengaluru,Chandigarh,Home & Kitchen,11691.0,2467.1,Express,Regular,Sunday,October,Clear,Low,4,2,14.7,444.0,1
ORD-100504,Bengaluru,Patna,Sports,,1880.2,Express,Regular,Tuesday,November,Clear,Medium,2,0,15.0,391.0,0
ORD-104546,Delhi,Nagpur,Electronics,23751.0,1050.8,Standard,Regular,Sunday,October,Storm,High,2,1,28.5,191.0,1
ORD-100319,Delhi,Hyderabad,Sports,4406.0,1650.1,Standard,New,Friday,September,Clear,High,4,2,16.0,268.0,0
ORD-102168,Delhi,Visakhapatnam,Electronics,12651.0,1669.7,Economy,Regular,Wednesday,June,Storm,High,2,0,22.1,173.0,1
ORD-104906,Bengaluru,Bengaluru,Groceries,2728.0,15.4,Express,Premium,Friday,November,Clear,High,7,0,46.1,204.0,0
ORD-100275,Chennai,Ahmedabad,Clothing,8111.0,1782.6,Standard,Regular,Saturday,July,Clear,Low,5,1,7.3,285.0,0
ORD-105204,Bengaluru,Chandigarh,Electronics,9796.0,2417.5,Standard,New,Tuesday,December,Cloudy,Medium,3,0,30.8,323.0,1
ORD-102909,Hyderabad,Hyderabad,Groceries,1669.0,23.5,Priority,Premium,Wednesday,May,Rain,Low,4,0,9.6,187.0,0
ORD-101362,Delhi,Mumbai,Beauty,1325.0,1506.6,Economy,New,Friday,May,Clear,Medium,2,1,7.7,133.0,0
ORD-103373,Kolkata,Kolkata,Beauty,1219.0,42.8,Standard,New,Saturday,June,,Medium,1,2,12.9,55.0,0
ORD-101527,Delhi,Mumbai,Books,2772.0,1362.4,Standard,New,Tuesday,March,Cloudy,Medium,3,1,11.8,227.0,0
ORD-102678,Kolkata,Kolkata,Electronics,7970.0,34.7,Standard,Regular,Tuesday,June,Rain,High,2,2,20.6,83.0,0
ORD-105429,Hyderabad,Bengaluru,Electronics,6393.0,628.5,Express,Premium,Friday,October,Clear,High,1,1,18.5,160.0,0
ORD-101993,Delhi,Bengaluru,Groceries,1688.0,2364.8,Standard,Regular,Tuesday,October,Storm,Low,6,2,17.7,304.0,1
ORD-104311,Bengaluru,Ahmedabad,Sports,5730.0,1577.0,Express,Regular,Friday,October,Storm,Low,3,1,22.0,329.0,1
ORD-103521,Bengaluru,Patna,Electronics,15098.0,1958.6,Economy,New,Tuesday,October,Rain,Medium,1,0,19.1,193.0,0
ORD-103957,Hyderabad,Lucknow,Sports,1853.0,1311.1,Standard,Regular,Monday,May,Clear,High,1,0,4.3,183.0,0
ORD-103071,Mumbai,Chennai,Clothing,1120.0,1175.0,Standard,Regular,Friday,August,Clear,Low,1,3,9.7,160.0,0
ORD-103631,Mumbai,Mumbai,Books,1681.0,31.5,Standard,Regular,Monday,December,Clear,High,3,1,21.8,71.0,0
ORD-100946,Delhi,Mumbai,Sports,2576.0,1481.0,Express,Premium,Monday,January,Clear,High,3,0,15.9,311.0,0
ORD-104762,Bengaluru,Kolkata,Groceries,3439.0,1943.1,Standard,Regular,Monday,August,Rain,Medium,8,4,9.6,358.0,1
ORD-105839,Bengaluru,Kolkata,Beauty,2592.0,1969.8,Standard,Premium,Monday,October,Rain,Medium,2,2,20.1,189.0,0
ORD-100296,Hyderabad,Mumbai,Sports,5107.0,824.5,Standard,Regular,Thursday,October,Cloudy,Medium,2,1,62.2,185.0,0
ORD-104608,Mumbai,Pune,Clothing,2103.0,133.9,Express,Premium,Thursday,July,Clear,Low,2,0,16.0,93.0,0
ORD-102229,Mumbai,Pune,Sports,5496.0,152.6,Standard,Regular,Friday,September,Rain,Medium,5,0,14.2,115.0,1
ORD-100299,Kolkata,Chennai,Clothing,697.0,1641.0,Economy,Regular,Saturday,February,Clear,Medium,1,3,11.2,152.0,0
ORD-100069,Mumbai,Chennai,Groceries,,1348.4,Standard,New,Thursday,May,Cloudy,Medium,6,0,4.2,239.0,0
ORD-104435,Bengaluru,Coimbatore,Books,555.0,290.9,Standard,New,Friday,March,Cloudy,High,1,1,6.6,69.0,0
ORD-100737,Mumbai,Ahmedabad,Beauty,,512.6,Economy,New,Monday,December,Cloudy,Medium,2,0,43.1,82.0,0
ORD-101599,Kolkata,Delhi,Electronics,16478.0,1682.8,Standard,Regular,Wednesday,September,Rain,Low,2,1,26.9,250.0,1
ORD-104744,Delhi,Mumbai,Clothing,1408.0,1457.9,Standard,Regular,Monday,November,Cloudy,Medium,2,1,14.6,194.0,0
ORD-103050,Delhi,Delhi,Books,915.0,44.3,Standard,New,Tuesday,May,Clear,High,3,0,33.4,75.0,0
ORD-103723,Kolkata,Hyderabad,Groceries,2060.0,1506.3,Standard,Regular,Saturday,October,Cloudy,Low,4,0,28.9,195.0,0
ORD-101504,Delhi,Hyderabad,Clothing,3836.0,1540.4,Standard,New,Tuesday,January,Clear,High,4,0,4.2,220.0,0
ORD-102115,Mumbai,Bhopal,Electronics,103164.0,761.6,Economy,New,Sunday,June,Rain,Medium,3,2,11.8,226.0,0
ORD-100151,Kolkata,Mumbai,Beauty,2312.0,2091.2,Standard,Regular,Tuesday,November,Cloudy,Low,4,1,17.0,284.0,0
ORD-100757,Delhi,Mumbai,Groceries,1990.0,1500.8,Express,Regular,Thursday,December,Clear,High,3,4,16.0,416.0,1
ORD-103750,Mumbai,Bhopal,Sports,8172.0,790.8,Express,Regular,Saturday,December,Clear,Low,2,0,5.3,269.0,0
ORD-104465,Mumbai,Chennai,Beauty,1245.0,1288.5,Express,Premium,Monday,September,Rain,Medium,2,1,9.0,264.0,0
ORD-101704,Chennai,Kolkata,Clothing,15671.0,1721.7,Economy,Regular,Saturday,January,Fog,Medium,4,1,15.3,210.0,1
ORD-105520,Bengaluru,Jaipur,Groceries,4982.0,2026.7,Standard,Regular,Sunday,June,Rain,Low,6,0,8.9,306.0,0
ORD-104317,Hyderabad,Delhi,Electronics,13735.0,1583.2,Standard,Regular,Saturday,March,Rain,Low,1,1,28.1,203.0,1
ORD-100170,Hyderabad,Kolkata,Clothing,1408.0,1476.1,Standard,Regular,Saturday,January,Cloudy,Low,2,0,9.0,207.0,1
ORD-102200,Chennai,Chandigarh,Home & Kitchen,5443.0,2717.1,Standard,Regular,Thursday,September,Rain,High,4,0,13.2,428.0,1
ORD-100377,Hyderabad,Coimbatore,Clothing,3280.0,926.7,Standard,Regular,Sunday,October,Storm,Low,5,0,10.7,202.0,1
ORD-102078,Mumbai,Chennai,Furniture,13704.0,1227.2,Express,New,Sunday,September,Storm,High,1,0,31.3,255.0,1
ORD-103872,Mumbai,Mumbai,Clothing,3796.0,43.2,Standard,Regular,Wednesday,January,Fog,Medium,1,1,17.5,66.0,0
ORD-100860,Bengaluru,Bengaluru,Home & Kitchen,7699.0,29.0,Standard,Premium,Friday,October,Rain,Medium,3,0,8.8,92.0,0
ORD-104681,Hyderabad,Hyderabad,Furniture,5091.0,18.0,Economy,Regular,Sunday,August,Cloudy,Medium,1,1,24.4,38.0,1
ORD-104858,Chennai,Kolkata,Books,815.0,1552.0,Standard,New,Friday,January,Cloudy,High,2,0,31.0,206.0,0
ORD-101927,Delhi,Chandigarh,Electronics,11695.0,284.1,Standard,Premium,Friday,October,Clear,High,2,1,28.5,101.0,1
ORD-100379,Delhi,Chennai,Home & Kitchen,3583.0,2099.3,Standard,Regular,Tuesday,May,Clear,Medium,2,0,14.9,240.0,0
ORD-102777,Chennai,Hyderabad,Sports,2516.0,664.7,Standard,Regular,Friday,December,Clear,Medium,3,0,8.7,115.0,0
ORD-102330,Bengaluru,Hyderabad,Home & Kitchen,4287.0,635.1,Standard,New,Thursday,June,Cloudy,Medium,2,1,7.8,124.0,0
ORD-101295,Delhi,Kolkata,Beauty,660.0,1667.4,Express,Regular,Thursday,August,Rain,High,1,1,17.2,308.0,1
ORD-102081,Delhi,Chennai,Groceries,1623.0,2195.8,Standard,Premium,Saturday,December,Clear,High,5,0,19.8,292.0,0
ORD-101433,Mumbai,Lucknow,Home & Kitchen,,1457.7,Economy,New,Thursday,April,Cloudy,Medium,3,2,13.7,162.0,0
ORD-105482,Mumbai,Kochi,Clothing,4001.0,1266.0,Express,Premium,Wednesday,June,Clear,Medium,4,1,7.7,278.0,0
ORD-104717,Delhi,Indore,Groceries,3086.0,814.7,Economy,New,Friday,June,Rain,High,4,2,18.4,107.0,1
ORD-103690,Delhi,Bhopal,Home & Kitchen,7887.0,723.7,Standard,Regular,Monday,January,Fog,Medium,2,0,24.4,132.0,1
ORD-101780,Bengaluru,Kolkata,Electronics,8291.0,2140.2,Express,Premium,Thursday,May,Clear,Medium,1,1,21.1,387.0,0
ORD-102969,Bengaluru,Patna,Electronics,9274.0,2038.0,Priority,Regular,Friday,October,Clear,Low,2,1,22.4,559.0,1
ORD-104441,Mumbai,Coimbatore,Home & Kitchen,3879.0,1341.0,Standard,Regular,Wednesday,June,Rain,Medium,3,2,4.6,230.0,0
ORD-104626,Chennai,Kolkata,Groceries,4397.0,1754.8,Standard,New,Saturday,September,Rain,High,9,0,4.0,315.0,0
ORD-101819,Bengaluru,Visakhapatnam,Home & Kitchen,5108.0,947.0,Express,Premium,Wednesday,September,Rain,High,3,0,10.5,243.0,1
ORD-103619,Delhi,Kochi,Electronics,12083.0,2623.2,Priority,Premium,Sunday,May,Rain,Medium,1,0,13.1,578.0,1
ORD-100842,Kolkata,Visakhapatnam,Books,443.0,994.0,Economy,Regular,Tuesday,August,Storm,Medium,1,0,8.3,96.0,0
ORD-103686,Mumbai,Ahmedabad,Sports,3982.0,583.3,Standard,Regular,Tuesday,October,Clear,Low,1,2,13.5,106.0,0
ORD-101190,Chennai,Kolkata,Electronics,13267.0,1726.5,Economy,Regular,Thursday,November,Clear,Medium,2,1,19.4,192.0,0
ORD-100176,Mumbai,Visakhapatnam,Clothing,4310.0,1284.4,Economy,New,Friday,November,Clear,Low,3,0,20.1,171.0,0
ORD-102094,Mumbai,Visakhapatnam,Beauty,2148.0,1291.8,Express,Regular,Tuesday,February,Fog,Medium,2,1,17.5,308.0,0
ORD-105591,Delhi,Hyderabad,Clothing,1377.0,1601.2,Express,Premium,Sunday,August,Rain,Medium,1,1,5.9,306.0,1
ORD-100928,Kolkata,Patna,Clothing,4526.0,599.9,Standard,Regular,Wednesday,July,Rain,Medium,3,2,53.5,120.0,1
ORD-104547,Hyderabad,Kochi,Home & Kitchen,11524.0,1095.8,Standard,Regular,Tuesday,January,Fog,High,5,0,16.3,196.0,0
ORD-100046,Kolkata,Delhi,Sports,3797.0,1689.1,Standard,Regular,Friday,August,Rain,High,4,1,14.5,255.0,1
ORD-101261,Mumbai,Patna,Clothing,2727.0,1775.4,Economy,Regular,Thursday,May,Fog,Low,2,0,10.4,215.0,0
ORD-101097,Mumbai,Hyderabad,Books,1961.0,690.1,Standard,Regular,Tuesday,August,Rain,Low,3,1,11.5,147.0,0
ORD-101444,Mumbai,Bhopal,Electronics,11165.0,756.6,Express,New,Thursday,April,Clear,Low,4,0,11.5,304.0,0
ORD-102820,Hyderabad,Patna,Sports,5602.0,1519.1,Express,Regular,Thursday,April,Clear,Low,2,1,3.6,301.0,0
ORD-102992,Kolkata,Chandigarh,Home & Kitchen,4868.0,1872.6,Standard,New,Sunday,September,Storm,Medium,1,0,21.1,230.0,1
ORD-101188,Hyderabad,Coimbatore,Clothing,3083.0,907.2,Express,New,Tuesday,August,Clear,Medium,3,0,6.2,238.0,0
ORD-105142,Bengaluru,Coimbatore,Beauty,1773.0,286.4,Standard,Regular,Friday,July,Clear,Medium,2,2,16.5,94.0,0
ORD-102716,Delhi,Ahmedabad,Clothing,1780.0,1010.1,Economy,Regular,Tuesday,January,Fog,Low,2,0,20.3,122.0,0
ORD-101031,Bengaluru,Ahmedabad,Sports,5752.0,1579.2,Economy,New,Saturday,January,Clear,Medium,2,0,9.2,170.0,0
ORD-102305,Delhi,Mumbai,Home & Kitchen,1783.0,1494.8,Standard,New,Wednesday,June,Rain,Medium,1,0,20.9,189.0,0
ORD-100301,Kolkata,Chandigarh,Books,1171.0,1931.1,Express,Premium,Saturday,September,Cloudy,Medium,3,2,15.0,410.0,1
ORD-102578,Kolkata,Chennai,Home & Kitchen,4382.0,1739.9,Economy,Regular,Thursday,February,Fog,High,3,1,10.3,176.0,1
ORD-101473,Mumbai,Delhi,Sports,6181.0,1386.3,Priority,Regular,Thursday,March,Clear,High,3,1,30.2,489.0,0
ORD-100284,Delhi,Bengaluru,Electronics,8484.0,2074.0,Standard,Regular,Thursday,April,,Low,1,1,23.7,230.0,1
ORD-103442,Mumbai,Pune,Home & Kitchen,3779.0,149.8,Express,Regular,Thursday,September,Cloudy,Medium,2,2,11.5,140.0,0
ORD-105519,Mumbai,Chennai,Electronics,43359.0,1301.0,Express,Regular,Wednesday,April,Cloudy,Low,3,0,9.7,313.0,0
ORD-104801,Delhi,Bengaluru,Electronics,7522.0,2271.2,Standard,New,Wednesday,April,Clear,Low,1,0,15.8,277.0,1
ORD-103419,Mumbai,Indore,Furniture,9822.0,655.7,Standard,Regular,Tuesday,December,Clear,Medium,1,1,36.5,102.0,1
ORD-101814,Delhi,Chennai,Sports,11637.0,2083.6,Standard,Regular,Sunday,October,Clear,Low,4,2,21.9,330.0,1
ORD-103969,Delhi,Chandigarh,Clothing,3423.0,286.1,Express,Premium,Thursday,October,Cloudy,High,4,1,36.0,157.0,0
ORD-104783,Hyderabad,Chennai,Electronics,26226.0,602.7,Economy,Regular,Sunday,January,Fog,Low,2,2,18.7,136.0,0
ORD-104183,Chennai,Chennai,Electronics,22099.0,25.4,Express,Premium,Tuesday,April,Cloudy,High,4,2,15.9,186.0,1
ORD-104686,Delhi,Indore,Clothing,798.0,846.3,Standard,New,Friday,September,Rain,Low,1,1,17.4,141.0,0
ORD-102446,Bengaluru,Ahmedabad,Beauty,1441.0,1443.5,Standard,Regular,Monday,May,Rain,Low,3,1,14.2,189.0,0
ORD-103706,Mumbai,Bhopal,Groceries,787.0,863.7,Express,Premium,Saturday,March,Cloudy,Medium,5,0,3.4,277.0,0
ORD-101339,Kolkata,Bhopal,Books,1569.0,1360.5,Standard,New,Monday,February,Fog,Medium,2,0,,192.0,0
ORD-102324,Mumbai,Pune,Electronics,57854.0,147.8,Economy,New,Friday,June,Cloudy,High,5,0,39.5,142.0,1
ORD-102665,Bengaluru,Bengaluru,Beauty,2406.0,8.6,Economy,Regular,Monday,October,Clear,Low,2,1,7.3,54.0,0
ORD-103887,Hyderabad,Lucknow,Electronics,24382.0,1234.1,Express,Regular,Tuesday,February,Fog,Medium,3,0,32.2,309.0,0
ORD-103236,Mumbai,Coimbatore,Electronics,6033.0,1225.8,Priority,New,Saturday,January,Cloudy,Low,1,1,13.5,,1
ORD-105794,Mumbai,Chandigarh,Electronics,21238.0,1745.0,Standard,Regular,Monday,July,Clear,Medium,3,0,19.8,259.0,1
ORD-102922,Mumbai,Lucknow,Beauty,1883.0,1617.6,Priority,Regular,Saturday,June,Rain,Low,1,2,32.9,523.0,1
ORD-102448,Delhi,Kolkata,Groceries,1373.0,1626.2,Standard,Regular,Sunday,November,Cloudy,Low,3,1,16.7,217.0,0
ORD-105518,Mumbai,Hyderabad,Clothing,2395.0,766.6,Express,Regular,Friday,October,Clear,High,4,1,19.3,299.0,0
ORD-100258,Mumbai,Bengaluru,Electronics,30428.0,1062.6,Express,New,Sunday,March,Cloudy,Medium,3,0,17.8,354.0,0
ORD-100508,Kolkata,Bengaluru,Sports,2288.0,1817.1,Standard,Regular,Sunday,October,Storm,Low,2,0,53.8,228.0,1
ORD-102025,Bengaluru,Chennai,Clothing,1881.0,358.9,Express,New,Sunday,March,Cloudy,High,3,1,16.3,182.0,0
ORD-100100,Hyderabad,Bhopal,Electronics,37068.0,814.4,Standard,New,Monday,June,Rain,Low,4,0,19.7,211.0,0
ORD-103937,Delhi,Chennai,Home & Kitchen,3269.0,2188.8,Standard,New,Saturday,July,Cloudy,Medium,2,2,12.1,299.0,1
ORD-100745,Bengaluru,Bengaluru,Electronics,16998.0,39.2,Standard,Regular,Thursday,October,Clear,Medium,1,2,18.4,78.0,0
ORD-105326,Mumbai,Delhi,Beauty,1621.0,1316.1,Standard,Regular,Saturday,October,Fog,Medium,2,0,5.7,172.0,0
ORD-105607,Mumbai,Kolkata,Electronics,12740.0,2045.5,Standard,New,Thursday,December,Clear,High,2,2,18.6,276.0,1
ORD-101376,Mumbai,Bhopal,Home & Kitchen,2554.0,794.4,Express,Regular,Saturday,June,Rain,Medium,1,4,8.0,195.0,1
ORD-103947,Mumbai,Mumbai,Groceries,1390.0,8.4,Standard,New,Friday,December,Fog,Low,4,0,10.4,69.0,0
ORD-104537,Chennai,Kolkata,Home & Kitchen,7614.0,1688.7,Standard,New,Sunday,April,Cloudy,Low,4,0,34.8,254.0,0
ORD-103618,Mumbai,Bengaluru,Sports,1906.0,1102.6,Standard,Regular,Monday,May,Clear,High,1,0,11.7,143.0,0
ORD-105092,Chennai,Chennai,Furniture,5745.0,42.0,Express,Regular,Tuesday,December,Fog,High,1,0,31.5,112.0,0
ORD-104267,Delhi,Hyderabad,Electronics,22190.0,1511.4,Standard,Regular,Thursday,May,Cloudy,High,1,2,17.2,197.0,0
ORD-101158,Mumbai,Pune,Beauty,764.0,158.3,Standard,Regular,Wednesday,January,Cloudy,Medium,5,1,24.6,96.0,0
ORD-101859,Delhi,Nagpur,Clothing,5304.0,1072.8,Standard,New,Wednesday,September,Rain,Medium,3,1,13.9,182.0,1
ORD-104410,Mumbai,Chennai,Clothing,1703.0,1310.0,Express,Regular,Saturday,August,Cloudy,Medium,2,1,13.3,299.0,0
ORD-102536,Bengaluru,Chennai,Beauty,5050.0,365.8,Standard,Regular,Friday,June,Clear,,5,1,8.9,138.0,1
ORD-104954,Hyderabad,Mumbai,Clothing,3976.0,743.1,Economy,Regular,Friday,November,Cloudy,Low,3,0,23.5,110.0,0
ORD-101438,Bengaluru,Delhi,Sports,5051.0,2242.3,Standard,New,Friday,August,Rain,High,3,0,14.6,263.0,1
ORD-105020,Delhi,Kolkata,Sports,3455.0,1468.4,Standard,Regular,Thursday,February,Clear,High,1,3,18.6,197.0,1
ORD-100367,Kolkata,Hyderabad,Groceries,4419.0,1530.2,Express,Regular,Friday,March,Cloudy,Low,4,1,8.8,,0
ORD-105099,Kolkata,Bhopal,Groceries,2467.0,1425.1,Economy,New,Friday,July,Storm,Low,9,0,20.8,205.0,1
ORD-103003,Delhi,Hyderabad,Books,710.0,1525.4,Express,Regular,Thursday,December,Clear,Medium,1,0,29.6,266.0,0
ORD-100403,Kolkata,Ahmedabad,Electronics,20088.0,2049.3,Economy,Regular,Thursday,June,Rain,Medium,2,5,13.5,232.0,1
ORD-104690,Chennai,Visakhapatnam,Clothing,6212.0,690.6,Standard,Premium,Friday,September,Rain,Low,4,2,8.7,134.0,1
ORD-103667,Mumbai,Visakhapatnam,Furniture,16017.0,1390.3,Standard,New,Wednesday,November,Cloudy,Medium,1,1,19.0,181.0,1
ORD-100950,Delhi,Patna,Sports,4946.0,1034.1,Economy,Regular,Friday,July,Rain,Medium,6,2,13.5,179.0,1
ORD-102841,Kolkata,Chandigarh,Home & Kitchen,2994.0,1894.5,Economy,Regular,Friday,February,Fog,High,4,0,20.5,183.0,1
ORD-100020,Chennai,Pune,Clothing,3743.0,1159.3,Standard,Regular,Wednesday,September,Rain,Medium,2,0,27.8,184.0,0
ORD-100230,Mumbai,Hyderabad,Clothing,1725.0,831.8,Standard,Regular,Wednesday,April,Clear,,2,0,10.7,133.0,0
ORD-104229,Bengaluru,Bengaluru,Clothing,3962.0,17.0,Economy,New,Wednesday,April,Clear,Medium,1,0,5.0,42.0,0
ORD-100669,Delhi,Chandigarh,Furniture,11281.0,292.8,Standard,Regular,Thursday,November,Cloudy,Medium,1,0,42.9,89.0,1
ORD-100219,Hyderabad,Chandigarh,Furniture,15239.0,1877.9,Priority,Regular,Thursday,February,Storm,High,1,0,20.2,571.0,1
ORD-105056,Delhi,Lucknow,Groceries,829.0,525.1,Economy,New,Friday,June,Cloudy,High,9,0,8.7,131.0,0
ORD-104103,Bengaluru,Pune,Beauty,1424.0,881.8,Express,Regular,Wednesday,December,Fog,High,1,1,5.3,220.0,1
ORD-103540,Delhi,Bengaluru,Clothing,3869.0,2000.4,Express,Regular,Tuesday,October,Clear,Medium,3,0,15.1,388.0,0
ORD-104288,Mumbai,Patna,Home & Kitchen,,1745.6,Standard,Regular,Saturday,December,Cloudy,Low,2,3,14.3,265.0,0
ORD-104432,Hyderabad,Kolkata,Electronics,20427.0,1374.8,Economy,Regular,Saturday,June,Rain,Low,2,1,10.4,178.0,1
ORD-100586,Chennai,Chennai,Clothing,705.0,20.2,Standard,Regular,Thursday,October,Cloudy,Medium,3,1,18.8,76.0,0
ORD-104284,Mumbai,Pune,Books,376.0,155.7,Economy,Regular,Monday,March,Storm,Low,3,2,10.1,72.0,0
ORD-105229,Mumbai,Kolkata,Electronics,13710.0,2023.0,Standard,Regular,Friday,December,Fog,Low,2,1,29.6,262.0,0
ORD-105209,Mumbai,Mumbai,Home & Kitchen,4952.0,40.3,Express,Premium,Saturday,February,Clear,Medium,1,0,19.7,91.0,0
ORD-104729,Bengaluru,Mumbai,Electronics,26794.0,1071.0,Standard,New,Wednesday,January,Fog,High,2,1,15.0,190.0,1
ORD-104018,Bengaluru,Mumbai,Beauty,1040.0,1023.5,Economy,Regular,Sunday,August,Rain,Medium,1,0,2.9,112.0,0
ORD-103671,Delhi,Chennai,Clothing,1139.0,2194.4,Economy,Regular,Sunday,September,Clear,Medium,3,1,9.9,188.0,1
ORD-105447,Kolkata,Mumbai,Beauty,3135.0,2130.3,Express,Premium,Monday,August,Rain,High,4,0,15.7,436.0,1
ORD-100778,Mumbai,Jaipur,Clothing,3436.0,1191.3,Standard,Premium,Friday,April,Clear,Medium,6,1,9.3,213.0,0
ORD-100324,Bengaluru,Bengaluru,Clothing,2582.0,21.4,Standard,New,Sunday,July,Clear,Medium,5,0,12.0,91.0,0
ORD-101019,Mumbai,Ahmedabad,Electronics,3427.0,568.3,Priority,Premium,Thursday,August,Clear,Low,2,0,23.5,294.0,0
ORD-101607,Hyderabad,Mumbai,Home & Kitchen,3957.0,800.8,Standard,Regular,Friday,December,Cloudy,Medium,1,3,17.1,106.0,0
ORD-104197,Mumbai,Bengaluru,Beauty,1904.0,1070.1,Standard,Regular,Sunday,April,Clear,High,2,0,6.8,133.0,0
ORD-104788,Chennai,Bhopal,Home & Kitchen,2987.0,1525.2,Express,Regular,Thursday,September,Rain,Medium,4,1,7.1,332.0,0
ORD-103502,Bengaluru,Kolkata,Sports,7503.0,1862.8,Standard,New,Monday,June,Cloudy,Low,5,0,17.4,265.0,0
ORD-102852,Delhi,Bhopal,Books,140.0,712.9,Standard,New,Friday,October,Rain,Medium,1,0,31.5,111.0,0
ORD-103271,Hyderabad,Bengaluru,Electronics,9079.0,623.8,Priority,Premium,Wednesday,August,Clear,High,1,1,24.8,238.0,0
ORD-101492,Kolkata,Visakhapatnam,Books,605.0,903.0,Express,Premium,Sunday,February,Cloudy,Medium,1,0,10.5,195.0,0
ORD-102084,Mumbai,Jaipur,Sports,6996.0,1171.5,Standard,Regular,Sunday,March,Cloudy,Low,2,1,6.3,194.0,0
ORD-102570,Hyderabad,Mumbai,Clothing,1807.0,837.0,Standard,Regular,Saturday,March,Cloudy,Low,1,1,16.9,135.0,0
ORD-103264,Bengaluru,Nagpur,Electronics,22750.0,1159.5,Economy,Regular,Thursday,March,Clear,Low,2,1,22.8,177.0,1
ORD-102023,Mumbai,Pune,Home & Kitchen,10352.0,158.2,Express,Regular,Wednesday,June,Clear,High,4,3,26.7,168.0,0
ORD-105278,Chennai,Bhopal,Sports,11215.0,1443.9,Economy,Regular,Thursday,March,Storm,Low,7,3,14.0,243.0,0
ORD-104421,Delhi,Chandigarh,Books,466.0,304.7,Economy,New,Tuesday,September,Rain,Medium,2,0,11.1,76.0,1
ORD-101594,Delhi,Mumbai,Furniture,13297.0,1469.2,Standard,Premium,Friday,January,Clear,Medium,1,0,31.8,210.0,1
ORD-100518,Chennai,Kolkata,Electronics,10724.0,1752.0,Express,Premium,Saturday,December,Clear,Low,1,2,22.6,293.0,0
ORD-100322,Bengaluru,Delhi,Electronics,13586.0,2155.5,Standard,New,Thursday,November,Cloudy,,2,1,10.9,299.0,0
ORD-104193,Bengaluru,Coimbatore,Clothing,1770.0,271.2,Economy,New,Monday,January,Clear,Medium,1,0,23.7,60.0,1
ORD-103208,Mumbai,Delhi,Sports,2086.0,1463.8,Express,Premium,Monday,May,Clear,High,2,1,17.1,264.0,1
ORD-104140,Kolkata,Bengaluru,Beauty,3040.0,1942.6,Standard,Premium,Friday,September,Rain,High,1,0,6.8,199.0,0
ORD-103766,Kolkata,Indore,Clothing,2954.0,1679.8,Standard,Regular,Thursday,March,Cloudy,Low,3,1,19.4,239.0,1
ORD-100218,Mumbai,Kolkata,Electronics,,2014.3,Standard,New,Sunday,February,Cloudy,High,4,0,16.2,320.0,0
ORD-103670,Bengaluru,Nagpur,Groceries,774.0,1120.6,Standard,Regular,Sunday,October,Clear,Low,5,1,9.4,199.0,0
ORD-104611,Kolkata,Chandigarh,Books,1447.0,1812.6,Standard,New,Thursday,November,Fog,Low,3,0,53.0,265.0,0
ORD-100361,Hyderabad,Delhi,Books,558.0,1672.2,Standard,Regular,Wednesday,June,Clear,Medium,1,0,39.0,178.0,0
ORD-104417,Bengaluru,Hyderabad,Furniture,19260.0,647.4,Standard,Regular,Thursday,August,Rain,High,1,0,17.5,128.0,0
ORD-105632,Mumbai,Indore,Clothing,962.0,644.4,Standard,New,Friday,July,Cloudy,Medium,2,0,12.7,128.0,0
ORD-103143,Hyderabad,Chennai,Groceries,1671.0,649.0,Priority,Regular,Wednesday,August,Rain,Medium,9,0,10.1,,0
ORD-103981,Mumbai,Chennai,Books,523.0,1165.3,Economy,Regular,Thursday,August,Cloudy,High,3,1,27.8,169.0,1
ORD-101053,Delhi,Delhi,Clothing,6749.0,13.4,Standard,Regular,Thursday,May,Clear,Low,4,1,17.4,109.0,0
ORD-104708,Delhi,Jaipur,Electronics,38242.0,277.0,Standard,Premium,Saturday,March,Rain,Medium,3,0,9.6,127.0,0
ORD-100760,Bengaluru,Chennai,Home & Kitchen,16206.0,374.2,Standard,Premium,Friday,December,Clear,High,5,0,16.3,134.0,0
ORD-104713,Bengaluru,Hyderabad,Home & Kitchen,1249.0,583.6,Economy,Regular,Thursday,September,Rain,Medium,1,1,17.5,86.0,0
ORD-102886,Delhi,Bhopal,Books,2169.0,781.9,Economy,Regular,Monday,February,Fog,High,6,0,8.7,155.0,0
ORD-105501,Mumbai,Indore,Home & Kitchen,1317.0,613.8,Express,New,Friday,January,Cloudy,Low,1,0,11.7,153.0,0
ORD-101427,Mumbai,Visakhapatnam,Clothing,1806.0,1428.1,Standard,Regular,Monday,November,Clear,Low,3,1,25.9,209.0,0
ORD-102210,Mumbai,Visakhapatnam,Clothing,4117.0,1390.0,Standard,Regular,Monday,December,Storm,Medium,5,4,22.8,214.0,1
ORD-103784,Delhi,Chennai,Books,813.0,2161.8,Economy,New,Monday,November,Rain,Low,4,0,17.6,204.0,0
ORD-100215,Chennai,Chennai,Books,1154.0,26.4,Standard,New,Sunday,October,Clear,Medium,3,1,10.9,67.0,0
ORD-101615,Kolkata,Delhi,Furniture,5476.0,1449.4,Economy,Regular,Friday,January,Clear,Medium,1,1,31.4,144.0,1
ORD-105208,Hyderabad,Kolkata,Furniture,28402.0,1517.1,Economy,New,Sunday,April,Clear,Low,1,1,25.9,208.0,0
ORD-101718,Bengaluru,Mumbai,Electronics,8790.0,1046.1,Express,Regular,Saturday,July,Rain,Medium,2,1,6.9,259.0,0
ORD-102800,Kolkata,Delhi,Groceries,1851.0,1661.8,Economy,Regular,Sunday,February,Clear,High,7,0,19.1,222.0,1
ORD-102096,Delhi,Nagpur,Groceries,816.0,1074.6,Economy,New,Friday,March,Clear,Medium,5,0,19.9,159.0,0
ORD-105934,Delhi,Kolkata,Home & Kitchen,6254.0,1630.4,Express,Premium,Thursday,October,Cloudy,Low,4,2,26.4,320.0,0
ORD-104395,Delhi,Kolkata,Books,555.0,1640.7,Economy,Regular,Tuesday,December,Cloudy,Medium,3,1,27.5,142.0,0
ORD-101703,Delhi,Jaipur,Home & Kitchen,6325.0,280.8,Standard,New,Thursday,January,Clear,Medium,6,0,12.8,141.0,0
ORD-103165,Bengaluru,Hyderabad,Books,674.0,631.9,Standard,New,Friday,November,Clear,Medium,2,0,19.3,126.0,0
ORD-104665,Bengaluru,Chennai,Beauty,782.0,354.7,Economy,Regular,Tuesday,June,Rain,High,1,0,14.5,63.0,1
ORD-103096,Mumbai,Kochi,Home & Kitchen,4076.0,1253.3,Priority,Regular,Monday,January,Rain,Medium,3,2,11.6,482.0,1
ORD-102105,Bengaluru,Kolkata,Sports,3343.0,1935.2,Express,Regular,Sunday,January,Fog,Low,4,1,8.7,397.0,1
ORD-100197,Bengaluru,Mumbai,Sports,2156.0,1107.2,Economy,Regular,Tuesday,September,Rain,Low,1,0,1.2,119.0,0
ORD-100726,Mumbai,Delhi,Books,1396.0,1359.7,Express,Regular,Tuesday,January,Clear,High,2,0,33.1,267.0,0
ORD-104629,Mumbai,Nagpur,Electronics,12135.0,823.2,Standard,Regular,Saturday,August,Rain,Low,3,2,9.8,162.0,0
ORD-101513,Chennai,Bengaluru,Sports,1690.0,375.7,Priority,New,Sunday,September,Cloudy,High,2,0,10.0,245.0,0
ORD-102088,Delhi,Chandigarh,Home & Kitchen,2662.0,311.8,Standard,New,Sunday,October,Rain,Medium,2,1,14.6,93.0,0
ORD-100050,Mumbai,Indore,Electronics,13326.0,642.2,Standard,New,Thursday,July,Rain,Low,3,0,9.2,161.0,0
ORD-104741,Mumbai,Pune,Electronics,5587.0,146.3,Standard,Regular,Tuesday,August,Rain,Low,4,2,25.2,88.0,0
ORD-101057,Hyderabad,Nagpur,Furniture,14547.0,495.2,Standard,Regular,Tuesday,October,Clear,Medium,1,1,20.5,124.0,0
ORD-102331,Bengaluru,Chandigarh,Home & Kitchen,8247.0,2523.9,Express,Premium,Monday,September,Rain,Medium,4,0,13.8,446.0,1
ORD-100888,Mumbai,Chennai,Electronics,14579.0,1289.7,Standard,Regular,Friday,July,Rain,Medium,4,1,13.4,200.0,1
ORD-103842,Chennai,Chennai,Books,1079.0,30.3,Economy,New,Monday,April,Clear,Medium,3,0,8.7,56.0,0
ORD-101093,Delhi,Nagpur,Groceries,1590.0,1085.5,Express,Premium,Tuesday,November,Clear,Medium,6,0,6.2,254.0,0
ORD-103593,Kolkata,Patna,Clothing,3438.0,596.3,Standard,New,Monday,March,Fog,Medium,4,1,12.1,155.0,0
ORD-104167,Mumbai,Patna,Electronics,9825.0,1867.2,Standard,New,Saturday,May,Storm,Medium,3,1,13.8,248.0,1
ORD-100569,Delhi,Kochi,Sports,4059.0,2657.6,Standard,Regular,Thursday,May,Clear,High,3,2,8.3,303.0,0
ORD-100517,Delhi,Lucknow,Sports,3390.0,524.1,Express,Regular,Tuesday,February,Cloudy,Low,3,3,11.8,192.0,0
ORD-103704,Chennai,Chennai,Groceries,3354.0,38.6,Economy,Regular,Sunday,March,Storm,Medium,10,0,16.1,134.0,1
ORD-105175,Mumbai,Jaipur,Books,854.0,1209.2,Economy,Regular,Sunday,September,Rain,Medium,1,1,5.8,139.0,0
ORD-102576,Bengaluru,Indore,Electronics,23826.0,1309.1,Express,Regular,Sunday,August,Storm,Low,1,1,38.3,308.0,1
ORD-100140,Mumbai,Hyderabad,Electronics,17678.0,737.4,Standard,Regular,Monday,October,Cloudy,Medium,2,0,10.4,149.0,0
ORD-105889,Kolkata,Mumbai,Books,806.0,2119.9,Standard,New,Wednesday,August,Storm,Medium,3,0,6.5,210.0,1
ORD-102198,Bengaluru,Chennai,Electronics,7953.0,383.0,Economy,New,Tuesday,August,Clear,Medium,1,0,5.9,79.0,0
ORD-102334,Mumbai,Kochi,Furniture,30030.0,1430.4,Express,Premium,Monday,January,Fog,Low,3,1,15.5,326.0,0
ORD-103774,Kolkata,Jaipur,Electronics,12723.0,1732.2,Standard,Regular,Monday,November,Rain,Low,3,1,31.0,280.0,1
ORD-101150,Hyderabad,Kochi,Groceries,1871.0,1103.6,Standard,Regular,Wednesday,April,Storm,Low,7,0,29.5,253.0,0
ORD-102477,Mumbai,Mumbai,Clothing,6470.0,24.7,Express,Premium,Tuesday,April,Clear,High,6,1,27.8,148.0,0
ORD-104664,Mumbai,Mumbai,Books,647.0,26.9,Priority,Regular,Friday,October,Clear,Medium,2,1,31.7,153.0,0
ORD-105825,Delhi,Kolkata,Sports,1540.0,1573.9,Standard,New,Thursday,July,Cloudy,Low,2,1,15.5,246.0,1
ORD-105114,Hyderabad,Hyderabad,Electronics,5181.0,37.1,Economy,Regular,Tuesday,January,Fog,High,1,1,10.0,50.0,0
ORD-104292,Mumbai,Mumbai,Furniture,27634.0,18.5,Express,Premium,Saturday,July,Rain,Medium,1,1,21.2,125.0,0
ORD-100464,Delhi,Chennai,Clothing,4339.0,2209.9,Economy,Regular,Saturday,January,Clear,High,3,1,32.3,,1
ORD-103380,Hyderabad,Chandigarh,Electronics,16885.0,2028.4,Standard,Regular,Thursday,December,Clear,Low,2,0,17.7,254.0,0
ORD-104610,Hyderabad,Mumbai,Beauty,1493.0,801.9,Priority,Regular,Thursday,September,Cloudy,High,2,0,2.3,308.0,0
ORD-100595,Mumbai,Visakhapatnam,Electronics,26484.0,1518.0,Standard,Premium,Tuesday,October,Rain,Medium,1,1,21.7,222.0,1
ORD-100451,Mumbai,Coimbatore,Home & Kitchen,4340.0,1260.5,Standard,Regular,Tuesday,February,Cloudy,High,3,0,9.7,182.0,0
ORD-103008,Mumbai,Jaipur,Clothing,1545.0,1146.1,Express,Regular,Tuesday,June,Rain,High,5,0,7.7,299.0,1
ORD-102577,Chennai,Ahmedabad,Clothing,3538.0,1631.5,Economy,Regular,Monday,November,Fog,High,2,0,5.8,178.0,1
ORD-100313,Delhi,Pune,Beauty,3490.0,1496.5,Standard,Premium,Sunday,September,Rain,Low,3,2,19.2,211.0,0
ORD-105368,Kolkata,Mumbai,Clothing,2667.0,2031.4,Economy,Premium,Wednesday,November,Cloudy,High,5,0,15.9,190.0,1
ORD-105916,Bengaluru,Mumbai,Clothing,1107.0,1088.0,Economy,Regular,Friday,February,Clear,High,2,2,16.2,143.0,1
ORD-100452,Hyderabad,Chennai,Home & Kitchen,2883.0,646.5,Standard,Regular,Saturday,April,Clear,Low,1,0,27.9,93.0,0
ORD-105904,Kolkata,Chennai,Home & Kitchen,5329.0,1690.2,Standard,Regular,Tuesday,December,Fog,High,2,1,14.3,175.0,1
ORD-100891,Delhi,Kochi,Books,3169.0,2584.1,Economy,New,Sunday,March,Fog,Low,5,0,19.1,261.0,0
ORD-102916,Mumbai,Chennai,Electronics,16102.0,1272.4,Economy,Regular,Wednesday,May,Clear,Medium,3,0,21.3,173.0,0
ORD-105840,Mumbai,Ahmedabad,Sports,7511.0,575.2,Standard,Regular,Wednesday,November,Clear,High,3,0,27.7,148.0,0
ORD-102269,Chennai,Lucknow,Clothing,2741.0,1889.8,Standard,Regular,Tuesday,March,Clear,High,3,0,5.8,205.0,1
ORD-105671,Bengaluru,Hyderabad,Beauty,885.0,649.5,Standard,Regular,Thursday,June,Clear,High,2,0,39.0,121.0,0
ORD-101000,Delhi,Lucknow,Home & Kitchen,1423.0,504.3,Standard,Regular,Friday,August,Cloudy,Low,1,0,23.4,85.0,0
ORD-105932,Delhi,Kochi,Groceries,4596.0,2519.4,Standard,Premium,Wednesday,March,Clear,Medium,7,0,25.2,324.0,1
ORD-101477,Delhi,Hyderabad,Home & Kitchen,11394.0,1622.5,Standard,Regular,Friday,May,Clear,High,5,0,19.5,325.0,0
ORD-105452,Bengaluru,Visakhapatnam,Electronics,9487.0,955.2,Express,Premium,Tuesday,November,Cloudy,Low,2,0,17.8,220.0,0
ORD-105050,Hyderabad,Chennai,Groceries,1800.0,667.3,Standard,New,Thursday,November,Clear,High,3,0,7.8,119.0,0
ORD-105106,Bengaluru,Chandigarh,Home & Kitchen,4254.0,2521.4,Priority,Premium,Saturday,September,Clear,Low,2,0,11.3,533.0,0
ORD-105387,Mumbai,Bhopal,Home & Kitchen,5744.0,838.9,Standard,Regular,Tuesday,September,Clear,High,4,1,11.0,170.0,0
ORD-105859,Bengaluru,Kochi,Electronics,10552.0,434.2,Economy,New,Friday,April,Clear,Medium,2,0,24.0,102.0,0
ORD-102865,Delhi,Bengaluru,Home & Kitchen,3277.0,2071.6,Express,New,Friday,November,Clear,Low,1,1,14.1,379.0,0
ORD-105299,Delhi,Lucknow,Clothing,2668.0,513.0,Economy,Regular,Friday,September,,High,2,0,26.1,79.0,1
ORD-101294,Delhi,Bhopal,Beauty,5561.0,743.8,Express,Premium,Thursday,October,Clear,Low,5,1,33.9,231.0,0
ORD-105337,Chennai,Chennai,Furniture,17292.0,42.1,Express,Regular,Tuesday,January,Fog,Medium,2,1,16.1,142.0,0
ORD-105065,Hyderabad,Chennai,Electronics,6386.0,638.3,Standard,New,Sunday,June,Cloudy,Low,1,0,7.6,110.0,0
ORD-101908,Mumbai,Mumbai,Electronics,10851.0,24.6,Express,Regular,Sunday,January,Cloudy,High,2,1,15.8,117.0,0
ORD-103838,Mumbai,Hyderabad,Beauty,2443.0,783.3,Express,Regular,Saturday,April,Clear,Medium,2,1,6.9,199.0,0
ORD-104195,Delhi,Ahmedabad,Clothing,1771.0,995.3,Express,Regular,Friday,September,Rain,Medium,3,0,18.2,248.0,0
ORD-100369,Delhi,Jaipur,Sports,3045.0,292.2,Economy,Regular,Thursday,October,Cloudy,Medium,1,0,23.2,71.0,0
ORD-101938,Bengaluru,Chennai,Sports,2321.0,369.4,Express,New,Monday,February,Fog,High,2,1,9.1,135.0,0
ORD-101152,Kolkata,Lucknow,Clothing,2018.0,1083.5,Priority,Regular,Thursday,April,Storm,,3,1,22.5,404.0,1
ORD-103579,Chennai,Bengaluru,Groceries,3263.0,336.5,Standard,Regular,Monday,December,Clear,Medium,6,1,15.5,143.0,1
ORD-103687,Delhi,Nagpur,Electronics,27690.0,1088.2,Economy,Regular,Tuesday,August,Rain,Low,2,0,11.3,199.0,0
ORD-105963,Bengaluru,Mumbai,Clothing,1286.0,961.3,Standard,Regular,Tuesday,November,Rain,High,1,0,13.7,121.0,1
ORD-100192,Delhi,Bhopal,Sports,10390.0,748.4,Standard,Premium,Monday,April,Rain,Medium,2,2,14.1,143.0,0
ORD-100175,Mumbai,Hyderabad,Electronics,4147.0,796.4,Economy,Regular,Friday,January,Clear,High,3,1,26.7,116.0,0
ORD-105808,Kolkata,Indore,Electronics,31241.0,1539.0,Express,Premium,Monday,April,Clear,High,3,1,15.7,384.0,0
ORD-103425,Mumbai,Kochi,Beauty,1109.0,1311.7,Economy,Premium,Friday,May,Clear,Medium,2,1,12.6,116.0,0
ORD-103915,Delhi,Coimbatore,Electronics,31883.0,2438.9,Priority,Regular,Wednesday,September,Rain,Low,1,1,22.4,749.0,1
ORD-102642,Chennai,Visakhapatnam,Sports,2921.0,747.6,Priority,Premium,Sunday,August,Storm,Low,2,3,7.2,281.0,0
ORD-105270,Bengaluru,Chandigarh,Beauty,546.0,2363.8,Standard,Premium,Friday,June,Rain,Low,2,2,18.9,238.0,1
ORD-105900,Mumbai,Pune,Books,708.0,157.7,Economy,Regular,Sunday,September,Cloudy,Low,4,0,21.0,84.0,0
ORD-105399,Chennai,Bhopal,Home & Kitchen,10519.0,1532.0,Economy,New,Wednesday,November,Cloudy,Low,4,0,7.3,205.0,0
ORD-102603,Bengaluru,Coimbatore,Clothing,4149.0,294.9,Standard,Premium,Saturday,September,Rain,Medium,4,2,2.7,104.0,0
ORD-101165,Mumbai,Pune,Home & Kitchen,4820.0,136.4,Standard,Regular,Sunday,September,,Low,3,1,15.9,103.0,0
ORD-104747,Bengaluru,Hyderabad,Furniture,8471.0,595.6,Economy,Regular,Wednesday,March,Rain,Medium,2,1,26.1,101.0,0
ORD-104513,Kolkata,Bhopal,Home & Kitchen,8785.0,1394.0,Standard,Regular,Thursday,March,,High,3,0,31.5,229.0,1
ORD-101662,Chennai,Visakhapatnam,Electronics,50569.0,753.6,Economy,Regular,Friday,September,Rain,Low,2,2,8.7,117.0,0
ORD-100509,Bengaluru,Kochi,Home & Kitchen,3433.0,455.2,Express,New,Thursday,March,Cloudy,Medium,2,0,17.1,177.0,0
ORD-100167,Kolkata,Kochi,Electronics,15549.0,2306.8,Priority,Regular,Tuesday,December,Clear,Medium,3,1,26.3,950.0,0
ORD-104359,Bengaluru,Kolkata,Electronics,14088.0,1886.9,Standard,Regular,Sunday,December,Fog,High,1,1,17.9,256.0,1
ORD-104153,Delhi,Bengaluru,Beauty,874.0,2240.5,Standard,New,Thursday,November,Rain,Medium,1,2,25.4,197.0,1
ORD-102304,Bengaluru,Hyderabad,Electronics,15677.0,673.5,Standard,New,Saturday,June,Cloudy,Medium,3,0,29.0,127.0,0
ORD-104044,Hyderabad,Kolkata,Books,1581.0,1509.8,Express,New,Wednesday,November,Clear,Medium,2,0,12.5,296.0,0
ORD-100104,Hyderabad,Nagpur,Groceries,2851.0,534.9,Express,Regular,Sunday,September,Cloudy,Low,4,1,5.2,245.0,0
ORD-102464,Bengaluru,Nagpur,Books,1189.0,1189.7,Standard,Regular,Tuesday,October,Rain,Medium,1,1,33.9,179.0,1
ORD-105402,Mumbai,Jaipur,Clothing,707.0,1167.6,Standard,New,Wednesday,August,Cloudy,Low,2,1,15.1,182.0,0
ORD-102771,Mumbai,Bengaluru,Home & Kitchen,2250.0,1028.0,Standard,Regular,Tuesday,September,Rain,High,2,0,8.9,173.0,0
ORD-101753,Hyderabad,Patna,Clothing,1975.0,1371.2,Standard,Regular,Sunday,October,Clear,Low,2,0,19.0,164.0,1
ORD-105408,Mumbai,Delhi,Electronics,9772.0,1474.0,Standard,Regular,Friday,November,Cloudy,Low,2,1,15.7,183.0,0
ORD-105206,Mumbai,Bhopal,Books,1666.0,803.6,Standard,Premium,Tuesday,November,Clear,Medium,5,2,6.8,172.0,0
ORD-101659,Delhi,Bhopal,Sports,2703.0,786.8,Priority,Regular,Sunday,February,Storm,High,1,1,17.0,314.0,0
ORD-100153,Mumbai,Delhi,Clothing,900.0,1549.9,Express,Regular,Friday,December,Cloudy,Low,2,0,30.8,356.0,0
ORD-102643,Bengaluru,Bengaluru,Beauty,1757.0,32.1,Standard,Regular,Tuesday,July,Rain,High,2,0,12.9,79.0,0
ORD-101584,Delhi,Mumbai,Electronics,3838.0,1419.9,Standard,Regular,Monday,April,Cloudy,Low,2,0,15.7,177.0,0
ORD-102224,Mumbai,Pune,Clothing,2459.0,142.6,Standard,Regular,Thursday,February,Fog,Medium,3,1,11.6,90.0,0
ORD-103167,Mumbai,Kochi,Electronics,12663.0,1439.2,Express,Regular,Friday,October,Clear,High,1,1,12.5,347.0,0
ORD-104447,Delhi,Nagpur,Electronics,28649.0,1063.4,Standard,Regular,Monday,February,Cloudy,Medium,2,1,28.6,194.0,0
ORD-102158,Delhi,Chennai,Furniture,9564.0,2026.1,Express,Premium,Thursday,September,Rain,Low,2,1,50.3,364.0,0
ORD-103882,Hyderabad,Bengaluru,Beauty,2332.0,604.8,Express,Regular,Monday,August,Cloudy,Medium,4,0,22.2,270.0,0
ORD-105815,Bengaluru,Hyderabad,Furniture,12336.0,579.0,Economy,Regular,Tuesday,October,Cloudy,High,1,1,29.6,94.0,1
ORD-101823,Bengaluru,Coimbatore,Furniture,25290.0,312.9,Standard,Premium,Thursday,December,Clear,High,1,2,37.1,90.0,0
ORD-104673,Mumbai,Coimbatore,Clothing,4576.0,1261.8,Standard,Regular,Saturday,January,Cloudy,Low,3,1,16.2,217.0,0
ORD-103712,Chennai,Delhi,Clothing,11480.0,2220.7,Economy,Regular,Thursday,June,Rain,Low,3,0,6.4,219.0,0
ORD-100310,Mumbai,Lucknow,Clothing,2091.0,1413.4,Standard,Regular,Wednesday,November,Rain,Medium,2,1,15.6,193.0,0
ORD-104589,Chennai,Bhopal,Groceries,2853.0,1437.8,Economy,New,Friday,July,Clear,Low,5,1,13.3,171.0,0
ORD-104285,Hyderabad,Chandigarh,Electronics,18806.0,1923.0,Standard,Regular,Wednesday,January,Fog,Low,1,0,11.7,232.0,1
ORD-105035,Bengaluru,Nagpur,Beauty,2314.0,1209.8,Express,Premium,Sunday,May,Cloudy,,2,0,16.9,220.0,0
ORD-100496,Bengaluru,Ahmedabad,Home & Kitchen,1116.0,1560.2,Economy,Regular,Monday,July,Rain,Medium,1,1,15.7,137.0,0
ORD-100206,Delhi,Kolkata,Furniture,6625.0,1672.7,Standard,Regular,Monday,June,Clear,High,1,0,30.7,189.0,0
ORD-101435,Mumbai,Ahmedabad,Clothing,4232.0,547.9,Standard,New,Monday,December,Fog,Medium,2,0,22.7,117.0,0
ORD-101136,Delhi,Kolkata,Electronics,32270.0,1624.5,Economy,Regular,Saturday,March,Cloudy,Low,2,1,10.8,184.0,0
ORD-100869,Mumbai,Kolkata,Home & Kitchen,6808.0,2062.4,Express,Premium,Thursday,June,Storm,Medium,3,1,30.5,474.0,1
ORD-100306,Bengaluru,Bengaluru,Sports,3285.0,21.9,Priority,Premium,Friday,December,Fog,Medium,2,0,9.4,150.0,0
ORD-101850,Chennai,Kolkata,Electronics,8879.0,1640.9,Express,Premium,Saturday,June,Cloudy,Medium,2,1,17.8,321.0,1
ORD-102285,Mumbai,Bengaluru,Home & Kitchen,9474.0,1082.5,Standard,Regular,Sunday,June,Cloudy,Low,5,1,17.5,204.0,0
ORD-101989,Hyderabad,Kolkata,Sports,2589.0,1472.5,Economy,New,Friday,June,Rain,High,2,0,10.4,143.0,0
ORD-102806,Delhi,Jaipur,Electronics,21887.0,297.7,Standard,Regular,Saturday,January,Cloudy,High,2,0,31.8,127.0,0
ORD-101535,Mumbai,Delhi,Home & Kitchen,8193.0,1426.5,Standard,Regular,Friday,April,Clear,Low,3,1,26.8,184.0,0
ORD-100844,Delhi,Delhi,Clothing,2222.0,16.2,Standard,New,Thursday,April,Clear,High,3,0,24.2,81.0,0
ORD-101988,Chennai,Pune,Groceries,401.0,1176.3,Standard,Regular,Saturday,January,Cloudy,Medium,2,2,2.9,175.0,1
ORD-103035,Hyderabad,Hyderabad,Groceries,3570.0,39.3,Standard,Regular,Thursday,October,Cloudy,High,4,0,5.7,98.0,0
ORD-103922,Kolkata,Indore,Clothing,3094.0,1666.5,Express,Regular,Tuesday,November,Clear,Low,3,1,17.6,338.0,0
ORD-103131,Delhi,Bengaluru,Electronics,15339.0,2110.0,Economy,New,Friday,September,Storm,Low,3,1,21.1,216.0,1
ORD-104106,Mumbai,Chennai,Electronics,13367.0,1419.9,Economy,Regular,Tuesday,January,Cloudy,High,2,0,33.0,186.0,1
ORD-101539,Kolkata,Bhopal,Electronics,6979.0,1365.7,Economy,Regular,Sunday,December,Clear,Low,1,0,20.4,116.0,0
ORD-100212,Bengaluru,Lucknow,Electronics,9422.0,1838.9,Standard,Premium,Saturday,March,Clear,Low,2,1,13.6,189.0,0
ORD-101958,Mumbai,Chennai,Sports,3487.0,1235.3,Standard,Regular,Wednesday,April,Rain,High,3,0,18.5,192.0,0
ORD-103801,Mumbai,Bengaluru,Sports,1439.0,1082.0,Express,Premium,Wednesday,October,Rain,High,3,1,5.5,246.0,1
ORD-105011,Delhi,Jaipur,Clothing,1831.0,286.8,Standard,Regular,Saturday,July,Cloudy,Low,3,0,16.6,108.0,0
ORD-102765,Mumbai,Delhi,Clothing,4304.0,1394.7,Standard,New,Thursday,May,Clear,Medium,2,0,4.8,188.0,0
ORD-101350,Mumbai,Bhopal,Electronics,15800.0,825.1,Standard,Regular,Friday,January,Fog,Low,2,4,21.5,147.0,1
ORD-103384,Bengaluru,Pune,Home & Kitchen,1224.0,926.1,Standard,Regular,Thursday,July,Clear,Low,2,0,3.1,156.0,0
ORD-105177,Mumbai,Hyderabad,Electronics,66772.0,831.8,Priority,Premium,Thursday,November,Cloudy,High,5,3,21.0,573.0,0
ORD-100681,Mumbai,Kolkata,Books,778.0,2027.9,Standard,New,Sunday,June,Cloudy,Medium,2,1,15.6,238.0,0
ORD-100181,Hyderabad,Ahmedabad,Home & Kitchen,4040.0,1095.7,Standard,Regular,Saturday,May,Storm,Low,2,2,13.5,175.0,0
ORD-103837,Chennai,Chandigarh,Books,1078.0,2523.9,Express,Premium,Monday,August,Storm,High,2,0,10.3,451.0,0
ORD-103635,Bengaluru,Kolkata,Sports,3590.0,1846.3,Express,Regular,Wednesday,September,Rain,Medium,2,0,30.9,377.0,1
ORD-103363,Bengaluru,Kolkata,Home & Kitchen,1556.0,1834.3,Standard,New,Sunday,April,Cloudy,High,3,1,16.2,241.0,1
ORD-100279,Kolkata,Lucknow,Electronics,4741.0,1062.2,Standard,Regular,Wednesday,January,Clear,Low,3,2,26.7,184.0,0
ORD-100290,Mumbai,Patna,Electronics,21303.0,1915.6,Express,New,Wednesday,May,Clear,Medium,2,0,5.4,460.0,0
ORD-105307,Hyderabad,Chennai,Beauty,1817.0,653.3,Standard,Regular,Monday,November,Fog,Medium,4,0,21.2,165.0,0
ORD-100994,Mumbai,Indore,Home & Kitchen,8268.0,641.2,Economy,Regular,Saturday,November,Cloudy,Low,2,0,22.8,112.0,0
ORD-102647,Chennai,Kolkata,Clothing,3920.0,1715.6,Priority,Premium,Tuesday,June,Rain,High,1,1,13.8,424.0,0
ORD-105365,Hyderabad,Kolkata,Clothing,1324.0,1473.7,Standard,New,Monday,January,Clear,High,4,2,3.3,,1
ORD-104268,Kolkata,Chennai,Sports,10297.0,1716.8,Standard,Regular,Tuesday,January,Fog,Low,2,0,44.2,218.0,1
ORD-104854,Mumbai,Lucknow,Clothing,1785.0,1602.3,Express,Regular,Friday,June,Storm,High,2,2,11.4,329.0,1
ORD-100271,Mumbai,Hyderabad,Home & Kitchen,1682.0,824.1,Standard,Regular,Sunday,October,Rain,Medium,1,1,40.7,140.0,0
ORD-103572,Mumbai,Kolkata,Clothing,4504.0,2091.2,Standard,Regular,Wednesday,February,Fog,Low,5,1,10.6,301.0,1
ORD-104944,Hyderabad,Hyderabad,Home & Kitchen,1765.0,44.2,Economy,New,Friday,February,Fog,Medium,1,0,7.3,39.0,0
ORD-105217,Delhi,Patna,Clothing,4647.0,1044.2,Priority,Regular,Friday,May,Cloudy,Medium,3,1,9.6,386.0,0
ORD-104705,Mumbai,Chandigarh,Groceries,903.0,1632.3,Economy,Regular,Sunday,February,Clear,Medium,3,1,15.2,189.0,0
ORD-100112,Mumbai,Delhi,Beauty,3189.0,1504.9,Economy,Regular,Thursday,March,Rain,Low,6,1,10.0,188.0,0
ORD-101392,Kolkata,Ahmedabad,Clothing,7844.0,2030.3,Express,Premium,Saturday,May,Clear,Low,4,0,17.6,406.0,0
ORD-100221,Delhi,Hyderabad,Electronics,18921.0,1449.7,Economy,New,Monday,September,Clear,High,3,1,21.7,192.0,1
ORD-100222,Bengaluru,Chennai,Furniture,4876.0,371.8,Standard,Regular,Wednesday,June,Cloudy,High,1,1,17.1,85.0,0
ORD-100084,Mumbai,Bengaluru,Beauty,671.0,1044.9,Standard,New,Thursday,September,Rain,High,1,0,12.5,154.0,0
ORD-103871,Delhi,Bengaluru,Clothing,1905.0,2150.0,Express,Regular,Friday,January,Storm,High,2,0,4.4,360.0,1
ORD-103935,Bengaluru,Patna,Clothing,7816.0,1938.1,Standard,Regular,Sunday,April,Rain,Low,3,0,3.8,261.0,0
ORD-100462,Mumbai,Lucknow,Electronics,17458.0,1502.1,Express,Regular,Saturday,September,Cloudy,Low,3,0,19.9,353.0,0
ORD-105323,Kolkata,Indore,Electronics,20965.0,1539.9,Express,Premium,Wednesday,February,Clear,High,4,1,25.9,311.0,0
ORD-100552,Mumbai,Chennai,Home & Kitchen,5483.0,1362.2,Economy,Regular,Sunday,February,Clear,Medium,3,0,14.4,161.0,0
ORD-105706,Delhi,Hyderabad,Clothing,795.0,1551.9,Standard,Regular,Saturday,April,Clear,Medium,1,0,21.4,177.0,0
ORD-103740,Bengaluru,Kolkata,Clothing,6504.0,1941.1,Standard,Regular,Friday,September,Rain,Low,4,0,13.2,321.0,0
ORD-104029,Bengaluru,Patna,Electronics,19933.0,1955.5,Standard,New,Friday,December,Cloudy,Low,3,2,28.1,312.0,0
ORD-102147,Mumbai,Chennai,Groceries,1602.0,1327.1,Express,Regular,Friday,April,Cloudy,Medium,7,1,19.8,403.0,0
ORD-102938,Mumbai,Ahmedabad,Books,522.0,553.1,Express,Premium,Thursday,May,Clear,Medium,2,1,10.2,173.0,0
ORD-102996,Bengaluru,Pune,Furniture,14460.0,890.9,Standard,Regular,Monday,May,Cloudy,Low,1,1,14.5,143.0,0
ORD-100651,Delhi,Kolkata,Electronics,13367.0,1591.4,Priority,Regular,Sunday,June,Cloudy,Medium,1,0,10.9,415.0,1
ORD-100709,Delhi,Kochi,Electronics,16268.0,2691.5,Standard,Premium,Saturday,June,Rain,Medium,2,0,38.2,313.0,1
ORD-103856,Mumbai,Bengaluru,Sports,1877.0,1051.5,Standard,Regular,Tuesday,October,Clear,Low,1,0,29.2,155.0,0
ORD-103530,Bengaluru,Chennai,Sports,5764.0,364.4,Express,Regular,Sunday,January,Cloudy,Medium,2,1,33.6,149.0,0
ORD-100229,Chennai,Hyderabad,Groceries,2699.0,654.7,Economy,New,Monday,January,Clear,,6,0,1.3,122.0,0
ORD-101425,Delhi,Lucknow,Home & Kitchen,6162.0,524.1,Standard,New,Friday,October,Cloudy,Medium,2,0,28.7,107.0,0
ORD-101217,Delhi,Kolkata,Electronics,31272.0,1566.3,Express,Premium,Thursday,March,Clear,Low,1,0,13.2,333.0,0
ORD-105195,Hyderabad,Kolkata,Home & Kitchen,3005.0,1478.0,Priority,Premium,Tuesday,January,Fog,High,1,2,19.6,383.0,0
ORD-101925,Delhi,Nagpur,Furniture,14083.0,1103.5,Standard,New,Sunday,August,Cloudy,Low,2,1,30.1,170.0,1
ORD-102793,Chennai,Coimbatore,Groceries,2313.0,552.2,Express,Premium,Friday,November,Cloudy,Medium,6,1,15.2,271.0,0
ORD-104247,Kolkata,Bengaluru,Home & Kitchen,7333.0,1866.6,Standard,New,Monday,September,Rain,High,3,2,19.7,232.0,1
ORD-100315,Delhi,Kolkata,Home & Kitchen,3572.0,1560.6,Economy,Regular,Friday,June,Cloudy,High,2,1,36.9,180.0,1
ORD-105510,Bengaluru,Coimbatore,Clothing,1195.0,284.5,Standard,New,Thursday,December,Fog,Medium,4,1,28.7,105.0,0
ORD-101428,Mumbai,Bhopal,Beauty,,782.7,Economy,New,Sunday,January,Cloudy,High,2,0,33.9,127.0,0
ORD-102706,Bengaluru,Hyderabad,Clothing,689.0,634.8,Economy,Regular,Friday,May,Clear,Low,3,2,9.6,115.0,0
ORD-102997,Chennai,Nagpur,Groceries,2888.0,1056.0,Standard,Regular,Monday,August,Rain,High,10,0,17.9,253.0,0
ORD-103238,Delhi,Kolkata,Home & Kitchen,17063.0,1648.0,Standard,Regular,Friday,November,Clear,High,4,1,18.1,247.0,1
ORD-103945,Mumbai,Coimbatore,Home & Kitchen,12499.0,1315.6,Standard,Regular,Thursday,June,Clear,High,4,0,14.0,192.0,1
ORD-104966,Mumbai,Bhopal,Furniture,29663.0,875.4,Standard,Regular,Saturday,February,Clear,Low,2,1,20.9,219.0,1
ORD-104457,Mumbai,Indore,Sports,1587.0,589.4,Standard,Regular,Monday,April,Clear,Low,1,2,17.1,116.0,0
ORD-105382,Chennai,Chandigarh,Clothing,2143.0,2307.8,Standard,Regular,Sunday,February,Fog,Low,3,0,39.2,328.0,1
ORD-104841,Kolkata,Mumbai,Clothing,3670.0,2015.9,Standard,Premium,Tuesday,April,Clear,Medium,3,0,14.4,213.0,0
ORD-102580,Hyderabad,Bhopal,Electronics,10630.0,869.4,Standard,Premium,Friday,March,Rain,Medium,1,0,16.1,122.0,0
ORD-100685,Chennai,Chennai,Sports,2369.0,12.4,Standard,Regular,Tuesday,November,Clear,Medium,1,0,16.8,53.0,0
ORD-104437,Kolkata,Chennai,Groceries,3175.0,1676.8,Economy,Regular,Friday,March,Clear,Medium,6,0,13.8,237.0,0
ORD-102743,Mumbai,Chandigarh,Beauty,2838.0,1687.5,Standard,Premium,Sunday,September,Rain,Low,5,1,12.6,274.0,0
ORD-105845,Bengaluru,Hyderabad,Books,1033.0,601.0,Economy,Regular,Saturday,January,Cloudy,Medium,5,0,8.9,132.0,0
ORD-102315,Delhi,Chandigarh,Electronics,,295.6,Express,Regular,Thursday,July,Clear,High,2,0,11.5,173.0,0
ORD-100327,Kolkata,Nagpur,Groceries,1587.0,1158.9,Standard,New,Monday,April,Clear,Medium,5,1,18.9,198.0,0
ORD-105062,Mumbai,Jaipur,Electronics,7276.0,1177.2,Standard,Regular,Monday,October,Clear,High,2,0,24.9,189.0,1
ORD-105210,Mumbai,Bhopal,Clothing,1338.0,799.8,Standard,Regular,Wednesday,August,Clear,Low,1,1,12.9,121.0,0
ORD-103183,Bengaluru,Delhi,Sports,1485.0,2164.1,Economy,Regular,Saturday,November,Cloudy,Medium,2,1,25.9,219.0,1
ORD-105236,Chennai,Kochi,Sports,3019.0,695.9,Express,New,Friday,December,Clear,Low,2,2,9.8,189.0,0
ORD-102381,Kolkata,Hyderabad,Home & Kitchen,4870.0,1439.7,Priority,Premium,Wednesday,August,Rain,High,1,2,24.6,402.0,0
ORD-104114,Bengaluru,Nagpur,Beauty,1348.0,1061.6,Standard,Regular,Saturday,February,Cloudy,Medium,2,0,1.1,150.0,0
ORD-103826,Bengaluru,Bengaluru,Beauty,1445.0,30.8,Standard,Regular,Wednesday,November,Clear,Medium,3,2,18.2,71.0,0
ORD-103865,Hyderabad,Bengaluru,Groceries,1869.0,621.0,Economy,New,Saturday,March,Cloudy,Medium,9,0,3.5,149.0,0
ORD-100349,Bengaluru,Hyderabad,Electronics,10297.0,647.8,Standard,New,Thursday,February,Clear,High,3,1,12.2,136.0,1
ORD-101627,Delhi,Pune,Home & Kitchen,9524.0,1546.4,Economy,New,Friday,September,Rain,Medium,3,0,18.2,223.0,1
ORD-105739,Hyderabad,Delhi,Books,473.0,1438.0,Standard,New,Tuesday,November,Cloudy,Medium,2,0,4.2,223.0,0
ORD-100872,Mumbai,Jaipur,Sports,2528.0,1115.4,Priority,Regular,Friday,December,Cloudy,Low,1,0,14.8,319.0,0
ORD-103024,Bengaluru,Hyderabad,Books,1487.0,608.3,Standard,Regular,Monday,April,Cloudy,Medium,5,2,1.0,131.0,1
ORD-102684,Bengaluru,Nagpur,Clothing,2914.0,1106.7,Economy,Premium,Thursday,January,Fog,Medium,2,1,30.9,111.0,0
ORD-102390,Mumbai,Jaipur,Beauty,6661.0,1156.5,Standard,Premium,Tuesday,November,Clear,High,2,1,14.2,167.0,0
ORD-102219,Hyderabad,Delhi,Sports,1334.0,1570.0,Priority,Premium,Saturday,December,Fog,High,1,1,40.1,378.0,1
ORD-105422,Bengaluru,Bengaluru,Home & Kitchen,5930.0,31.5,Standard,New,Sunday,January,Fog,High,2,0,10.7,68.0,0
ORD-102122,Mumbai,Jaipur,Electronics,29047.0,1145.2,Economy,Regular,Tuesday,June,Cloudy,Low,1,1,12.0,168.0,0
ORD-102452,Chennai,Bengaluru,Clothing,2305.0,373.6,Priority,Premium,Tuesday,December,Fog,Medium,2,0,17.6,213.0,0
ORD-100086,Mumbai,Mumbai,Electronics,7662.0,36.4,Standard,Regular,Saturday,September,Rain,Medium,2,0,17.3,81.0,1
ORD-102878,Delhi,Kolkata,Groceries,2494.0,1652.1,Standard,Premium,Sunday,October,Rain,Medium,6,2,9.0,,1
ORD-101878,Delhi,Mumbai,Books,492.0,1539.9,Express,Premium,Thursday,October,Clear,High,3,0,6.1,278.0,0
ORD-105602,Mumbai,Bhopal,Electronics,6320.0,808.4,Standard,Regular,Friday,August,Rain,Medium,1,0,12.6,116.0,0
ORD-105181,Chennai,Chennai,Sports,3101.0,34.9,Standard,Regular,Tuesday,May,Clear,High,2,4,11.4,73.0,0
ORD-104113,Kolkata,Coimbatore,Home & Kitchen,1662.0,2232.9,Standard,Regular,Wednesday,October,Clear,Medium,2,2,20.8,294.0,0
ORD-100495,Kolkata,Nagpur,Home & Kitchen,3682.0,1172.7,Economy,New,Saturday,January,Fog,Low,3,0,26.1,159.0,1
ORD-105281,Hyderabad,Bengaluru,Electronics,21508.0,627.1,Express,Premium,Monday,June,Clear,Medium,1,0,14.5,231.0,0
ORD-104201,Mumbai,Kolkata,Electronics,24330.0,2180.5,Economy,Regular,Thursday,July,Storm,Medium,1,1,24.0,236.0,1
ORD-103940,Mumbai,Kolkata,Home & Kitchen,7802.0,2057.3,Standard,New,Friday,May,Clear,Medium,2,0,9.7,328.0,0
ORD-101271,Hyderabad,Nagpur,Furniture,11516.0,532.6,Express,Regular,Sunday,September,Rain,Medium,2,1,21.7,229.0,0
ORD-103834,Bengaluru,Lucknow,Home & Kitchen,9302.0,1946.2,Express,Regular,Monday,January,Cloudy,Low,2,2,6.6,383.0,0
ORD-102690,Bengaluru,Mumbai,Furniture,15860.0,1099.8,Express,New,Tuesday,March,Clear,High,1,0,15.2,281.0,0
ORD-105003,Kolkata,Patna,Home & Kitchen,5490.0,592.9,Priority,Premium,Sunday,March,Clear,Low,2,1,13.3,257.0,0
ORD-100619,Mumbai,Chennai,Books,492.0,1255.9,Express,Regular,Saturday,December,Fog,Medium,2,2,25.6,286.0,0
ORD-105179,Bengaluru,Pune,Electronics,6362.0,940.9,Express,Premium,Saturday,June,Storm,Low,1,0,22.3,206.0,0
ORD-102686,Chennai,Bhopal,Home & Kitchen,10875.0,1473.1,Standard,Regular,Sunday,March,Clear,High,3,0,7.5,220.0,0
ORD-102677,Bengaluru,Mumbai,Books,296.0,1075.0,Economy,Regular,Thursday,June,Storm,Medium,3,0,,126.0,1
ORD-104618,Bengaluru,Kolkata,Beauty,1124.0,1968.0,Standard,Regular,Thursday,November,Cloudy,Low,2,0,12.4,237.0,0
ORD-105144,Hyderabad,Ahmedabad,Home & Kitchen,9647.0,1081.2,Standard,New,Thursday,November,Cloudy,Medium,4,0,25.8,198.0,1
ORD-105586,Hyderabad,Visakhapatnam,Furniture,9610.0,606.9,Standard,Regular,Sunday,March,Cloudy,Low,2,1,15.3,140.0,1
ORD-101414,Hyderabad,Kochi,Sports,5879.0,1088.7,Standard,New,Friday,December,Fog,Low,2,1,32.9,174.0,1
ORD-102202,Hyderabad,Visakhapatnam,Electronics,7419.0,640.0,Express,New,Monday,March,Clear,Medium,2,2,14.3,214.0,0
ORD-103298,Bengaluru,Pune,Sports,3557.0,887.2,Standard,Regular,Thursday,December,Clear,Low,1,2,22.4,140.0,0
ORD-104521,Mumbai,Patna,Home & Kitchen,3425.0,1781.9,Priority,Premium,Friday,September,Cloudy,Low,1,0,18.7,481.0,0
ORD-100870,Mumbai,Jaipur,Beauty,745.0,1094.8,Standard,Regular,Thursday,February,Fog,Low,3,2,14.2,178.0,0
ORD-102007,Bengaluru,Jaipur,Groceries,2206.0,1933.9,Express,Premium,Tuesday,September,Rain,Low,3,0,4.3,399.0,0
ORD-105235,Chennai,Lucknow,Clothing,3269.0,1962.7,Standard,Regular,Friday,October,Clear,Medium,4,2,20.8,303.0,1
ORD-100357,Kolkata,Coimbatore,Electronics,17074.0,2272.7,Economy,Regular,Thursday,November,Clear,Low,1,0,22.2,216.0,0
ORD-101163,Kolkata,Jaipur,Books,175.0,1767.3,Priority,Premium,Saturday,November,Clear,Medium,2,3,25.1,464.0,1
ORD-104600,Delhi,Patna,Clothing,1115.0,1018.8,Standard,Regular,Sunday,August,Rain,Low,1,1,16.0,149.0,1
ORD-102457,Bengaluru,Pune,Beauty,1765.0,872.0,Economy,New,Saturday,September,Clear,Medium,2,0,10.8,95.0,0
ORD-105976,Delhi,Chennai,Electronics,30247.0,2194.0,Express,Regular,Saturday,November,Clear,High,3,1,32.7,,1
ORD-101891,Delhi,Indore,Groceries,1605.0,791.9,Standard,Premium,Monday,August,Rain,Medium,6,0,13.1,152.0,0
ORD-100580,Delhi,Visakhapatnam,Home & Kitchen,9335.0,1705.3,Express,New,Wednesday,January,Cloudy,Medium,2,0,26.4,322.0,1
ORD-103222,Kolkata,Coimbatore,Books,797.0,2210.6,Standard,Regular,Wednesday,November,Clear,,3,1,21.9,259.0,1
ORD-101692,Hyderabad,Hyderabad,Electronics,18985.0,33.5,Standard,Regular,Sunday,November,Cloudy,High,1,2,23.1,88.0,0
ORD-100863,Kolkata,Bengaluru,Clothing,1367.0,1850.7,Standard,Regular,Thursday,September,Cloudy,Low,3,1,14.0,242.0,0
ORD-104089,Mumbai,Bhopal,Beauty,3810.0,827.5,Economy,Regular,Saturday,December,Fog,Medium,5,1,15.1,129.0,0
ORD-104907,Kolkata,Kolkata,Clothing,2027.0,24.2,Standard,Regular,Wednesday,February,Cloudy,Medium,3,2,9.0,80.0,0
ORD-104265,Chennai,Coimbatore,Groceries,1639.0,556.4,Standard,Regular,Sunday,May,Cloudy,Low,5,2,17.4,143.0,0
ORD-104691,Bengaluru,Nagpur,Home & Kitchen,2785.0,1131.1,Economy,New,Thursday,April,Clear,Medium,1,1,14.2,112.0,0
ORD-101117,Mumbai,Delhi,Clothing,4179.0,1423.1,Express,Regular,Monday,August,Cloudy,High,3,2,17.7,335.0,1
ORD-101542,Delhi,Delhi,Electronics,10111.0,44.2,Economy,Regular,Wednesday,July,Rain,Low,3,1,16.2,72.0,0
ORD-102808,Chennai,Mumbai,Groceries,5569.0,1348.1,Express,Premium,Monday,July,Rain,Low,8,0,14.7,431.0,0
ORD-104661,Chennai,Bhopal,Electronics,19495.0,1441.8,Express,Regular,Sunday,May,Clear,Low,2,1,23.2,306.0,0
ORD-105573,Bengaluru,Coimbatore,Clothing,3112.0,289.3,Standard,Regular,Saturday,October,Cloudy,Medium,2,1,20.2,94.0,0
ORD-102667,Hyderabad,Hyderabad,Sports,4075.0,10.0,Standard,Regular,Friday,December,Clear,Medium,4,0,22.2,100.0,0
ORD-103354,Delhi,Lucknow,Clothing,1559.0,538.0,Economy,Regular,Tuesday,December,Clear,Medium,1,0,43.9,86.0,0
ORD-105350,Mumbai,Visakhapatnam,Clothing,5733.0,1408.7,Standard,Regular,Thursday,May,Cloudy,Low,4,1,8.0,238.0,0
ORD-105366,Hyderabad,Pune,Electronics,20693.0,610.4,Standard,Premium,Saturday,February,Cloudy,Low,2,0,18.2,112.0,1
ORD-105965,Chennai,Chennai,Beauty,5151.0,23.9,Standard,Regular,Saturday,November,Fog,Medium,4,1,29.6,93.0,0
ORD-102451,Chennai,Pune,Electronics,13989.0,1190.4,Economy,New,Saturday,April,Storm,Medium,2,0,45.9,141.0,1
ORD-105780,Mumbai,Pune,Furniture,8423.0,152.7,Economy,Regular,Friday,July,Storm,Low,1,0,18.1,50.0,0
ORD-104830,Hyderabad,Hyderabad,Groceries,3473.0,32.1,Economy,New,Wednesday,September,Storm,Low,8,0,3.9,116.0,0
ORD-105812,Mumbai,Hyderabad,Books,2253.0,724.3,Standard,Regular,Saturday,December,Fog,High,4,1,25.9,129.0,0
ORD-102053,Bengaluru,Patna,Clothing,5118.0,2034.3,Express,Premium,Friday,October,Cloudy,Low,2,2,31.1,379.0,0
ORD-101777,Chennai,Chandigarh,Electronics,20977.0,2608.5,Priority,Premium,Friday,June,Rain,High,2,3,11.9,707.0,1
ORD-103341,Delhi,Bengaluru,Home & Kitchen,3743.0,2195.2,Standard,Regular,Sunday,June,Cloudy,Medium,2,1,24.9,226.0,1
ORD-104344,Delhi,Pune,Beauty,799.0,1529.2,Standard,New,Friday,October,Clear,Medium,2,0,19.2,220.0,0
ORD-101593,Hyderabad,Mumbai,Furniture,21991.0,775.5,Express,Regular,Thursday,November,Storm,Medium,1,3,21.4,245.0,0
ORD-101724,Bengaluru,Delhi,Clothing,3669.0,2358.0,Economy,Regular,Sunday,April,Clear,Low,3,0,5.6,248.0,0
ORD-104739,Mumbai,Lucknow,Sports,3770.0,1406.1,Standard,Regular,Saturday,December,Cloudy,Medium,2,1,15.1,167.0,1
ORD-104372,Mumbai,Ahmedabad,Beauty,2148.0,564.4,Standard,Regular,Monday,December,Fog,Low,1,1,21.0,101.0,0
ORD-100491,Chennai,Chennai,Electronics,11573.0,8.0,Standard,Regular,Sunday,October,Clear,High,2,0,16.1,71.0,0
ORD-105091,Delhi,Jaipur,Books,637.0,325.7,Economy,Premium,Wednesday,April,Cloudy,Medium,3,0,5.3,74.0,0
ORD-101007,Hyderabad,Mumbai,Clothing,2488.0,735.0,Express,Premium,Tuesday,July,Clear,Medium,2,0,10.1,180.0,0
ORD-103214,Bengaluru,Bengaluru,Sports,2614.0,33.0,Standard,Regular,Friday,December,Fog,High,3,2,15.7,78.0,0
ORD-103541,Hyderabad,Visakhapatnam,Beauty,1233.0,647.0,Express,Regular,Wednesday,June,Cloudy,Medium,2,1,18.5,182.0,0
ORD-101418,Bengaluru,Patna,Home & Kitchen,1857.0,1957.1,Express,Regular,Wednesday,June,Storm,Medium,1,1,4.0,359.0,1
ORD-100026,Mumbai,Nagpur,Furniture,28397.0,870.5,Express,Premium,Saturday,February,Fog,Medium,1,1,17.8,231.0,0
ORD-101114,Hyderabad,Indore,Beauty,1085.0,827.1,Standard,New,Wednesday,July,Cloudy,Medium,2,0,5.8,138.0,0
ORD-103114,Chennai,Hyderabad,Home & Kitchen,1639.0,638.8,Standard,New,Monday,November,Cloudy,Low,3,2,31.1,144.0,0
ORD-101553,Delhi,Coimbatore,Books,734.0,2513.3,Express,Premium,Friday,April,Cloudy,Low,2,1,7.5,501.0,0
ORD-105172,Chennai,Lucknow,Electronics,15407.0,1944.4,Economy,Regular,Friday,January,Clear,Low,2,1,28.1,224.0,0
ORD-104526,Bengaluru,Hyderabad,Electronics,24961.0,600.5,Express,New,Monday,November,Storm,Medium,2,0,26.9,243.0,1
ORD-100434,Kolkata,Patna,Groceries,907.0,568.4,Standard,Premium,Wednesday,December,Fog,Medium,3,0,14.5,102.0,0
ORD-102987,Mumbai,Chennai,Groceries,6444.0,1274.9,Priority,Premium,Sunday,April,Clear,Medium,12,1,5.5,664.0,0
ORD-105511,Mumbai,Chennai,Home & Kitchen,3190.0,1357.8,Standard,Regular,Tuesday,August,Cloudy,Low,1,0,9.0,225.0,0
ORD-105359,Delhi,Chandigarh,Clothing,3575.0,304.6,Express,Regular,Friday,August,Rain,Medium,5,0,12.2,204.0,0
ORD-103025,Delhi,Lucknow,Beauty,1937.0,546.9,Economy,Premium,Saturday,November,Rain,Medium,2,1,22.5,73.0,0
ORD-103162,Hyderabad,Nagpur,Home & Kitchen,3781.0,544.3,Standard,New,Saturday,November,Clear,Low,2,0,22.4,94.0,0
ORD-103353,Mumbai,Delhi,Electronics,27127.0,1394.5,Economy,Regular,Wednesday,March,Cloudy,Medium,2,0,17.7,181.0,0
ORD-105782,Hyderabad,Indore,Groceries,1583.0,814.1,Standard,Regular,Monday,July,Rain,Medium,7,0,12.1,196.0,0
ORD-103506,Bengaluru,Kolkata,Sports,1616.0,1937.6,Economy,Regular,Sunday,September,Clear,Medium,1,2,12.8,218.0,0
ORD-105826,Mumbai,Chennai,Beauty,2032.0,1366.8,Express,New,Tuesday,October,Cloudy,High,2,0,9.8,302.0,1
ORD-101103,Kolkata,Jaipur,Electronics,7160.0,1641.6,Economy,New,Saturday,May,Clear,Low,2,0,16.1,178.0,0
ORD-103090,Hyderabad,Hyderabad,Clothing,2357.0,27.5,Standard,New,Tuesday,August,Storm,Medium,3,1,32.7,88.0,0
ORD-104651,Kolkata,Lucknow,Beauty,,1092.0,Economy,New,Friday,August,Clear,Low,3,0,7.3,131.0,0
ORD-105725,Kolkata,Bengaluru,Sports,1488.0,1981.2,Express,New,Sunday,July,Cloudy,High,2,1,14.6,428.0,0
ORD-100195,Mumbai,Bengaluru,Groceries,2473.0,1037.8,Economy,Regular,Saturday,March,Fog,High,7,0,26.8,163.0,0
ORD-100616,Chennai,Bhopal,Beauty,1507.0,1550.8,Priority,Premium,Tuesday,August,Rain,Medium,2,0,4.5,336.0,0
ORD-100644,Delhi,Delhi,Home & Kitchen,5628.0,18.4,Economy,Regular,Wednesday,December,Clear,Medium,3,2,36.0,63.0,0
ORD-104351,Mumbai,Chennai,Electronics,9626.0,1314.6,Economy,Regular,Wednesday,March,Storm,High,2,1,12.9,166.0,1
ORD-105643,Kolkata,Delhi,Books,1192.0,1698.8,Priority,Premium,Monday,November,Clear,Low,3,1,13.6,413.0,0
ORD-105119,Mumbai,Hyderabad,Clothing,3213.0,804.8,Standard,New,Saturday,October,Clear,High,1,0,11.9,135.0,0
ORD-100331,Chennai,Hyderabad,Electronics,26677.0,642.6,Priority,Premium,Sunday,April,Clear,Medium,4,1,22.8,377.0,0
ORD-103609,Mumbai,Visakhapatnam,Books,456.0,1395.2,Express,Premium,Tuesday,July,Rain,Low,1,1,5.5,257.0,0
ORD-103818,Delhi,Ahmedabad,Clothing,3399.0,966.5,Standard,New,Monday,October,Clear,High,2,1,30.1,144.0,1
ORD-105467,Kolkata,Hyderabad,Clothing,1816.0,1436.9,Express,Premium,Sunday,October,Rain,Low,3,0,36.6,295.0,0
ORD-103997,Mumbai,Coimbatore,Home & Kitchen,8056.0,1294.9,Economy,New,Monday,May,Clear,Low,4,1,6.9,151.0,0
ORD-100484,Delhi,Lucknow,Sports,3713.0,514.7,Standard,Regular,Saturday,August,Rain,Medium,2,2,16.1,99.0,0
ORD-100720,Hyderabad,Hyderabad,Books,3455.0,16.6,Standard,Regular,Tuesday,July,Storm,High,3,2,2.3,69.0,0
ORD-102522,Bengaluru,Delhi,Furniture,13663.0,2191.8,Express,Premium,Saturday,June,Cloudy,Low,1,0,45.1,368.0,0
ORD-102060,Mumbai,Patna,Electronics,6946.0,1782.1,Economy,New,Friday,March,Clear,Low,2,0,27.2,203.0,0
ORD-103989,Hyderabad,Delhi,Electronics,19008.0,1600.0,Standard,New,Thursday,July,Cloudy,Low,2,0,14.0,246.0,0
ORD-100033,Delhi,Bengaluru,Groceries,3036.0,2391.3,Standard,New,Saturday,January,Cloudy,Medium,2,0,17.1,292.0,0
ORD-100665,Delhi,Chennai,Electronics,16901.0,2323.0,Standard,Regular,Monday,April,Clear,Medium,1,1,18.3,253.0,0
ORD-104766,Delhi,Coimbatore,Clothing,3761.0,2367.9,Express,Regular,Monday,October,Clear,High,4,0,13.4,431.0,0
ORD-103561,Chennai,Kolkata,Home & Kitchen,5601.0,1631.0,Express,Premium,Monday,September,Rain,High,3,3,19.6,315.0,1
ORD-101445,Mumbai,Bengaluru,Electronics,23198.0,1091.5,Economy,Regular,Monday,September,Rain,Medium,1,0,11.9,161.0,1
ORD-105059,Bengaluru,Pune,Electronics,19721.0,900.4,Standard,Premium,Monday,March,Storm,High,1,0,6.4,161.0,1
ORD-103154,Mumbai,Visakhapatnam,Home & Kitchen,6224.0,1267.0,Standard,New,Saturday,December,Clear,Low,3,0,17.0,170.0,0
ORD-105912,Mumbai,Nagpur,Electronics,16268.0,917.8,Priority,Regular,Thursday,March,Clear,High,2,0,14.2,412.0,0
ORD-101706,Hyderabad,Indore,Home & Kitchen,3367.0,819.4,Standard,Regular,Sunday,November,Clear,Low,2,0,10.8,130.0,0
ORD-102442,Mumbai,Coimbatore,Beauty,1808.0,1205.5,Priority,Regular,Wednesday,May,Clear,Medium,4,1,31.7,504.0,0
ORD-105425,Hyderabad,Bengaluru,Electronics,11619.0,632.1,Express,Regular,Thursday,December,Rain,Low,1,1,25.6,181.0,1
ORD-104220,Chennai,Kolkata,Beauty,2147.0,1698.3,Standard,Regular,Wednesday,January,Clear,Low,1,1,12.2,203.0,0
ORD-102278,Mumbai,Lucknow,Electronics,5700.0,1610.1,Standard,Regular,Wednesday,July,Cloudy,Medium,2,1,24.5,203.0,0
ORD-101402,Mumbai,Chennai,Home & Kitchen,3023.0,1314.5,Priority,Premium,Thursday,May,Clear,High,2,2,21.2,341.0,1
ORD-104641,Mumbai,Kolkata,Electronics,10006.0,2068.5,Express,Premium,Thursday,May,Clear,High,2,2,23.9,428.0,1
ORD-100171,Delhi,Visakhapatnam,Home & Kitchen,18682.0,1766.2,Economy,Regular,Sunday,August,Storm,High,6,0,15.8,239.0,1
ORD-100541,Hyderabad,Patna,Home & Kitchen,1564.0,1463.8,Standard,Premium,Wednesday,July,Rain,High,1,1,32.4,175.0,1
ORD-103212,Chennai,Delhi,Books,636.0,2123.0,Standard,Regular,Friday,June,Clear,Medium,2,0,30.3,267.0,0
ORD-104538,Kolkata,Mumbai,Electronics,17728.0,2073.3,Standard,New,Friday,June,Storm,Low,1,0,18.1,295.0,1
ORD-105823,Chennai,Mumbai,Sports,530.0,1244.3,Standard,Premium,Wednesday,February,Clear,Medium,1,0,5.2,156.0,1
ORD-104016,Bengaluru,Bengaluru,Furniture,28780.0,15.8,Economy,New,Friday,March,Storm,Low,2,0,26.0,93.0,0
ORD-100675,Bengaluru,Kolkata,Clothing,2632.0,1979.0,Standard,Regular,Sunday,May,Clear,Low,1,3,29.2,231.0,0
ORD-103348,Bengaluru,Nagpur,Sports,2512.0,1154.7,Economy,Regular,Sunday,October,Clear,Low,4,1,34.7,168.0,0
ORD-104852,Chennai,Hyderabad,Electronics,16187.0,659.3,Economy,Regular,Friday,November,Fog,Low,2,2,23.5,105.0,0
ORD-101816,Bengaluru,Coimbatore,Sports,2262.0,290.0,Economy,New,Friday,October,Clear,Low,2,0,13.3,75.0,0
ORD-104971,Chennai,Jaipur,Electronics,16631.0,2051.3,Priority,Regular,Wednesday,March,Clear,Low,3,2,37.4,678.0,0
ORD-102101,Chennai,Chandigarh,Home & Kitchen,2943.0,2507.1,Standard,Regular,Tuesday,August,Cloudy,High,1,2,13.6,294.0,1
ORD-105764,Hyderabad,Bhopal,Beauty,1090.0,860.7,Express,New,Wednesday,August,Clear,High,3,0,3.0,291.0,0
ORD-105101,Bengaluru,Nagpur,Beauty,2288.0,1129.2,Priority,Premium,Saturday,January,Cloudy,Low,3,1,12.3,343.0,0
ORD-102102,Mumbai,Chandigarh,Clothing,2025.0,1625.3,Express,Premium,Thursday,September,Rain,High,3,1,8.6,348.0,0
ORD-105129,Hyderabad,Bengaluru,Electronics,10347.0,600.1,Priority,Premium,Friday,October,Cloudy,Medium,2,0,21.7,284.0,0
ORD-102863,Delhi,Nagpur,Electronics,20838.0,1085.0,Express,Regular,Thursday,September,Storm,Medium,2,1,23.3,257.0,1
ORD-101549,Delhi,Bengaluru,Electronics,8109.0,2378.5,Economy,Premium,Sunday,September,Rain,Low,2,1,,186.0,0
ORD-104962,Mumbai,Chandigarh,Home & Kitchen,2195.0,1645.0,Standard,Regular,Thursday,December,Fog,Medium,2,1,38.0,190.0,0
ORD-102433,Bengaluru,Patna,Home & Kitchen,4436.0,2059.7,Economy,Regular,Saturday,November,Clear,Low,4,2,13.0,215.0,1
ORD-100356,Bengaluru,Hyderabad,Electronics,18127.0,596.3,Express,Premium,Friday,April,Clear,Medium,2,1,8.3,209.0,0
ORD-102549,Delhi,Lucknow,Groceries,4838.0,505.4,Standard,Regular,Monday,January,Cloudy,Medium,5,0,8.1,158.0,0
ORD-102755,Hyderabad,Bhopal,Sports,3270.0,903.0,Express,New,Monday,September,Cloudy,Medium,3,0,21.5,215.0,0
ORD-104886,Kolkata,Chennai,Clothing,2868.0,1736.7,Standard,Premium,Saturday,September,Rain,High,2,0,12.7,208.0,1
ORD-105362,Mumbai,Hyderabad,Electronics,31014.0,728.4,Standard,New,Sunday,October,Rain,High,3,0,35.2,243.0,1
ORD-104315,Mumbai,Lucknow,Groceries,2651.0,1483.7,Economy,New,Sunday,September,Cloudy,Low,10,0,10.3,211.0,1
ORD-102374,Delhi,Delhi,Groceries,1373.0,12.5,Standard,New,Thursday,March,Clear,Low,5,1,38.2,84.0,0
ORD-101052,Mumbai,Chennai,Beauty,1524.0,1300.9,Standard,Regular,Wednesday,January,Clear,High,2,0,20.9,172.0,0
ORD-102322,Mumbai,Jaipur,Sports,2693.0,1212.5,Standard,Regular,Tuesday,August,Rain,Medium,1,0,22.6,151.0,0
ORD-104793,Delhi,Indore,Home & Kitchen,4520.0,860.9,Standard,New,Tuesday,May,Rain,Medium,1,1,9.1,134.0,0
ORD-103695,Chennai,Jaipur,Electronics,123614.0,1979.2,Standard,Regular,Tuesday,August,Storm,High,3,1,11.8,400.0,1
ORD-101752,Mumbai,Chennai,Beauty,990.0,1336.7,Standard,Premium,Monday,December,Fog,Medium,1,1,4.9,156.0,0
ORD-102518,Delhi,Bhopal,Electronics,10426.0,714.9,Express,Premium,Tuesday,April,Clear,High,2,1,9.8,201.0,0
ORD-101773,Chennai,Bengaluru,Sports,4265.0,332.6,Economy,New,Wednesday,November,Cloudy,Medium,2,1,9.2,81.0,1
ORD-101197,Delhi,Bhopal,Furniture,28767.0,753.1,Standard,Regular,Monday,June,Rain,Low,1,3,23.7,174.0,0
ORD-101879,Bengaluru,Visakhapatnam,Groceries,2663.0,1067.8,Standard,Regular,Wednesday,August,Rain,Medium,7,0,11.1,233.0,0
ORD-102017,Delhi,Mumbai,Books,629.0,1457.0,Standard,Premium,Friday,January,Fog,High,1,0,10.7,,0
ORD-102006,Hyderabad,Kolkata,Clothing,3466.0,1427.2,Economy,Regular,Friday,December,Fog,Medium,3,0,21.1,174.0,0
ORD-104913,Delhi,Kolkata,Books,1054.0,1539.7,Express,Regular,Monday,October,Rain,High,2,0,20.4,337.0,0
ORD-101483,Bengaluru,Jaipur,Clothing,3570.0,1853.4,Economy,Regular,Thursday,December,Clear,Low,1,1,14.8,162.0,0
ORD-100329,Chennai,Delhi,Home & Kitchen,3120.0,2330.7,Economy,Regular,Monday,June,Rain,Medium,5,0,9.2,232.0,1
ORD-100649,Chennai,Patna,Home & Kitchen,1839.0,1740.4,Economy,Regular,Friday,September,Rain,Medium,3,0,10.8,190.0,1
ORD-103130,Hyderabad,Kolkata,Home & Kitchen,4447.0,1416.0,Standard,Regular,Sunday,July,Clear,High,1,0,10.7,172.0,0
ORD-101124,Mumbai,Nagpur,Home & Kitchen,9256.0,835.9,Express,Premium,Wednesday,May,Cloudy,Medium,3,1,11.8,230.0,0
ORD-102836,Chennai,Bengaluru,Clothing,3159.0,391.4,Economy,Regular,Thursday,September,Storm,Medium,2,0,7.8,73.0,0
ORD-103022,Chennai,Visakhapatnam,Clothing,4787.0,764.0,Standard,New,Wednesday,November,Rain,Low,5,0,32.4,176.0,0
ORD-102514,Mumbai,Visakhapatnam,Groceries,1158.0,1296.8,Express,Premium,Saturday,September,Clear,High,3,2,31.1,234.0,1
ORD-102903,Mumbai,Mumbai,Home & Kitchen,840.0,11.4,Express,Premium,Sunday,February,Storm,Low,1,0,18.3,68.0,0
ORD-102856,Hyderabad,Chandigarh,Sports,8197.0,1806.3,Express,Regular,Friday,August,Rain,Medium,3,0,22.7,359.0,0
ORD-105070,Bengaluru,Delhi,Electronics,10112.0,2292.3,Standard,New,Thursday,November,Cloudy,High,1,3,22.2,271.0,1
ORD-101260,Hyderabad,Bengaluru,Clothing,1806.0,616.3,Standard,Regular,Saturday,October,Clear,Medium,2,0,11.7,138.0,0
ORD-103104,Kolkata,Lucknow,Electronics,3530.0,1140.5,Priority,Regular,Tuesday,June,Rain,Low,2,1,22.0,378.0,1
ORD-105358,Delhi,Pune,Books,1640.0,1523.6,Standard,Premium,Wednesday,December,Cloudy,High,3,0,14.6,193.0,1
ORD-104520,Delhi,Pune,Books,1105.0,1530.9,Standard,Premium,Monday,October,Clear,High,3,0,6.9,177.0,0
ORD-101520,Mumbai,Ahmedabad,Clothing,1509.0,574.0,Standard,Premium,Wednesday,May,Clear,Low,4,0,11.3,126.0,0
ORD-101379,Chennai,Hyderabad,Electronics,25393.0,674.2,Standard,New,Tuesday,October,Clear,High,2,0,18.2,148.0,0
ORD-104920,Delhi,Ahmedabad,Books,1782.0,990.9,Express,Regular,Wednesday,October,Clear,Medium,2,0,25.3,223.0,0
ORD-101024,Bengaluru,Hyderabad,Electronics,19414.0,610.4,Standard,Premium,Monday,December,Fog,Low,1,0,11.8,118.0,0
ORD-103015,Delhi,Visakhapatnam,Sports,6736.0,1653.3,Express,Premium,Tuesday,November,Cloudy,Medium,1,2,16.3,290.0,0
ORD-104307,Bengaluru,Indore,Clothing,6582.0,1424.2,Standard,New,Sunday,February,Cloudy,High,4,0,1.9,241.0,0
ORD-102432,Chennai,Ahmedabad,Sports,5083.0,1767.4,Standard,Regular,Saturday,November,Storm,Low,3,0,13.3,226.0,1
ORD-100913,Hyderabad,Kolkata,Books,3559.0,1507.3,Priority,Regular,Thursday,November,Clear,Low,5,0,14.7,467.0,0
ORD-104742,Delhi,Mumbai,Electronics,7790.0,1458.9,Standard,Regular,Saturday,October,Cloudy,Medium,3,1,30.7,203.0,0
ORD-101676,Hyderabad,Indore,Electronics,7276.0,819.0,Standard,Regular,Saturday,July,Rain,Low,1,0,15.5,133.0,1
ORD-101747,Chennai,Indore,Clothing,2523.0,1487.3,Priority,Regular,Saturday,June,Rain,High,2,0,23.6,472.0,1
ORD-103280,Mumbai,Pune,Sports,2774.0,153.8,Standard,New,Friday,January,Clear,Medium,2,1,7.0,64.0,0
ORD-101737,Hyderabad,Lucknow,Home & Kitchen,5549.0,1335.9,Economy,Regular,Sunday,August,Clear,Low,2,2,21.0,181.0,0
ORD-101630,Delhi,Nagpur,Groceries,2176.0,1017.1,Express,Regular,Saturday,July,Cloudy,Low,3,1,12.7,270.0,0
ORD-104004,Delhi,Ahmedabad,Home & Kitchen,5447.0,941.9,Standard,Regular,Tuesday,December,Clear,High,2,1,30.9,148.0,0
ORD-100431,Hyderabad,Delhi,Groceries,2345.0,1520.4,Standard,New,Friday,January,Storm,Medium,5,0,3.8,219.0,0
ORD-101809,Delhi,Pune,Electronics,17894.0,1537.1,Priority,Regular,Monday,May,Clear,High,3,0,11.4,531.0,0
ORD-105802,Bengaluru,Delhi,Groceries,7441.0,2249.7,Economy,New,Sunday,July,Rain,High,7,1,14.2,270.0,1
ORD-102487,Kolkata,Pune,Clothing,2574.0,2071.8,Standard,Premium,Tuesday,March,Clear,Low,4,0,14.4,265.0,0
ORD-103476,Delhi,Visakhapatnam,Electronics,33637.0,1577.2,Express,Regular,Wednesday,November,Clear,High,5,1,12.7,469.0,1
ORD-103556,Kolkata,Ahmedabad,Furniture,8884.0,2059.1,Standard,Premium,Monday,August,Cloudy,Low,1,0,23.4,214.0,0
ORD-105668,Hyderabad,Patna,Furniture,10934.0,1429.4,Standard,New,Thursday,November,Clear,Low,1,0,22.4,210.0,0
ORD-102223,Delhi,Coimbatore,Beauty,590.0,2348.4,Express,Regular,Sunday,September,Clear,Medium,1,0,8.0,407.0,0
ORD-103320,Delhi,Bengaluru,Home & Kitchen,9352.0,2094.0,Priority,Regular,Wednesday,October,Clear,High,5,2,11.4,527.0,1
ORD-105084,Mumbai,Lucknow,Electronics,26146.0,1462.4,Standard,Regular,Saturday,August,Clear,Low,3,0,8.4,221.0,0
ORD-105404,Mumbai,Chandigarh,Electronics,7016.0,1743.1,Express,Premium,Sunday,January,Cloudy,Low,1,0,8.5,294.0,1
ORD-103722,Bengaluru,Visakhapatnam,Clothing,4945.0,956.5,Express,Regular,Tuesday,June,Clear,Medium,5,1,11.6,326.0,0
ORD-104632,Bengaluru,Coimbatore,Groceries,5599.0,283.9,Standard,Regular,Tuesday,October,Storm,High,8,0,5.9,187.0,1
ORD-105377,Delhi,Patna,Sports,7937.0,1015.7,Express,Regular,Tuesday,January,Fog,Low,2,1,9.5,268.0,0
ORD-101996,Chennai,Delhi,Groceries,3048.0,2158.0,Economy,Regular,Tuesday,September,Rain,Low,6,2,10.4,269.0,1
ORD-103247,Delhi,Hyderabad,Furniture,16903.0,1609.8,Priority,Premium,Monday,July,Cloudy,High,2,0,17.2,475.0,0
ORD-102225,Hyderabad,Chennai,Home & Kitchen,11239.0,636.3,Priority,Premium,Thursday,October,Clear,Medium,2,1,12.6,281.0,0
ORD-101107,Mumbai,Kolkata,Groceries,1234.0,2047.9,Express,Regular,Monday,December,Cloudy,High,5,2,12.1,363.0,1
ORD-104989,Hyderabad,Chennai,Home & Kitchen,5710.0,635.6,Express,Premium,Saturday,February,Storm,Low,2,0,30.8,147.0,0
ORD-100819,Chennai,Bengaluru,Sports,2434.0,362.8,Express,Premium,Wednesday,May,Clear,Medium,4,1,8.2,181.0,0
ORD-104678,Mumbai,Mumbai,Furniture,19805.0,22.3,Standard,Premium,Thursday,April,Clear,Medium,1,0,21.1,82.0,1
ORD-104400,Kolkata,Mumbai,Home & Kitchen,6963.0,2141.8,Express,Regular,Tuesday,March,Clear,High,4,1,18.2,521.0,0
ORD-101698,Kolkata,Mumbai,Groceries,1896.0,2080.6,Economy,Regular,Monday,October,Cloudy,High,6,1,6.9,239.0,1
ORD-105136,Bengaluru,Pune,Furniture,12104.0,921.8,Express,Regular,Monday,March,Rain,Medium,1,3,25.9,229.0,1
ORD-100137,Hyderabad,Pune,Electronics,16622.0,617.0,Economy,Regular,Tuesday,March,Cloudy,Medium,3,2,24.9,120.0,0
ORD-103309,Bengaluru,Delhi,Clothing,1137.0,2101.9,Express,Regular,Wednesday,December,Clear,High,1,2,1.4,333.0,1
ORD-102982,Delhi,Jaipur,Clothing,5042.0,291.7,Express,Regular,Sunday,June,Rain,High,6,0,7.8,198.0,0
ORD-105369,Kolkata,Kolkata,Groceries,7526.0,30.3,Standard,Premium,Thursday,January,Clear,Medium,7,1,19.4,132.0,0
ORD-101181,Chennai,Chennai,Groceries,3202.0,25.1,Express,New,Friday,November,Rain,Low,5,0,16.2,133.0,0
ORD-104553,Mumbai,Pune,Clothing,2480.0,143.7,Standard,New,Saturday,April,Clear,Low,3,0,8.8,88.0,0
ORD-100889,Mumbai,Kochi,Electronics,15640.0,1330.5,Express,Regular,Friday,June,Clear,High,2,0,20.9,392.0,0
ORD-105049,Mumbai,Delhi,Electronics,28214.0,1384.7,Standard,New,Friday,December,Clear,Low,4,0,14.0,226.0,0
ORD-102438,Chennai,Mumbai,Groceries,2342.0,1318.4,Standard,Regular,Thursday,January,Fog,,5,0,12.1,192.0,0
ORD-102612,Kolkata,Lucknow,Electronics,7925.0,1138.7,Standard,Regular,Thursday,February,Cloudy,,1,0,11.5,167.0,0
ORD-102956,Delhi,Delhi,Home & Kitchen,14604.0,21.6,Standard,Premium,Wednesday,August,Cloudy,Medium,4,0,14.1,85.0,0
ORD-100818,Bengaluru,Chandigarh,Furniture,2991.0,2426.6,Express,Premium,Monday,October,Clear,Medium,1,1,37.7,391.0,1
ORD-101112,Delhi,Kochi,Home & Kitchen,5066.0,2577.2,Express,Regular,Thursday,March,Cloudy,Medium,2,0,24.0,393.0,0
ORD-105383,Kolkata,Hyderabad,Groceries,791.0,1555.8,Express,New,Sunday,August,Storm,Low,2,0,,293.0,0
ORD-102342,Mumbai,Jaipur,Groceries,875.0,1196.6,Standard,Regular,Tuesday,August,,High,6,1,10.3,268.0,0
ORD-105336,Kolkata,Ahmedabad,Home & Kitchen,10094.0,1930.4,Standard,Regular,Monday,March,Clear,Medium,4,1,11.4,256.0,0
ORD-103839,Kolkata,Nagpur,Sports,3355.0,1205.4,Standard,Regular,Sunday,February,Fog,,2,0,30.3,209.0,1
ORD-101265,Bengaluru,Jaipur,Beauty,2010.0,1835.6,Priority,Premium,Friday,December,Fog,,4,0,3.9,578.0,0
ORD-100991,Chennai,Bhopal,Clothing,2369.0,1445.8,Express,Premium,Friday,December,Clear,Medium,3,1,2.3,284.0,0
ORD-105869,Mumbai,Chandigarh,Clothing,2084.0,1784.3,Economy,Regular,Friday,November,Clear,Medium,3,2,22.7,196.0,0
ORD-101740,Kolkata,Hyderabad,Sports,2502.0,1507.4,Economy,New,Friday,April,Storm,Medium,3,1,9.2,152.0,1
ORD-102645,Delhi,Coimbatore,Groceries,1953.0,2492.3,Economy,Regular,Thursday,May,Cloudy,Low,6,2,18.0,254.0,1
ORD-100354,Bengaluru,Hyderabad,Sports,2684.0,587.5,Standard,Regular,Wednesday,May,Clear,High,2,2,9.0,142.0,0
ORD-104829,Kolkata,Kochi,Clothing,7623.0,2446.7,Standard,Regular,Tuesday,June,Clear,Medium,6,0,16.6,291.0,0
ORD-103633,Bengaluru,Chennai,Sports,1039.0,373.4,Express,New,Saturday,November,Cloudy,Medium,1,1,5.5,123.0,0
ORD-104249,Mumbai,Ahmedabad,Electronics,20235.0,568.7,Priority,Premium,Sunday,May,Rain,Medium,3,1,13.4,332.0,0
ORD-101490,Bengaluru,Ahmedabad,Electronics,25183.0,1485.0,Standard,Regular,Monday,April,Clear,Low,2,1,17.4,265.0,0
ORD-104645,Delhi,Kolkata,Sports,5583.0,1638.4,Standard,Regular,Sunday,June,Cloudy,Medium,3,0,15.6,219.0,0
ORD-101229,Hyderabad,Chandigarh,Clothing,6301.0,1724.2,Economy,Regular,Wednesday,January,Fog,Medium,2,3,9.4,182.0,0
ORD-105462,Mumbai,Hyderabad,Clothing,1703.0,804.0,Standard,Premium,Thursday,November,Clear,Medium,2,2,12.2,129.0,0
ORD-102747,Mumbai,Kolkata,Books,326.0,2035.9,Express,Regular,Tuesday,July,Rain,Low,1,2,18.1,388.0,0
ORD-105738,Chennai,Mumbai,Furniture,5298.0,1290.7,Express,Premium,Thursday,April,Cloudy,High,1,0,18.9,253.0,0
ORD-105672,Kolkata,Kolkata,Home & Kitchen,1431.0,25.8,Economy,Regular,Monday,December,Clear,Medium,1,0,35.0,36.0,0
ORD-100053,Kolkata,Nagpur,Electronics,8705.0,1125.5,Standard,New,Thursday,May,Rain,Low,4,0,36.7,183.0,0
ORD-103188,Kolkata,Kochi,Clothing,869.0,2502.1,Express,Regular,Sunday,August,Rain,Low,3,0,19.7,448.0,0
ORD-102802,Bengaluru,Chennai,Home & Kitchen,3548.0,353.9,Standard,New,Friday,January,Cloudy,Medium,3,0,16.6,98.0,0
ORD-104031,Bengaluru,Jaipur,Home & Kitchen,11044.0,1910.5,Economy,Regular,Thursday,March,Cloudy,Medium,4,0,9.4,219.0,0
ORD-103394,Mumbai,Chennai,Home & Kitchen,3230.0,1354.9,Standard,New,Monday,July,Rain,Medium,3,1,14.1,218.0,0
ORD-103729,Chennai,Kochi,Clothing,5973.0,720.9,Economy,Regular,Monday,August,Rain,Low,3,2,3.8,126.0,0
ORD-101590,Mumbai,Hyderabad,Electronics,20110.0,795.9,Standard,Premium,Thursday,July,Cloudy,Medium,2,1,32.1,124.0,0
ORD-101480,Bengaluru,Patna,Sports,2357.0,1917.6,Express,New,Saturday,November,Clear,High,2,1,15.6,372.0,0
ORD-101470,Mumbai,Kochi,Beauty,1541.0,1302.5,Express,Premium,Tuesday,August,Rain,Medium,2,0,10.2,207.0,0
ORD-103590,Delhi,Bhopal,Home & Kitchen,3436.0,783.2,Economy,Regular,Thursday,December,Clear,Medium,4,1,29.8,139.0,0
ORD-102579,Mumbai,Kochi,Beauty,1442.0,1372.4,Standard,Regular,Sunday,November,Clear,Low,2,2,12.8,150.0,0
ORD-102079,Delhi,Visakhapatnam,Home & Kitchen,4869.0,1716.6,Standard,Regular,Wednesday,January,Fog,Medium,2,0,18.3,296.0,1
ORD-103525,Bengaluru,Bengaluru,Beauty,3623.0,31.5,Economy,Regular,Wednesday,June,Clear,High,5,1,12.3,85.0,0
ORD-105972,Mumbai,Chennai,Sports,2367.0,1300.6,Standard,Regular,Saturday,May,Storm,Medium,4,1,30.2,174.0,0
ORD-102654,Chennai,Bengaluru,Home & Kitchen,4797.0,333.8,Express,Premium,Tuesday,February,Clear,High,3,1,18.2,152.0,0
ORD-100437,Mumbai,Indore,Electronics,14133.0,610.2,Express,Premium,Friday,October,Clear,Medium,1,2,28.1,134.0,0
ORD-102946,Delhi,Kolkata,Home & Kitchen,2923.0,1738.4,Standard,Regular,Saturday,March,Clear,High,2,2,22.5,216.0,1
ORD-103967,Bengaluru,Delhi,Clothing,1133.0,2123.8,Express,Premium,Wednesday,September,Cloudy,Medium,2,1,13.2,412.0,0
ORD-101589,Delhi,Kochi,Sports,851.0,2746.3,Standard,New,Monday,January,Fog,Medium,1,0,14.7,320.0,1
ORD-104769,Mumbai,Mumbai,Groceries,4477.0,23.7,Standard,Regular,Saturday,October,Clear,High,9,0,30.9,169.0,0
ORD-101591,Mumbai,Delhi,Clothing,10523.0,1517.8,Standard,New,Tuesday,September,Cloudy,High,3,0,12.6,279.0,1
ORD-103321,Mumbai,Lucknow,Electronics,37836.0,1546.4,Standard,New,Thursday,February,Fog,Low,2,1,12.5,224.0,1
ORD-100974,Hyderabad,Pune,Beauty,1520.0,629.6,Economy,Regular,Saturday,April,Cloudy,Medium,1,2,20.6,75.0,0
ORD-101239,Mumbai,Hyderabad,Books,716.0,798.6,Standard,Regular,Monday,May,Clear,High,5,0,7.8,185.0,0
ORD-102343,Chennai,Kolkata,Clothing,4040.0,1708.7,Standard,Regular,Thursday,April,Clear,High,4,1,13.2,270.0,0
ORD-102527,Hyderabad,Mumbai,Home & Kitchen,5091.0,791.8,Standard,New,Monday,January,Fog,Medium,1,1,8.1,121.0,1
ORD-104740,Chennai,Delhi,Beauty,2062.0,2202.6,Economy,Regular,Sunday,October,Cloudy,Medium,1,0,14.5,188.0,1
ORD-105169,Mumbai,Lucknow,Sports,,1551.7,Standard,Regular,Friday,January,Clear,Medium,1,3,6.2,198.0,0
ORD-102232,Chennai,Chennai,Home & Kitchen,11828.0,16.1,Standard,New,Monday,November,Rain,Medium,4,0,9.7,92.0,0
ORD-102573,Chennai,Mumbai,Electronics,7755.0,1404.4,Standard,Regular,Saturday,May,Clear,Low,2,3,26.5,206.0,1
ORD-101498,Chennai,Indore,Electronics,25652.0,1514.8,Express,Regular,Monday,September,Storm,Medium,1,1,18.7,316.0,0
ORD-100450,Bengaluru,Mumbai,Home & Kitchen,3051.0,1048.2,Standard,New,Sunday,May,Cloudy,High,3,0,6.5,154.0,0
ORD-102370,Bengaluru,Bengaluru,Electronics,16698.0,41.5,Economy,New,Friday,December,Fog,High,1,0,21.6,59.0,0
ORD-103438,Delhi,Mumbai,Beauty,1288.0,1335.0,Economy,Regular,Sunday,May,Cloudy,High,4,0,6.4,180.0,0
ORD-102423,Kolkata,Kolkata,Groceries,1930.0,23.0,Express,Regular,Thursday,March,Cloudy,Medium,7,2,7.1,175.0,0
ORD-105440,Mumbai,Nagpur,Sports,,854.5,Express,Regular,Monday,July,Clear,Medium,1,0,11.4,224.0,1
ORD-105945,Mumbai,Chandigarh,Beauty,1819.0,1686.8,Standard,Regular,Monday,December,Clear,High,2,1,7.2,242.0,0
ORD-101552,Delhi,Kolkata,Home & Kitchen,1855.0,1461.7,Standard,Regular,Friday,June,Clear,Medium,2,1,22.6,176.0,0
ORD-105371,Mumbai,Chandigarh,Electronics,32527.0,1757.7,Economy,Regular,Saturday,September,Rain,,3,0,18.6,215.0,0
ORD-101147,Chennai,Delhi,Electronics,9739.0,2295.6,Economy,Regular,Saturday,May,Rain,Medium,1,1,31.6,212.0,0
ORD-103816,Delhi,Chandigarh,Electronics,9065.0,295.2,Standard,New,Sunday,October,Storm,Medium,1,1,36.7,92.0,1
ORD-102093,Bengaluru,Chennai,Clothing,1264.0,367.7,Express,Regular,Thursday,December,Clear,Medium,2,1,1.0,119.0,0
ORD-101314,Mumbai,Kochi,Home & Kitchen,5355.0,1337.9,Express,Regular,Wednesday,December,Clear,Low,2,2,24.9,327.0,0
ORD-102016,Bengaluru,Chennai,Electronics,36340.0,367.5,Standard,Premium,Friday,September,Rain,Low,3,1,16.7,133.0,0
ORD-104177,Bengaluru,Bengaluru,Electronics,5150.0,33.4,Standard,Regular,Sunday,July,Rain,High,1,0,22.6,61.0,0
ORD-103951,Delhi,Ahmedabad,Home & Kitchen,7244.0,1005.0,Standard,Regular,Thursday,March,Clear,Medium,2,1,31.7,163.0,0
ORD-103106,Chennai,Lucknow,Sports,5539.0,1913.1,Express,Regular,Thursday,December,Clear,High,5,0,9.2,426.0,0
ORD-101382,Mumbai,Delhi,Clothing,3256.0,1489.3,Standard,Premium,Wednesday,December,Clear,Medium,2,2,34.1,191.0,1
ORD-103318,Mumbai,Delhi,Home & Kitchen,4025.0,1438.1,Express,Premium,Saturday,November,Cloudy,Low,4,0,8.2,364.0,0
ORD-100414,Hyderabad,Pune,Electronics,21246.0,628.4,Express,Premium,Thursday,June,Rain,Medium,1,2,16.3,207.0,0
ORD-100942,Kolkata,Hyderabad,Sports,4639.0,1440.3,Priority,Premium,Thursday,October,Clear,Medium,2,1,21.5,421.0,0
ORD-100802,Delhi,Kolkata,Groceries,1244.0,1701.8,Standard,New,Monday,December,Clear,Medium,4,0,18.9,209.0,0
ORD-103732,Hyderabad,Delhi,Electronics,19614.0,1520.4,Economy,Regular,Tuesday,July,Cloudy,Low,1,0,21.4,156.0,1
ORD-104164,Delhi,Indore,Groceries,2508.0,842.2,Express,Premium,Sunday,November,Clear,Low,10,1,7.9,341.0,0
ORD-100257,Kolkata,Kolkata,Books,867.0,34.0,Standard,Regular,Wednesday,October,,High,3,2,27.5,85.0,0
ORD-105946,Delhi,Kolkata,Clothing,7725.0,1717.1,Standard,Premium,Sunday,November,Clear,Medium,2,0,20.9,246.0,1
ORD-102236,Kolkata,Bengaluru,Electronics,13996.0,1873.3,Express,Regular,Tuesday,October,Clear,Low,4,0,37.7,478.0,0
ORD-100648,Bengaluru,Ahmedabad,Groceries,536.0,1629.4,Priority,Premium,Saturday,March,Clear,Low,6,1,10.8,682.0,0
ORD-101768,Mumbai,Delhi,Electronics,19586.0,1514.2,Standard,Premium,Wednesday,May,Cloudy,Low,2,0,13.4,214.0,1
ORD-104146,Delhi,Pune,Clothing,4352.0,1428.6,Express,Premium,Friday,May,Fog,Low,5,0,23.2,369.0,0
ORD-102593,Chennai,Nagpur,Groceries,6058.0,1097.6,Express,Premium,Friday,April,Cloudy,High,6,2,10.3,311.0,0
ORD-103044,Bengaluru,Kochi,Groceries,857.0,472.6,Economy,Regular,Sunday,December,Cloudy,Low,3,0,22.0,103.0,0
ORD-105729,Hyderabad,Kolkata,Electronics,9947.0,1483.4,Economy,Regular,Monday,January,Fog,Low,1,1,33.7,165.0,1
ORD-100025,Kolkata,Nagpur,Home & Kitchen,6994.0,1311.0,Standard,Regular,Friday,July,Rain,Low,3,0,21.1,245.0,0
ORD-101089,Bengaluru,Chandigarh,Clothing,3383.0,2580.9,Standard,Regular,Sunday,October,Clear,Low,3,0,9.3,392.0,0
ORD-104487,Kolkata,Bhopal,Home & Kitchen,5581.0,1410.1,Economy,Regular,Friday,June,Rain,Medium,5,0,13.7,176.0,0
ORD-102689,Delhi,Ahmedabad,Electronics,7074.0,954.3,Economy,Regular,Sunday,September,Clear,Medium,1,0,16.2,125.0,1
ORD-100113,Delhi,Chennai,Home & Kitchen,7373.0,2317.8,Economy,New,Sunday,August,Rain,High,4,3,13.4,259.0,1
ORD-102312,Mumbai,Coimbatore,Furniture,6056.0,1345.7,Express,Regular,Sunday,September,Rain,High,1,1,31.2,254.0,0
ORD-102828,Mumbai,Pune,Groceries,942.0,150.5,Standard,Regular,Saturday,April,Clear,Medium,2,0,15.5,73.0,0
ORD-100057,Bengaluru,Bhopal,Furniture,5527.0,1458.0,Standard,Regular,Tuesday,October,Cloudy,Medium,1,4,15.9,207.0,1
ORD-101310,Hyderabad,Delhi,Electronics,26501.0,1708.2,Economy,Regular,Saturday,August,Cloudy,Low,2,0,11.9,187.0,0
ORD-100696,Bengaluru,Chennai,Home & Kitchen,3987.0,354.7,Standard,New,Wednesday,June,Rain,Low,4,0,10.1,119.0,0
ORD-104408,Delhi,Kolkata,Groceries,4252.0,1527.9,Economy,Regular,Sunday,April,Fog,Low,6,3,14.8,208.0,1
ORD-101228,Bengaluru,Coimbatore,Home & Kitchen,1510.0,279.4,Economy,New,Wednesday,June,Clear,Low,2,1,5.8,73.0,0
ORD-102000,Bengaluru,Pune,Electronics,3108.0,917.8,Economy,Regular,Saturday,March,Clear,Low,2,2,,113.0,0
ORD-100277,Delhi,Chennai,Books,627.0,2057.9,Standard,New,Sunday,September,Clear,High,3,1,39.7,234.0,0
ORD-105778,Bengaluru,Delhi,Electronics,6104.0,2296.1,Standard,Regular,Tuesday,April,Clear,Medium,2,2,6.3,284.0,0
ORD-104796,Mumbai,Jaipur,Electronics,9667.0,1098.9,Standard,New,Monday,March,Clear,Low,1,1,23.7,174.0,1
ORD-101834,Mumbai,Kolkata,Sports,2088.0,2118.1,Economy,New,Saturday,January,Fog,Medium,1,0,30.4,169.0,1
ORD-100683,Mumbai,Kochi,Clothing,2375.0,1328.2,Economy,New,Friday,March,Cloudy,Low,3,0,8.7,167.0,0
ORD-103205,Hyderabad,Ahmedabad,Clothing,2525.0,1139.6,Priority,Premium,Monday,November,Clear,Low,4,3,24.1,348.0,0
ORD-104376,Mumbai,Mumbai,Clothing,2796.0,38.2,Priority,Regular,Friday,March,Cloudy,Medium,5,3,5.9,234.0,0
ORD-102926,Bengaluru,Hyderabad,Electronics,12270.0,595.3,Economy,Regular,Friday,October,Clear,High,1,1,31.7,85.0,0
ORD-101138,Delhi,Chennai,Books,967.0,2351.6,Economy,Regular,Thursday,July,Clear,Low,2,3,5.6,209.0,1
ORD-103832,Chennai,Chennai,Books,305.0,20.5,Express,Regular,Saturday,January,Clear,Low,4,1,26.8,144.0,0
ORD-103552,Bengaluru,Bengaluru,Electronics,6427.0,22.0,Express,Premium,Sunday,February,Clear,Low,1,0,32.9,80.0,0
ORD-104217,Chennai,Kolkata,Furniture,5897.0,1713.0,Express,Premium,Thursday,May,Cloudy,High,1,1,31.7,372.0,0
ORD-100965,Hyderabad,Bengaluru,Groceries,1018.0,640.1,Express,Regular,Tuesday,June,,Medium,2,1,12.8,194.0,0
ORD-104881,Mumbai,Bengaluru,Clothing,4403.0,1078.4,Standard,New,Saturday,August,Storm,Medium,5,0,14.7,186.0,0
ORD-101347,Delhi,Delhi,Home & Kitchen,7594.0,38.6,Economy,New,Tuesday,November,Cloudy,Medium,1,0,24.0,46.0,0
ORD-105315,Delhi,Bengaluru,Home & Kitchen,10042.0,2156.7,Express,New,Tuesday,February,Clear,High,3,1,19.5,370.0,0
ORD-103009,Mumbai,Kolkata,Furniture,13348.0,2050.5,Economy,Regular,Saturday,January,Clear,Medium,1,0,20.8,241.0,0
ORD-102861,Delhi,Chennai,Home & Kitchen,983.0,2110.4,Economy,Premium,Wednesday,November,Cloudy,Medium,1,0,18.1,162.0,1
ORD-102385,Mumbai,Chandigarh,Clothing,4108.0,1849.3,Priority,Premium,Friday,September,Clear,,2,1,14.7,507.0,0
ORD-104007,Bengaluru,Delhi,Beauty,1446.0,2093.4,Standard,New,Saturday,December,Storm,Low,3,0,6.4,286.0,0
ORD-104218,Mumbai,Ahmedabad,Sports,1628.0,489.5,Express,Premium,Tuesday,October,Clear,Medium,3,2,12.6,188.0,0
ORD-103755,Bengaluru,Kochi,Electronics,6476.0,467.3,Economy,New,Monday,July,Clear,Low,2,1,22.1,87.0,0
ORD-105389,Bengaluru,Chandigarh,Home & Kitchen,3451.0,2362.4,Express,New,Sunday,June,Cloudy,High,2,0,9.3,377.0,1
ORD-104413,Chennai,Bhopal,Sports,3092.0,1371.5,Express,Regular,Friday,July,Clear,Medium,1,0,15.2,269.0,0
ORD-104082,Delhi,Chennai,Home & Kitchen,2659.0,2326.7,Standard,Premium,Thursday,July,Rain,High,2,2,18.9,227.0,1
ORD-103896,Chennai,Mumbai,Home & Kitchen,4156.0,1243.2,Standard,Regular,Monday,February,Fog,Low,3,0,16.6,218.0,0
ORD-105486,Hyderabad,Indore,Clothing,1357.0,830.2,Priority,Regular,Sunday,March,Rain,Low,3,0,26.6,357.0,0
ORD-105037,Hyderabad,Indore,Electronics,6374.0,853.4,Economy,New,Saturday,August,Rain,Low,3,0,10.0,155.0,0
ORD-104975,Bengaluru,Kochi,Beauty,2082.0,469.8,Priority,Premium,Friday,April,Clear,Medium,1,0,25.8,199.0,0
ORD-100082,Delhi,Ahmedabad,Sports,7506.0,945.0,Standard,Premium,Thursday,December,Cloudy,Medium,2,0,16.1,130.0,0
ORD-101973,Chennai,Indore,Sports,7081.0,1580.3,Express,Regular,Tuesday,August,Storm,Medium,2,1,14.3,300.0,0
ORD-101715,Delhi,Chennai,Home & Kitchen,6075.0,2080.7,Standard,Premium,Friday,April,Clear,Medium,2,1,13.6,223.0,0
ORD-103656,Mumbai,Mumbai,Electronics,16704.0,30.5,Standard,New,Thursday,January,Fog,High,2,2,7.9,102.0,0
ORD-102851,Delhi,Delhi,Home & Kitchen,2691.0,30.1,Standard,Regular,Monday,February,Storm,Low,3,1,16.8,72.0,0
ORD-103698,Mumbai,Hyderabad,Clothing,2332.0,759.7,Standard,Regular,Thursday,June,Rain,Medium,3,0,26.2,159.0,0
ORD-101947,Mumbai,Pune,Electronics,19182.0,145.9,Standard,Regular,Saturday,July,Clear,Low,4,1,14.4,126.0,0
ORD-104387,Delhi,Kolkata,Home & Kitchen,3078.0,1659.0,Standard,Regular,Wednesday,June,Rain,Low,3,1,14.8,211.0,1
ORD-103018,Mumbai,Delhi,Beauty,1456.0,1331.8,Economy,Regular,Friday,August,Storm,High,3,1,5.8,,1
ORD-104245,Chennai,Coimbatore,Home & Kitchen,5291.0,480.7,Express,Regular,Sunday,January,Cloudy,Medium,3,2,,199.0,0
ORD-101611,Delhi,Mumbai,Electronics,21688.0,1448.6,Standard,Regular,Monday,October,Clear,High,2,3,17.7,208.0,1
ORD-103916,Delhi,Coimbatore,Home & Kitchen,6674.0,2427.5,Standard,New,Monday,September,Rain,Low,2,0,41.9,314.0,0
ORD-105669,Chennai,Hyderabad,Groceries,1814.0,666.9,Economy,Regular,Saturday,October,Clear,Low,8,1,16.0,164.0,0
ORD-105911,Hyderabad,Patna,Electronics,20742.0,1473.6,Express,Regular,Sunday,July,Cloudy,Medium,2,2,8.8,344.0,1
ORD-105923,Chennai,Lucknow,Electronics,10425.0,1977.7,Express,Regular,Wednesday,February,Fog,Low,1,1,17.0,392.0,0
ORD-105546,Delhi,Kolkata,Clothing,2585.0,1667.2,Economy,Regular,Saturday,October,Clear,Medium,3,1,14.5,194.0,1
ORD-100666,Chennai,Lucknow,Beauty,1310.0,1923.9,Standard,New,Tuesday,February,Clear,Low,2,1,32.7,231.0,1
ORD-102195,Bengaluru,Patna,Clothing,6200.0,1985.2,Standard,Regular,Thursday,April,Cloudy,High,3,1,18.3,248.0,0
ORD-103809,Hyderabad,Hyderabad,Books,978.0,10.0,Express,Regular,Tuesday,December,Storm,,3,0,13.1,119.0,0
ORD-105149,Hyderabad,Bengaluru,Sports,2912.0,657.4,Standard,Regular,Tuesday,February,Fog,Low,1,3,9.7,102.0,0
ORD-101018,Kolkata,Ahmedabad,Groceries,3964.0,1968.9,Express,Regular,Saturday,December,Fog,Low,7,1,12.5,532.0,0
ORD-100558,Bengaluru,Bhopal,Furniture,12316.0,1437.4,Express,Premium,Wednesday,February,Clear,Low,1,0,20.7,283.0,0
ORD-103868,Delhi,Mumbai,Groceries,7001.0,1346.0,Standard,Premium,Wednesday,April,Clear,Low,9,0,11.5,244.0,1
ORD-103471,Delhi,Kolkata,Books,856.0,1718.1,Standard,New,Wednesday,May,Clear,Medium,3,1,,224.0,0
ORD-101208,Bengaluru,Ahmedabad,Groceries,2221.0,1423.4,Priority,New,Friday,March,Clear,Medium,4,1,6.0,548.0,0
ORD-105406,Chennai,Delhi,Sports,3792.0,2121.8,Standard,Regular,Monday,December,Cloudy,High,1,0,19.4,236.0,1
ORD-103086,Delhi,Bengaluru,Groceries,1105.0,2258.2,Standard,Regular,Friday,January,Storm,High,4,1,6.7,270.0,1
ORD-101511,Mumbai,Kochi,Home & Kitchen,1584.0,1303.0,Standard,Regular,Saturday,October,Clear,Low,1,1,34.1,169.0,0
ORD-102717,Bengaluru,Chandigarh,Groceries,2629.0,2379.5,Standard,New,Tuesday,January,Clear,Medium,11,0,13.2,443.0,1
ORD-105868,Chennai,Mumbai,Clothing,2099.0,1229.4,Economy,Regular,Saturday,October,Fog,High,4,0,33.8,153.0,1
ORD-104120,Bengaluru,Coimbatore,Sports,9539.0,269.8,Express,Regular,Wednesday,July,Clear,Low,2,0,13.7,189.0,0
ORD-104122,Kolkata,Chennai,Sports,3013.0,1723.1,Priority,Premium,Sunday,August,Clear,Medium,2,2,16.3,458.0,0
ORD-100267,Delhi,Bengaluru,Clothing,763.0,2102.1,Standard,Regular,Monday,May,Clear,High,1,0,12.2,302.0,0
ORD-103444,Delhi,Coimbatore,Electronics,,2416.0,Standard,Regular,Monday,October,Clear,Medium,1,3,13.0,319.0,1
ORD-105712,Bengaluru,Bengaluru,Home & Kitchen,5170.0,25.6,Standard,Premium,Friday,July,Rain,Medium,2,0,15.5,61.0,0
ORD-102112,Bengaluru,Chennai,Home & Kitchen,3528.0,350.8,Economy,New,Tuesday,November,Clear,High,2,2,14.6,97.0,0
ORD-104746,Mumbai,Indore,Home & Kitchen,9094.0,644.4,Standard,Regular,Wednesday,October,Rain,Low,2,1,8.7,127.0,0
ORD-101910,Hyderabad,Delhi,Electronics,14681.0,1610.2,Express,Regular,Saturday,September,Rain,Low,1,1,13.8,370.0,0
ORD-103170,Bengaluru,Coimbatore,Beauty,971.0,271.8,Economy,Regular,Wednesday,December,Clear,Medium,3,1,18.5,80.0,0
ORD-103986,Mumbai,Visakhapatnam,Home & Kitchen,4328.0,1488.9,Standard,Regular,Friday,February,Clear,Low,2,1,5.9,182.0,1
ORD-104211,Chennai,Ahmedabad,Home & Kitchen,3630.0,1715.8,Express,Premium,Friday,October,Clear,Medium,1,2,18.8,264.0,0
ORD-104868,Delhi,Bengaluru,Beauty,433.0,2133.6,Standard,Regular,Monday,March,Cloudy,Low,2,1,17.9,211.0,1
ORD-105941,Chennai,Indore,Sports,10498.0,1565.6,Express,Premium,Wednesday,December,Fog,High,5,0,19.2,367.0,0
ORD-104861,Bengaluru,Delhi,Electronics,14347.0,2050.9,Standard,Premium,Wednesday,February,Fog,High,2,1,13.6,229.0,0
ORD-103286,Chennai,Bengaluru,Sports,5816.0,387.7,Standard,New,Wednesday,October,Cloudy,Medium,3,0,27.3,132.0,0
ORD-101785,Delhi,Delhi,Electronics,17510.0,39.1,Standard,Regular,Saturday,October,Clear,Low,3,2,20.4,113.0,1
ORD-101238,Delhi,Kolkata,Books,4575.0,1618.0,Standard,Regular,Thursday,April,Clear,Medium,4,1,13.0,225.0,0
ORD-105040,Kolkata,Nagpur,Electronics,8753.0,1198.0,Standard,Regular,Friday,April,Cloudy,Low,1,2,12.5,182.0,0
ORD-103066,Bengaluru,Kochi,Beauty,1654.0,448.1,Standard,Regular,Monday,December,Storm,Low,2,2,11.3,107.0,0
ORD-103950,Delhi,Jaipur,Clothing,1980.0,289.4,Express,Premium,Friday,June,Cloudy,Low,4,0,11.6,165.0,0
ORD-104914,Hyderabad,Kolkata,Clothing,875.0,1426.4,Express,Regular,Tuesday,February,Fog,Medium,1,1,20.8,,0
ORD-105981,Bengaluru,Indore,Sports,3408.0,1386.3,Economy,Regular,Friday,May,Clear,High,2,0,8.8,132.0,0
ORD-102187,Kolkata,Delhi,Clothing,4181.0,1624.4,Economy,New,Saturday,November,Clear,High,4,0,11.5,174.0,1
ORD-104840,Mumbai,Lucknow,Electronics,6533.0,1508.9,Express,New,Monday,October,Clear,High,1,0,28.7,303.0,1
ORD-100909,Delhi,Visakhapatnam,Groceries,2636.0,1721.6,Economy,Regular,Saturday,June,Cloudy,Medium,8,0,5.2,217.0,0
ORD-103780,Hyderabad,Mumbai,Books,923.0,782.1,Express,Regular,Sunday,August,Rain,High,1,1,8.4,174.0,0
ORD-101304,Delhi,Hyderabad,Books,538.0,1647.3,Economy,Regular,Sunday,March,Cloudy,Low,2,0,20.9,,0
ORD-105656,Mumbai,Kochi,Electronics,21778.0,1342.6,Economy,New,Monday,August,Rain,Medium,2,2,16.3,145.0,1
ORD-101628,Mumbai,Patna,Groceries,4557.0,1821.2,Express,Regular,Sunday,July,Cloudy,Low,11,0,9.8,632.0,0
ORD-101523,Hyderabad,Hyderabad,Books,672.0,28.0,Express,New,Wednesday,October,Rain,Medium,3,0,5.3,136.0,0
ORD-100836,Bengaluru,Bhopal,Furniture,30216.0,1450.2,Express,Premium,Tuesday,July,Rain,Medium,1,2,18.3,355.0,0
ORD-100359,Bengaluru,Indore,Furniture,27038.0,1360.8,Economy,Regular,Tuesday,February,Rain,Low,1,1,29.6,159.0,0
ORD-100139,Kolkata,Chandigarh,Beauty,479.0,1820.9,Standard,Regular,Friday,January,Fog,Low,1,3,20.7,211.0,0
ORD-100300,Chennai,Visakhapatnam,Groceries,732.0,752.2,Standard,Regular,Friday,July,Clear,High,3,1,19.4,140.0,0
ORD-101557,Hyderabad,Coimbatore,Home & Kitchen,3483.0,867.4,Economy,New,Friday,March,Cloudy,Low,1,1,5.8,83.0,0
ORD-101004,Mumbai,Indore,Beauty,1089.0,619.4,Economy,New,Saturday,February,Cloudy,Medium,1,0,12.8,72.0,0
ORD-100383,Kolkata,Kolkata,Home & Kitchen,11056.0,36.7,Economy,Regular,Wednesday,February,Clear,Medium,2,0,10.7,66.0,0
ORD-104095,Mumbai,Nagpur,Clothing,2588.0,917.2,Standard,Regular,Friday,November,Cloudy,Medium,3,1,8.2,165.0,0
ORD-100762,Mumbai,Kochi,Electronics,30623.0,1297.6,Standard,Regular,Sunday,May,Clear,Medium,1,2,17.6,237.0,0
ORD-103685,Mumbai,Bhopal,Home & Kitchen,1896.0,819.2,Economy,Regular,Wednesday,October,Rain,Low,3,0,19.1,115.0,1
ORD-100812,Mumbai,Chennai,Home & Kitchen,7204.0,1315.9,Standard,Regular,Thursday,December,Cloudy,Medium,2,2,15.2,197.0,0
ORD-105690,Hyderabad,Kolkata,Books,490.0,1493.1,Standard,Regular,Monday,July,Clear,Low,1,1,7.8,176.0,0
ORD-104896,Bengaluru,Visakhapatnam,Electronics,58753.0,938.0,Standard,New,Wednesday,December,Fog,Medium,2,1,15.7,214.0,0
ORD-104158,Mumbai,Mumbai,Beauty,2447.0,40.8,Economy,Regular,Sunday,March,Cloudy,Medium,3,0,7.4,60.0,0
ORD-101403,Hyderabad,Coimbatore,Books,1619.0,962.6,Standard,Regular,Sunday,December,Fog,High,8,2,11.2,227.0,1
ORD-102964,Bengaluru,Jaipur,Electronics,19927.0,1867.4,Standard,Regular,Wednesday,January,Clear,Medium,3,2,27.9,257.0,0
ORD-105196,Hyderabad,Kochi,Electronics,3098.0,1138.2,Economy,New,Monday,January,,Low,1,0,6.5,116.0,0
ORD-101933,Kolkata,Bengaluru,Electronics,15601.0,2056.1,Express,Regular,Saturday,November,Clear,Medium,1,1,40.5,461.0,1
ORD-105283,Hyderabad,Indore,Clothing,1902.0,826.8,Standard,Premium,Thursday,October,Fog,Low,2,0,9.6,112.0,0
ORD-102958,Mumbai,Kolkata,Clothing,2616.0,2075.5,Express,Regular,Monday,February,Clear,Medium,3,0,9.1,443.0,0
ORD-104823,Chennai,Chandigarh,Sports,2223.0,2537.9,Standard,New,Tuesday,July,Clear,Medium,2,0,15.2,319.0,1
ORD-105171,Chennai,Bengaluru,Beauty,1717.0,366.0,Economy,Regular,Tuesday,May,Clear,High,2,1,6.9,90.0,0
ORD-102887,Mumbai,Bengaluru,Clothing,2090.0,998.6,Economy,Regular,Sunday,July,Rain,Medium,4,3,6.0,163.0,1
ORD-103952,Hyderabad,Visakhapatnam,Electronics,9983.0,622.8,Express,Premium,Friday,March,Clear,,2,0,29.6,193.0,0
ORD-103440,Bengaluru,Chandigarh,Groceries,1325.0,2477.2,Standard,Regular,Friday,October,Clear,High,5,0,8.5,308.0,0
ORD-100059,Mumbai,Mumbai,Furniture,12225.0,22.4,Standard,New,Sunday,August,Storm,Medium,1,1,45.0,70.0,0
ORD-100077,Delhi,Kolkata,Clothing,1743.0,1683.3,Standard,Regular,Saturday,March,Clear,Medium,3,1,18.4,241.0,0
ORD-100797,Mumbai,Mumbai,Home & Kitchen,2492.0,40.4,Standard,Regular,Saturday,October,Clear,Medium,1,0,15.5,51.0,0
ORD-102417,Delhi,Pune,Books,610.0,1390.8,Economy,Regular,Thursday,September,Rain,Low,2,0,10.1,146.0,0
ORD-104041,Bengaluru,Ahmedabad,Clothing,2940.0,1509.9,Standard,New,Friday,October,Clear,Medium,4,2,14.1,205.0,0
ORD-104429,Delhi,Hyderabad,Books,841.0,1599.5,Economy,Regular,Thursday,May,Clear,High,2,0,22.0,159.0,1
ORD-100786,Delhi,Indore,Electronics,25509.0,804.2,Standard,New,Saturday,March,Clear,Low,2,1,40.4,155.0,0
ORD-104320,Delhi,Hyderabad,Sports,3304.0,1575.5,Express,Regular,Thursday,January,Fog,Medium,3,1,10.0,327.0,0
ORD-103045,Chennai,Coimbatore,Beauty,1808.0,556.6,Standard,New,Monday,February,Fog,Medium,3,0,13.7,122.0,0
ORD-102218,Hyderabad,Jaipur,Groceries,2015.0,1464.0,Express,Premium,Thursday,May,Clear,Low,7,2,17.8,388.0,0
ORD-102843,Delhi,Bhopal,Books,1288.0,744.8,Standard,Premium,Wednesday,December,Cloudy,High,2,1,14.6,110.0,0
ORD-102692,Delhi,Coimbatore,Sports,3067.0,2620.5,Standard,Regular,Tuesday,October,Clear,Low,2,2,12.8,298.0,0
ORD-105256,Kolkata,Bengaluru,Sports,7505.0,1960.9,Standard,Regular,Monday,October,Clear,Medium,2,1,10.4,242.0,1
ORD-102804,Bengaluru,Chennai,Home & Kitchen,2479.0,369.7,Standard,Premium,Thursday,May,Rain,Medium,1,0,18.9,68.0,0
ORD-103647,Delhi,Hyderabad,Home & Kitchen,1717.0,1628.6,Standard,Premium,Friday,August,Clear,High,3,0,34.9,159.0,1
ORD-105789,Kolkata,Mumbai,Groceries,1911.0,1942.8,Standard,Regular,Friday,April,Clear,Low,4,2,31.0,264.0,1
ORD-100911,Kolkata,Lucknow,Books,791.0,1159.6,Express,Premium,Friday,December,Fog,Medium,1,1,14.9,194.0,0
ORD-102173,Bengaluru,Kochi,Home & Kitchen,4555.0,476.1,Standard,Premium,Saturday,June,Cloudy,High,3,1,8.4,113.0,0
ORD-103594,Mumbai,Kolkata,Sports,4262.0,2103.7,Priority,Premium,Thursday,September,Rain,High,3,0,17.1,589.0,0
ORD-102310,Hyderabad,Visakhapatnam,Electronics,7603.0,617.4,Express,Regular,Sunday,April,Rain,Medium,1,0,19.1,186.0,0
ORD-105674,Bengaluru,Mumbai,Electronics,28814.0,1026.8,Economy,Regular,Thursday,October,Clear,Low,2,0,41.6,165.0,0
ORD-101258,Kolkata,Patna,Furniture,6314.0,579.8,Economy,New,Sunday,March,Cloudy,Low,2,0,20.3,91.0,0
ORD-102496,Bengaluru,Indore,Groceries,3500.0,1376.4,Express,Regular,Sunday,April,Clear,Medium,4,1,2.1,369.0,0
ORD-104565,Mumbai,Kolkata,Home & Kitchen,5284.0,1981.0,Economy,Premium,Sunday,December,Storm,Medium,1,0,12.4,179.0,1
ORD-103648,Delhi,Indore,Sports,5331.0,838.8,Economy,Premium,Monday,December,Rain,Medium,5,0,12.4,145.0,0
ORD-101179,Mumbai,Pune,Beauty,1101.0,159.0,Economy,Regular,Sunday,April,Clear,Medium,1,0,10.7,55.0,0
ORD-104558,Chennai,Bengaluru,Clothing,627.0,362.5,Standard,Premium,Tuesday,December,Clear,Medium,2,0,6.1,84.0,0
ORD-105481,Mumbai,Kochi,Beauty,2754.0,1297.4,Standard,Premium,Wednesday,November,Clear,Medium,3,2,17.0,180.0,0
ORD-100443,Chennai,Nagpur,Electronics,7617.0,1139.4,Express,Premium,Wednesday,January,,Low,1,1,,,0
ORD-101400,Delhi,Mumbai,Books,524.0,1482.5,Economy,Regular,Tuesday,October,Cloudy,Medium,3,2,19.8,175.0,0
ORD-105947,Mumbai,Bhopal,Beauty,296.0,821.6,Standard,Regular,Sunday,September,Rain,Low,1,0,5.7,116.0,0
ORD-104970,Chennai,Delhi,Groceries,3435.0,2175.1,Standard,Premium,Wednesday,April,Clear,Medium,7,0,4.6,312.0,0
ORD-105776,Mumbai,Ahmedabad,Electronics,15450.0,542.9,Express,Premium,Friday,December,Fog,Medium,1,2,26.6,185.0,0
ORD-101055,Delhi,Bhopal,Books,3542.0,724.6,Standard,New,Wednesday,July,Clear,High,4,0,14.4,148.0,1
ORD-103913,Kolkata,Patna,Home & Kitchen,4747.0,601.9,Standard,Regular,Sunday,November,Clear,Low,1,1,40.4,94.0,0
ORD-104642,Mumbai,Nagpur,Groceries,7263.0,792.6,Standard,New,Monday,September,Rain,Medium,8,1,10.6,180.0,0
ORD-103107,Delhi,Chandigarh,Home & Kitchen,16347.0,294.2,Standard,Regular,Friday,April,Rain,Medium,5,1,19.1,,1
ORD-101416,Kolkata,Nagpur,Clothing,7154.0,1039.1,Standard,New,Tuesday,October,Cloudy,Medium,6,0,14.7,229.0,0
ORD-102373,Delhi,Chandigarh,Sports,4514.0,305.8,Economy,Regular,Sunday,December,Clear,Low,3,0,27.4,83.0,0
ORD-104699,Bengaluru,Patna,Home & Kitchen,1949.0,2020.5,Standard,Regular,Tuesday,January,Cloudy,Medium,1,2,11.5,286.0,0
ORD-103034,Delhi,Patna,Clothing,694.0,1132.3,Standard,Regular,Saturday,April,Clear,Low,2,1,18.2,156.0,0
ORD-102842,Delhi,Bhopal,Furniture,6170.0,706.8,Standard,Regular,Friday,October,Clear,Low,1,2,28.9,116.0,0
ORD-104560,Chennai,Nagpur,Furniture,10597.0,1137.7,Standard,Premium,Friday,December,Fog,Medium,1,1,19.6,170.0,1
ORD-104924,Kolkata,Delhi,Electronics,14731.0,1602.0,Express,Regular,Monday,February,Clear,Low,1,0,13.3,331.0,0
ORD-101503,Delhi,Chandigarh,Groceries,5438.0,313.1,Standard,Regular,Friday,October,Clear,Medium,11,1,14.1,190.0,0
ORD-104100,Hyderabad,Chennai,Home & Kitchen,8606.0,631.3,Economy,Regular,Sunday,May,Rain,Low,2,2,9.9,109.0,0
ORD-104812,Chennai,Kochi,Home & Kitchen,2553.0,678.5,Priority,Regular,Monday,April,Clear,Medium,2,1,8.0,298.0,0
ORD-102012,Delhi,Lucknow,Home & Kitchen,2357.0,556.6,Standard,Regular,Sunday,May,Clear,Low,3,2,14.2,168.0,0
ORD-104590,Hyderabad,Jaipur,Sports,3735.0,1427.7,Standard,Regular,Sunday,July,Clear,High,2,0,22.8,171.0,1
ORD-103132,Hyderabad,Lucknow,Home & Kitchen,1986.0,1254.0,Standard,Regular,Monday,December,Cloudy,High,2,1,7.7,197.0,1
ORD-102919,Mumbai,Nagpur,Sports,1870.0,943.3,Standard,Regular,Saturday,June,Storm,Low,3,1,30.5,154.0,0
ORD-104884,Delhi,Nagpur,Beauty,885.0,1073.1,Priority,Premium,Wednesday,April,Cloudy,Low,2,2,12.9,348.0,0
ORD-104576,Mumbai,Kolkata,Sports,3634.0,1979.7,Standard,Regular,Saturday,April,Cloudy,Low,2,2,4.0,219.0,0
ORD-104206,Chennai,Jaipur,Books,4121.0,1986.0,Express,Regular,Saturday,March,Storm,Low,3,1,13.1,384.0,1
ORD-100007,Kolkata,Kolkata,Furniture,30118.0,16.7,Express,New,Saturday,November,Clear,Medium,1,1,38.7,135.0,0
ORD-102488,Kolkata,Bengaluru,Home & Kitchen,9414.0,2038.4,Economy,New,Friday,June,Clear,High,2,1,30.0,245.0,1
ORD-100679,Mumbai,Ahmedabad,Furniture,12608.0,550.7,Standard,Premium,Saturday,May,Clear,Medium,1,1,18.5,112.0,0
ORD-101944,Mumbai,Indore,Home & Kitchen,,620.4,Standard,Regular,Sunday,August,Clear,High,2,0,18.0,103.0,1
ORD-103796,Chennai,Kochi,Clothing,3750.0,679.1,Economy,Regular,Tuesday,August,Rain,Low,3,1,8.7,114.0,0
ORD-105575,Delhi,Mumbai,Groceries,1416.0,1341.4,Standard,New,Sunday,December,Clear,Medium,5,1,5.5,287.0,0
ORD-103400,Chennai,Kolkata,Books,2120.0,1601.9,Standard,New,Thursday,September,Clear,Low,3,0,16.7,221.0,0
ORD-104648,Mumbai,Mumbai,Home & Kitchen,4059.0,18.7,Express,Premium,Friday,March,Rain,High,1,1,9.2,82.0,0
ORD-103888,Kolkata,Mumbai,Electronics,13862.0,2023.6,Standard,Regular,Wednesday,December,Clear,Medium,2,0,13.2,275.0,0
ORD-102608,Delhi,Lucknow,Beauty,2523.0,573.2,Standard,New,Tuesday,January,Storm,Medium,2,0,6.8,119.0,1
ORD-105637,Delhi,Mumbai,Sports,2181.0,1458.6,Standard,Regular,Friday,July,Rain,Low,2,1,7.0,188.0,0
ORD-105571,Mumbai,Mumbai,Clothing,3082.0,25.4,Standard,New,Thursday,March,Clear,High,2,0,17.2,70.0,1
ORD-101065,Delhi,Delhi,Home & Kitchen,10881.0,21.0,Economy,Regular,Wednesday,April,,High,3,2,44.2,71.0,0
ORD-104333,Mumbai,Jaipur,Electronics,14282.0,1164.8,Standard,Regular,Thursday,August,Cloudy,Medium,2,0,25.8,196.0,0
ORD-102243,Delhi,Visakhapatnam,Electronics,14582.0,1632.4,Standard,Regular,Wednesday,November,Cloudy,Low,2,0,11.7,231.0,0
ORD-101475,Bengaluru,Delhi,Groceries,2532.0,2149.3,Standard,Premium,Monday,May,Rain,Medium,6,0,5.1,317.0,0
ORD-105490,Chennai,Lucknow,Home & Kitchen,3440.0,1894.9,Standard,Regular,Tuesday,November,Fog,Medium,1,0,23.4,206.0,0
ORD-101890,Bengaluru,Kolkata,Groceries,1542.0,1830.9,Express,New,Tuesday,November,Clear,High,4,0,14.6,373.0,0
ORD-103529,Kolkata,Mumbai,Electronics,,2127.9,Express,Premium,Thursday,October,Cloudy,High,2,0,28.3,377.0,1
ORD-102022,Mumbai,Chennai,Sports,1894.0,1231.9,Express,New,Saturday,October,Cloudy,High,2,1,10.8,241.0,0
ORD-104765,Delhi,Kolkata,Beauty,1747.0,1633.9,Express,Regular,Saturday,November,Clear,Low,2,2,9.2,343.0,0
ORD-105200,Bengaluru,Bengaluru,Sports,651.0,41.5,Standard,New,Thursday,August,Rain,Low,2,0,9.3,64.0,0
ORD-102659,Mumbai,Jaipur,Clothing,2191.0,1117.9,Standard,Regular,Wednesday,August,Storm,Low,4,0,22.3,151.0,0
ORD-102468,Bengaluru,Indore,Beauty,1303.0,1569.5,Standard,New,Saturday,September,Rain,High,1,1,3.0,178.0,0
ORD-102810,Mumbai,Patna,Books,517.0,1935.4,Standard,Regular,Thursday,July,Storm,Low,3,0,12.2,238.0,1
ORD-101131,Hyderabad,Hyderabad,Electronics,17425.0,32.2,Express,Regular,Tuesday,August,Cloudy,Low,2,1,10.7,177.0,0
ORD-101462,Bengaluru,Jaipur,Books,412.0,1839.2,Standard,Regular,Sunday,May,Cloudy,Low,1,1,15.3,230.0,0
ORD-103218,Mumbai,Visakhapatnam,Sports,8231.0,1340.3,Express,Premium,Wednesday,August,Rain,Low,3,1,3.4,319.0,0
ORD-105484,Delhi,Kolkata,Electronics,22682.0,1709.4,Economy,Regular,Sunday,August,Clear,High,2,2,8.1,209.0,1
ORD-104464,Hyderabad,Kolkata,Groceries,4441.0,1439.9,Economy,Regular,Wednesday,October,Clear,High,11,0,2.7,260.0,0
ORD-104889,Delhi,Delhi,Electronics,17339.0,11.2,Standard,Premium,Friday,October,Cloudy,Medium,1,1,23.2,76.0,0
ORD-100223,Chennai,Jaipur,Clothing,2349.0,2029.0,Priority,Premium,Tuesday,March,Rain,Medium,3,0,4.5,544.0,0
ORD-105885,Bengaluru,Coimbatore,Electronics,9721.0,282.7,Standard,Regular,Wednesday,July,,,2,0,18.6,97.0,0
ORD-100049,Chennai,Chennai,Sports,2523.0,28.0,Express,Regular,Wednesday,October,Clear,Low,4,1,30.2,135.0,0
ORD-100574,Kolkata,Kochi,Electronics,10345.0,2551.6,Standard,Regular,Monday,October,Fog,Low,1,1,28.3,266.0,1
ORD-101237,Mumbai,Delhi,Groceries,982.0,1394.5,Economy,Regular,Wednesday,October,Clear,Medium,4,1,13.7,178.0,1
ORD-104607,Kolkata,Delhi,Home & Kitchen,,1607.8,Standard,Regular,Tuesday,March,Clear,Medium,2,2,30.0,224.0,1
ORD-105874,Mumbai,Ahmedabad,Home & Kitchen,1567.0,541.8,Standard,Regular,Wednesday,July,Cloudy,High,2,0,13.8,127.0,0
ORD-105693,Bengaluru,Chandigarh,Home & Kitchen,6424.0,2567.6,Standard,New,Wednesday,September,Storm,,2,0,23.1,341.0,1
ORD-102283,Delhi,Delhi,Furniture,9296.0,35.6,Standard,Regular,Thursday,July,Rain,Low,1,1,19.1,66.0,0
ORD-104093,Kolkata,Bhopal,Clothing,2577.0,1401.8,Standard,Premium,Tuesday,January,Clear,High,2,0,11.6,148.0,0
ORD-100268,Mumbai,Mumbai,Home & Kitchen,13315.0,14.3,Standard,Regular,Friday,March,Cloudy,High,2,1,8.1,84.0,0
ORD-101105,Mumbai,Chennai,Clothing,1795.0,1333.4,Economy,Regular,Friday,January,Clear,High,1,0,9.6,131.0,1
ORD-102306,Delhi,Bengaluru,Electronics,40757.0,2201.8,Express,Premium,Saturday,December,Fog,Medium,3,1,23.1,447.0,1
ORD-104764,Bengaluru,Mumbai,Electronics,39309.0,1094.4,Standard,Regular,Monday,October,Storm,Low,3,1,23.6,246.0,0
ORD-101936,Mumbai,Coimbatore,Clothing,3485.0,1223.9,Priority,Regular,Sunday,July,Rain,Low,3,0,12.6,450.0,0
ORD-100387,Chennai,Chennai,Electronics,11704.0,14.9,Priority,Premium,Saturday,November,Clear,Medium,1,0,19.3,114.0,0
ORD-101702,Hyderabad,Indore,Electronics,,863.6,Priority,Regular,Sunday,November,Cloudy,Low,1,0,34.1,327.0,0
ORD-101629,Mumbai,Bengaluru,Home & Kitchen,5214.0,1020.2,Express,Regular,Wednesday,August,Rain,Medium,3,0,17.3,307.0,0
ORD-105983,Kolkata,Hyderabad,Clothing,1120.0,1478.8,Standard,New,Thursday,December,Fog,High,4,0,23.4,231.0,1
ORD-102715,Kolkata,Ahmedabad,Sports,3422.0,2170.6,Express,Regular,Tuesday,March,Storm,High,4,0,12.8,422.0,1
ORD-103048,Chennai,Delhi,Sports,4254.0,2278.3,Standard,Regular,Thursday,February,Cloudy,Low,2,0,9.3,287.0,1
ORD-105296,Bengaluru,Nagpur,Electronics,5535.0,1150.3,Express,Regular,Tuesday,November,Clear,High,1,1,11.1,299.0,1
ORD-101564,Hyderabad,Hyderabad,Electronics,15093.0,21.9,Standard,Regular,Wednesday,November,Clear,High,3,0,25.4,105.0,0
ORD-102761,Chennai,Kochi,Books,942.0,681.4,Economy,Regular,Wednesday,December,Fog,Low,1,1,6.0,88.0,0
ORD-103654,Mumbai,Kolkata,Home & Kitchen,3412.0,2053.8,Economy,New,Thursday,April,Clear,High,3,2,15.8,224.0,1
ORD-100210,Bengaluru,Nagpur,Clothing,1350.0,1144.2,Standard,Regular,Friday,April,Cloudy,Low,1,1,,173.0,0
ORD-100910,Delhi,Delhi,Beauty,1415.0,8.8,Express,Regular,Saturday,June,Rain,High,2,1,16.7,107.0,0
ORD-101290,Bengaluru,Chandigarh,Home & Kitchen,2645.0,2583.8,Standard,Regular,Thursday,July,Rain,High,3,1,11.7,311.0,1
ORD-104676,Mumbai,Jaipur,Home & Kitchen,3651.0,1206.2,Express,Premium,Monday,January,Fog,Medium,1,0,15.7,229.0,1
ORD-103935,Bengaluru,Patna,Clothing,7816.0,1938.1,Standard,Regular,Sunday,April,Rain,Low,3,0,3.8,261.0,0
ORD-101843,Mumbai,Bengaluru,Home & Kitchen,8108.0,1006.4,Standard,New,Sunday,February,Fog,Medium,4,0,20.0,206.0,0
ORD-102498,Mumbai,Patna,Clothing,2749.0,1918.4,Economy,New,Saturday,November,Rain,Low,1,0,10.4,198.0,1
ORD-104953,Delhi,Delhi,Sports,2036.0,44.3,Standard,Premium,Wednesday,April,Clear,High,3,1,17.2,69.0,0
ORD-104323,Bengaluru,Chennai,Clothing,1174.0,347.9,Standard,Premium,Friday,November,Rain,High,1,0,2.7,71.0,0
ORD-100959,Bengaluru,Delhi,Groceries,812.0,2318.1,Express,Regular,Friday,June,Cloudy,Medium,5,3,6.4,490.0,0
ORD-101794,Chennai,Delhi,Electronics,25270.0,2248.4,Priority,Premium,Tuesday,April,Cloudy,Low,3,1,22.6,642.0,0
ORD-102089,Chennai,Hyderabad,Groceries,2350.0,645.4,Priority,Premium,Wednesday,February,Fog,High,6,0,25.5,344.0,0
ORD-102703,Delhi,Chennai,Sports,2470.0,2370.1,Economy,New,Monday,March,Clear,Medium,1,1,14.7,218.0,0
ORD-100332,Mumbai,Pune,Beauty,859.0,157.4,Express,Premium,Sunday,March,Cloudy,High,1,0,14.6,97.0,0
ORD-103407,Bengaluru,Hyderabad,Books,1158.0,604.6,Standard,New,Sunday,June,Storm,Medium,2,1,6.3,123.0,0
ORD-105295,Kolkata,Hyderabad,Groceries,6285.0,1439.4,Standard,New,Sunday,May,Clear,Low,9,0,5.4,275.0,0
ORD-104309,Hyderabad,Kolkata,Clothing,1067.0,1491.2,Standard,Regular,Wednesday,July,Rain,High,2,0,4.5,154.0,0
ORD-102460,Bengaluru,Jaipur,Beauty,2698.0,1987.9,Standard,Premium,Tuesday,September,Cloudy,Low,3,0,5.1,222.0,1
ORD-101775,Chennai,Kolkata,Electronics,5980.0,1633.8,Standard,Premium,Friday,April,Clear,Low,1,2,15.6,167.0,0
ORD-104253,Mumbai,Patna,Groceries,1218.0,1880.4,Express,Regular,Saturday,November,Rain,Low,2,0,13.6,361.0,0
ORD-105736,Hyderabad,Patna,Electronics,32980.0,1483.9,Standard,Regular,Friday,October,Clear,Low,4,1,9.2,308.0,0
ORD-105759,Delhi,Coimbatore,Clothing,1325.0,2451.4,Priority,Premium,Friday,November,Clear,Medium,2,0,32.1,527.0,1
ORD-103662,Hyderabad,Mumbai,Sports,1436.0,821.3,Standard,New,Sunday,July,Clear,High,6,1,12.0,190.0,0
ORD-104916,Kolkata,Visakhapatnam,Furniture,17965.0,973.1,Priority,Regular,Monday,August,Clear,Low,1,1,36.3,469.0,1
ORD-104716,Mumbai,Coimbatore,Clothing,4330.0,1227.5,Standard,Premium,Friday,October,Clear,High,3,1,28.4,175.0,1
ORD-103845,Hyderabad,Chennai,Books,891.0,652.5,Economy,New,Friday,November,Storm,Medium,3,0,7.7,114.0,0
ORD-102869,Hyderabad,Delhi,Electronics,9069.0,1573.3,Standard,Premium,Monday,September,Cloudy,High,1,0,33.9,151.0,0
ORD-101711,Kolkata,Hyderabad,Home & Kitchen,3033.0,1510.8,Standard,New,Friday,January,Fog,Medium,4,0,13.9,295.0,0
ORD-104625,Mumbai,Hyderabad,Electronics,6271.0,780.7,Express,Regular,Thursday,June,Storm,Low,1,0,12.7,174.0,0
ORD-102479,Delhi,Chennai,Home & Kitchen,4968.0,2162.9,Standard,Regular,Thursday,May,Clear,Medium,2,1,8.1,271.0,1
ORD-101367,Mumbai,Chandigarh,Home & Kitchen,8834.0,1678.2,Standard,New,Sunday,October,Clear,High,4,1,8.0,234.0,1
ORD-100174,Hyderabad,Hyderabad,Books,773.0,28.5,Standard,New,Tuesday,May,Clear,High,1,0,12.0,50.0,0
ORD-100859,Delhi,Chennai,Books,1415.0,2232.5,Standard,Regular,Wednesday,September,Cloudy,Medium,2,1,15.5,256.0,0
ORD-104463,Delhi,Ahmedabad,Books,331.0,1023.7,Express,Regular,Tuesday,March,Clear,Medium,2,1,8.5,250.0,0
ORD-104369,Mumbai,Hyderabad,Home & Kitchen,5462.0,834.5,Standard,Regular,Friday,February,Fog,High,1,0,21.3,128.0,1
ORD-105966,Delhi,Bengaluru,Home & Kitchen,30526.0,2147.1,Economy,New,Monday,April,Clear,High,6,0,18.4,267.0,1
ORD-105088,Delhi,Kochi,Electronics,12963.0,2570.1,Express,Regular,Friday,December,Clear,Low,1,0,22.4,453.0,0
ORD-101953,Kolkata,Patna,Electronics,48678.0,581.4,Standard,New,Monday,July,Cloudy,Medium,3,0,11.4,180.0,0
ORD-105087,Kolkata,Lucknow,Clothing,1253.0,1129.7,Express,Regular,Wednesday,December,Storm,Low,2,1,17.5,255.0,0
ORD-103426,Bengaluru,Mumbai,Electronics,13824.0,1037.4,Standard,Regular,Monday,November,Clear,High,1,0,18.5,147.0,1
ORD-102037,Hyderabad,Hyderabad,Books,686.0,41.7,Express,Regular,Thursday,March,Rain,High,1,0,14.6,85.0,0
ORD-104696,Chennai,Bengaluru,Home & Kitchen,5835.0,335.1,Standard,New,Monday,October,Fog,High,3,0,,108.0,0
ORD-104443,Kolkata,Visakhapatnam,Clothing,6326.0,1002.1,Priority,Premium,Thursday,September,Rain,Medium,3,0,28.8,367.0,0
ORD-100019,Kolkata,Lucknow,Clothing,3547.0,1098.4,Express,Premium,Sunday,October,Clear,Medium,2,1,16.7,222.0,0
ORD-100001,Kolkata,Hyderabad,Groceries,5632.0,1484.0,Economy,New,Saturday,March,Clear,Medium,3,0,24.8,,0
ORD-102175,Delhi,Bengaluru,Home & Kitchen,2338.0,2161.8,Standard,Regular,Wednesday,September,Rain,High,2,1,17.6,257.0,1
ORD-101357,Bengaluru,Lucknow,Beauty,2011.0,1957.1,Economy,New,Wednesday,December,Fog,High,2,0,6.6,229.0,0
ORD-104509,Chennai,Ahmedabad,Home & Kitchen,3741.0,1764.8,Standard,Regular,Sunday,January,Storm,Low,2,3,19.9,186.0,1
ORD-103248,Kolkata,Delhi,Home & Kitchen,864.0,1624.7,Express,Premium,Tuesday,February,Fog,Medium,2,0,19.7,300.0,0
ORD-102827,Bengaluru,Lucknow,Home & Kitchen,2312.0,1941.7,Standard,New,Tuesday,June,Rain,Medium,3,0,19.0,254.0,0
ORD-105572,Mumbai,Visakhapatnam,Clothing,1262.0,1375.8,Priority,Premium,Tuesday,November,Clear,Low,2,1,17.0,316.0,0
ORD-100397,Kolkata,Mumbai,Home & Kitchen,4927.0,2054.6,Express,Premium,Sunday,August,Rain,Medium,3,0,24.7,386.0,1
ORD-104551,Mumbai,Pune,Furniture,51906.0,144.3,Standard,Regular,Friday,August,Rain,Medium,4,2,26.1,155.0,1
ORD-103414,Mumbai,Visakhapatnam,Electronics,55680.0,1365.9,Priority,Premium,Thursday,September,Rain,High,2,0,45.5,521.0,0
ORD-101813,Chennai,Kolkata,Electronics,18629.0,1663.6,Economy,New,Tuesday,November,Fog,Medium,3,0,20.6,195.0,1
ORD-103689,Bengaluru,Bengaluru,Groceries,3368.0,17.4,Standard,Regular,Thursday,October,Fog,Low,4,1,5.4,85.0,0
ORD-104391,Mumbai,Kolkata,Electronics,11609.0,2081.2,Standard,New,Thursday,February,Fog,High,3,3,16.9,266.0,1
ORD-100817,Hyderabad,Kolkata,Furniture,42940.0,1413.5,Express,New,Thursday,January,Clear,Medium,2,2,23.3,350.0,0
ORD-101573,Bengaluru,Bengaluru,Electronics,32989.0,43.5,Economy,Regular,Monday,March,Clear,Medium,2,2,14.2,91.0,0
ORD-105919,Kolkata,Visakhapatnam,Home & Kitchen,2877.0,959.6,Standard,New,Saturday,August,Storm,Medium,2,0,14.0,144.0,1
ORD-101801,Bengaluru,Chandigarh,Sports,3921.0,2616.1,Economy,Regular,Wednesday,December,Clear,Medium,2,0,13.2,231.0,1
ORD-102281,Delhi,Hyderabad,Groceries,1491.0,1555.6,Express,Regular,Sunday,December,Cloudy,Low,4,3,18.3,378.0,1
ORD-105960,Delhi,Chandigarh,Clothing,4480.0,300.1,Express,Premium,Thursday,April,Cloudy,Medium,4,1,23.6,,0
ORD-104790,Chennai,Chandigarh,Sports,2796.0,2349.4,Standard,Regular,Monday,November,Clear,Low,2,0,10.4,243.0,0
ORD-103993,Mumbai,Delhi,Groceries,2164.0,1338.4,Priority,Regular,Monday,May,Rain,Medium,5,1,11.5,475.0,0
ORD-104580,Mumbai,Bengaluru,Books,1465.0,1034.4,Standard,Regular,Friday,March,Cloudy,Low,3,0,1.9,161.0,0
ORD-103699,Mumbai,Bhopal,Home & Kitchen,4994.0,784.3,Standard,Regular,Monday,August,Rain,Low,3,3,20.4,147.0,0
ORD-105222,Bengaluru,Kolkata,Clothing,3413.0,1943.0,Economy,Regular,Monday,September,,Low,2,0,13.9,189.0,0
ORD-103941,Mumbai,Patna,Groceries,1732.0,1926.6,Standard,New,Wednesday,May,Cloudy,Medium,7,0,15.7,306.0,1
ORD-103528,Mumbai,Bengaluru,Beauty,903.0,1046.5,Standard,Premium,Friday,November,Rain,High,2,1,6.1,168.0,0
ORD-103383,Hyderabad,Hyderabad,Electronics,20750.0,41.3,Express,Regular,Tuesday,March,Clear,Medium,3,1,26.0,172.0,0
ORD-105109,Bengaluru,Hyderabad,Electronics,55697.0,581.9,Economy,Regular,Thursday,September,Rain,Medium,3,3,7.9,176.0,1
ORD-104340,Kolkata,Lucknow,Electronics,5140.0,1085.1,Standard,Regular,Friday,May,Clear,Low,1,2,24.6,146.0,0
ORD-100555,Mumbai,Bhopal,Groceries,966.0,865.7,Standard,Regular,Thursday,October,Clear,High,4,1,24.5,180.0,0
ORD-101160,Kolkata,Bhopal,Electronics,10894.0,1408.2,Express,Regular,Tuesday,November,Clear,Medium,2,0,27.0,316.0,0
ORD-101214,Delhi,Kochi,Clothing,2385.0,2615.4,Standard,Regular,Friday,September,Rain,Medium,5,2,12.2,359.0,1
ORD-103197,Bengaluru,Jaipur,Furniture,22021.0,1906.4,Priority,Premium,Sunday,December,Rain,Low,1,1,38.9,538.0,0
ORD-101326,Kolkata,Delhi,Home & Kitchen,2587.0,1608.9,Express,New,Tuesday,December,Cloudy,High,4,0,72.2,305.0,1
ORD-103359,Chennai,Kochi,Home & Kitchen,2396.0,733.6,Economy,Regular,Tuesday,November,Clear,Medium,2,2,28.3,85.0,0
ORD-105147,Hyderabad,Bengaluru,Clothing,1650.0,601.4,Priority,Premium,Friday,October,Clear,High,4,1,5.4,277.0,0
ORD-100701,Delhi,Chennai,Sports,2117.0,2357.1,Standard,Regular,Sunday,January,Clear,Low,1,0,,242.0,0
ORD-102701,Chennai,Chennai,Books,1157.0,43.9,Express,Regular,Friday,July,Cloudy,Medium,3,1,11.5,143.0,0
ORD-104335,Kolkata,Chandigarh,Clothing,3545.0,1809.3,Standard,Regular,Sunday,April,Clear,High,2,1,13.0,198.0,0
ORD-101848,Chennai,Chennai,Clothing,3187.0,15.7,Economy,New,Wednesday,January,Cloudy,Low,1,2,14.0,47.0,0
ORD-104449,Bengaluru,Bengaluru,Clothing,1140.0,12.7,Standard,Regular,Friday,February,Rain,Low,1,2,16.6,54.0,0
ORD-105842,Delhi,Nagpur,Electronics,8141.0,1086.3,Standard,Regular,Friday,August,Rain,Low,3,3,19.2,191.0,0
ORD-101456,Mumbai,Indore,Home & Kitchen,2854.0,636.8,Standard,Regular,Friday,September,Clear,Medium,2,1,36.6,121.0,0
ORD-105068,Delhi,Hyderabad,Sports,7110.0,1569.1,Standard,Regular,Saturday,July,Rain,High,3,1,20.5,229.0,1
ORD-103012,Hyderabad,Kolkata,Clothing,6269.0,1474.2,Economy,New,Saturday,February,Clear,Medium,5,0,15.2,185.0,1
ORD-102923,Mumbai,Ahmedabad,Clothing,3210.0,574.2,Standard,New,Friday,April,Cloudy,Medium,3,0,9.5,149.0,0
ORD-100867,Kolkata,Indore,Clothing,6783.0,1565.0,Economy,Regular,Thursday,March,Clear,Low,4,1,17.4,164.0,0
ORD-104630,Delhi,Kochi,Clothing,976.0,2626.7,Economy,New,Monday,April,Clear,Low,1,1,26.7,233.0,1
ORD-101645,Mumbai,Kolkata,Furniture,30571.0,1943.5,Economy,Regular,Saturday,May,Cloudy,High,2,0,25.9,231.0,0
ORD-102141,Hyderabad,Chennai,Electronics,34032.0,673.5,Express,Regular,Thursday,July,Storm,Medium,1,1,15.8,243.0,0
ORD-104083,Chennai,Bhopal,Electronics,9139.0,1462.5,Standard,Premium,Wednesday,March,Rain,High,1,2,28.4,178.0,1
ORD-103520,Kolkata,Bhopal,Clothing,5806.0,1422.2,Priority,Premium,Monday,February,Rain,High,3,1,8.9,382.0,0
ORD-101491,Mumbai,Pune,Clothing,2233.0,154.5,Express,Regular,Wednesday,January,Cloudy,Low,4,1,20.6,135.0,0
ORD-103857,Kolkata,Kolkata,Home & Kitchen,3659.0,36.1,Standard,Premium,Saturday,December,Cloudy,Low,4,0,17.8,92.0,0
ORD-100730,Bengaluru,Jaipur,Electronics,10936.0,1963.8,Economy,Regular,Wednesday,July,Rain,High,1,0,10.8,191.0,1
ORD-105330,Delhi,Visakhapatnam,Groceries,1598.0,1687.3,Economy,Regular,Friday,May,Clear,Medium,4,1,29.2,192.0,1
ORD-103575,Delhi,Bengaluru,Sports,3528.0,2299.8,Economy,Regular,Thursday,April,Clear,High,3,2,10.6,207.0,1
ORD-102621,Kolkata,Pune,Electronics,10857.0,1882.3,Express,Regular,Wednesday,September,Clear,Medium,1,1,27.5,328.0,1
ORD-101937,Bengaluru,Chennai,Beauty,3633.0,362.2,Economy,Regular,Wednesday,September,Cloudy,Medium,2,0,12.5,73.0,0
ORD-103211,Delhi,Pune,Beauty,1274.0,1460.4,Standard,New,Saturday,November,Storm,Medium,1,0,46.8,197.0,1
ORD-101111,Mumbai,Pune,Clothing,3933.0,151.4,Express,Regular,Tuesday,September,Rain,High,2,0,8.6,127.0,0
ORD-104919,Hyderabad,Mumbai,Clothing,2360.0,727.3,Standard,Regular,Monday,August,Cloudy,Low,2,0,21.0,107.0,0
ORD-105414,Mumbai,Jaipur,Clothing,3601.0,1251.3,Standard,Regular,Thursday,July,Rain,Low,4,1,16.6,206.0,0
ORD-102395,Bengaluru,Bengaluru,Sports,2480.0,35.3,Standard,Regular,Monday,September,Clear,Medium,1,1,11.1,54.0,0
ORD-101186,Kolkata,Delhi,Groceries,2528.0,1616.3,Economy,Regular,Saturday,May,Cloudy,Medium,5,0,14.2,175.0,1
ORD-102008,Mumbai,Mumbai,Books,,44.2,Standard,Regular,Tuesday,September,Rain,Medium,1,1,10.9,51.0,0
ORD-100194,Kolkata,Hyderabad,Clothing,931.0,1457.8,Standard,Regular,Tuesday,August,Storm,Low,3,0,6.6,205.0,0
ORD-101516,Delhi,Indore,Beauty,810.0,850.6,Priority,Premium,Tuesday,February,Clear,Medium,2,0,8.8,272.0,0
ORD-100579,Kolkata,Visakhapatnam,Clothing,2337.0,913.1,Standard,Regular,Tuesday,August,Rain,Medium,3,1,10.0,173.0,0
ORD-102124,Mumbai,Chandigarh,Clothing,1393.0,1814.1,Standard,Regular,Sunday,September,Rain,Low,1,0,7.6,201.0,0
ORD-101430,Bengaluru,Pune,Furniture,31045.0,945.7,Priority,Regular,Friday,February,Cloudy,Low,1,1,14.2,451.0,0
ORD-100772,Bengaluru,Jaipur,Electronics,18410.0,1995.2,Express,Premium,Saturday,December,Cloudy,Low,2,1,11.5,399.0,0
ORD-104129,Kolkata,Bengaluru,Clothing,3836.0,1903.2,Standard,Regular,Saturday,September,Storm,Medium,4,1,19.0,284.0,1
ORD-102396,Hyderabad,Indore,Beauty,2592.0,814.5,Standard,Regular,Saturday,December,Clear,High,2,0,34.7,141.0,1
ORD-103918,Bengaluru,Delhi,Furniture,16423.0,2297.3,Express,Premium,Friday,March,Clear,High,1,0,19.3,317.0,0
ORD-101847,Delhi,Indore,Clothing,1456.0,842.8,Standard,Premium,Thursday,November,Clear,Medium,3,1,16.0,135.0,0
ORD-100132,Hyderabad,Kolkata,Electronics,26679.0,1531.9,Standard,Premium,Friday,November,Rain,Low,5,0,16.9,271.0,0
ORD-100179,Hyderabad,Delhi,Clothing,1624.0,1541.2,Standard,Regular,Thursday,October,Clear,Medium,3,0,3.6,203.0,0
ORD-105574,Kolkata,Patna,Electronics,21481.0,578.7,Standard,Regular,Wednesday,March,Cloudy,High,2,0,22.4,140.0,0
ORD-103890,Delhi,Patna,Groceries,3802.0,1195.5,Standard,Premium,Saturday,January,Fog,Low,4,0,5.2,171.0,0
ORD-105961,Mumbai,Hyderabad,Clothing,3555.0,747.9,Economy,New,Monday,September,Rain,Medium,3,0,14.4,127.0,0
ORD-102581,Mumbai,Kochi,Clothing,8649.0,1261.9,Express,New,Tuesday,July,Cloudy,Medium,2,2,18.5,283.0,0
ORD-103701,Hyderabad,Bengaluru,Electronics,81929.0,616.2,Priority,Regular,Thursday,March,Cloudy,High,3,0,8.8,471.0,0
ORD-104363,Chennai,Chandigarh,Electronics,11907.0,2591.1,Economy,Regular,Sunday,April,Clear,Low,1,1,28.4,255.0,1
ORD-102653,Kolkata,Visakhapatnam,Furniture,10439.0,943.8,Express,Regular,Friday,June,Rain,Medium,1,0,22.1,231.0,0
ORD-103793,Mumbai,Ahmedabad,Home & Kitchen,7331.0,544.8,Economy,Regular,Monday,June,Clear,Low,2,1,16.8,105.0,0
ORD-102074,Kolkata,Hyderabad,Furniture,14772.0,1465.2,Express,Premium,Saturday,February,Clear,High,1,1,43.7,354.0,0
ORD-100659,Bengaluru,Mumbai,Electronics,14197.0,1098.8,Priority,Premium,Sunday,March,Clear,Medium,2,0,33.9,394.0,0
ORD-101897,Chennai,Kochi,Groceries,1878.0,725.0,Standard,Premium,Saturday,January,Clear,Low,4,2,13.6,145.0,0
ORD-104454,Chennai,Chandigarh,Clothing,1244.0,2270.5,Express,Premium,Saturday,April,Clear,Medium,1,1,7.0,386.0,0
ORD-102607,Bengaluru,Chennai,Electronics,17187.0,361.1,Economy,Regular,Monday,August,Clear,Low,1,1,9.8,104.0,0
ORD-102222,Bengaluru,Mumbai,Groceries,6321.0,1092.3,Standard,Regular,Wednesday,January,,Medium,7,0,21.7,227.0,0
ORD-105734,Hyderabad,Bengaluru,Beauty,1234.0,630.7,Economy,Regular,Friday,November,Clear,Low,3,1,11.3,93.0,0
ORD-102380,Chennai,Hyderabad,Home & Kitchen,8132.0,678.7,Express,Regular,Monday,November,Fog,Low,2,1,23.0,268.0,0
ORD-101448,Bengaluru,Delhi,Sports,1037.0,2312.4,Standard,Regular,Friday,August,Clear,Low,3,0,9.3,239.0,0
ORD-100343,Kolkata,Patna,Electronics,15583.0,596.1,Express,Premium,Tuesday,June,Cloudy,Low,3,0,15.3,200.0,0
ORD-104784,Bengaluru,Chennai,Electronics,7230.0,359.4,Economy,Regular,Wednesday,July,Clear,High,3,0,22.1,93.0,0
ORD-102528,Hyderabad,Kolkata,Beauty,2227.0,1512.3,Standard,Regular,Wednesday,December,Cloudy,Medium,2,0,19.9,193.0,0
ORD-100728,Mumbai,Chennai,Home & Kitchen,5282.0,1335.4,Standard,Regular,Saturday,November,Rain,Low,2,0,31.2,196.0,0
ORD-104768,Bengaluru,Hyderabad,Groceries,1426.0,643.2,Priority,Premium,Friday,July,Storm,Medium,2,2,2.7,250.0,0
ORD-100977,Bengaluru,Mumbai,Home & Kitchen,5218.0,1076.9,Express,Regular,Wednesday,December,Clear,Low,3,2,38.9,244.0,0
ORD-102944,Mumbai,Mumbai,Electronics,20433.0,14.6,Economy,Regular,Monday,December,Cloudy,Medium,1,0,24.5,62.0,0
ORD-105215,Delhi,Bhopal,Furniture,30928.0,769.9,Economy,Regular,Thursday,September,Rain,Medium,1,3,32.6,107.0,1
ORD-101929,Mumbai,Ahmedabad,Electronics,18023.0,567.7,Economy,Regular,Tuesday,April,Cloudy,Medium,1,2,26.1,105.0,0
ORD-103772,Hyderabad,Lucknow,Clothing,6307.0,1254.0,Economy,New,Wednesday,June,Cloudy,Medium,4,1,15.9,,0
ORD-105818,Mumbai,Chennai,Groceries,3043.0,1279.7,Economy,Regular,Monday,November,Clear,Medium,8,0,16.4,202.0,0
ORD-101300,Delhi,Kolkata,Books,322.0,1560.1,Economy,Regular,Sunday,November,Clear,Medium,3,1,11.2,157.0,0
ORD-104215,Bengaluru,Kolkata,Groceries,4609.0,1870.7,Standard,New,Saturday,April,Cloudy,Low,10,2,11.9,307.0,0
ORD-105563,Mumbai,Hyderabad,Beauty,1623.0,795.4,Standard,Regular,Saturday,May,Cloudy,Low,3,1,13.8,137.0,0
ORD-100661,Delhi,Coimbatore,Sports,1348.0,2529.3,Economy,New,Tuesday,June,Cloudy,Medium,2,1,13.7,207.0,0
ORD-101791,Kolkata,Lucknow,Home & Kitchen,8601.0,1046.0,Economy,New,Tuesday,March,Clear,Medium,3,0,31.7,,0
ORD-103862,Mumbai,Indore,Clothing,2125.0,649.5,Economy,Regular,Monday,April,Clear,Low,1,1,7.5,81.0,0
ORD-104026,Hyderabad,Bhopal,Clothing,1084.0,746.8,Economy,Regular,Saturday,December,Fog,Medium,3,2,14.4,107.0,1
ORD-100494,Delhi,Bhopal,Sports,8008.0,687.1,Express,New,Saturday,October,Rain,Medium,2,0,40.5,198.0,0
ORD-103177,Kolkata,Hyderabad,Home & Kitchen,9183.0,1512.7,Express,Regular,Tuesday,June,Rain,High,2,0,46.7,336.0,1
ORD-104254,Bengaluru,Coimbatore,Beauty,2224.0,280.4,Economy,New,Saturday,December,Cloudy,High,2,2,9.8,60.0,0
ORD-104883,Bengaluru,Mumbai,Beauty,2047.0,1032.5,Standard,Regular,Sunday,October,,Low,1,0,27.5,149.0,0
ORD-104074,Mumbai,Mumbai,Books,837.0,19.8,Economy,Regular,Saturday,October,Fog,Low,1,0,9.5,38.0,0
ORD-105577,Hyderabad,Delhi,Clothing,802.0,1612.4,Economy,New,Wednesday,December,Clear,Low,3,2,22.2,161.0,0
ORD-105367,Delhi,Chandigarh,Home & Kitchen,12851.0,291.1,Standard,Regular,Thursday,August,Cloudy,Low,4,0,29.5,158.0,0
ORD-101086,Chennai,Mumbai,Home & Kitchen,17474.0,1184.5,Priority,Premium,Tuesday,March,Cloudy,Medium,2,1,29.3,385.0,0
ORD-105718,Hyderabad,Lucknow,Groceries,1375.0,1374.5,Standard,Regular,Saturday,March,Storm,High,3,3,6.5,176.0,1
ORD-100695,Hyderabad,Hyderabad,Home & Kitchen,12835.0,27.0,Express,Premium,Saturday,November,Storm,Medium,3,0,11.7,128.0,0
ORD-101279,Kolkata,Kochi,Clothing,4884.0,2400.9,Standard,Regular,Saturday,January,Clear,Low,5,0,16.4,355.0,0
ORD-104271,Hyderabad,Kolkata,Clothing,5588.0,1486.7,Standard,New,Thursday,November,Cloudy,Low,5,1,17.6,229.0,0
ORD-101622,Bengaluru,Lucknow,Beauty,2082.0,1935.5,Standard,Regular,Wednesday,November,Clear,Medium,3,1,5.1,227.0,1
ORD-102562,Chennai,Chennai,Home & Kitchen,3098.0,42.4,Standard,Regular,Saturday,March,Fog,High,3,1,9.7,73.0,0
ORD-104230,Delhi,Delhi,Electronics,15256.0,41.7,Standard,New,Tuesday,March,Clear,High,2,1,26.7,84.0,0
ORD-104092,Kolkata,Bengaluru,Home & Kitchen,5367.0,1897.9,Standard,Premium,Monday,March,Clear,Medium,5,1,15.6,246.0,1
ORD-100068,Delhi,Chennai,Clothing,2331.0,2211.4,Express,Premium,Monday,June,Rain,Medium,4,0,14.0,401.0,1
ORD-105568,Mumbai,Lucknow,Electronics,22732.0,1455.2,Express,New,Friday,February,Clear,Low,1,0,22.1,332.0,0
ORD-103075,Kolkata,Lucknow,Beauty,1614.0,1149.4,Economy,New,Sunday,June,Rain,Low,1,0,10.8,118.0,0
ORD-102270,Kolkata,Delhi,Electronics,18443.0,1490.1,Standard,Premium,Wednesday,March,Clear,High,2,0,23.8,197.0,0
ORD-104260,Delhi,Patna,Clothing,4633.0,1081.4,Standard,Regular,Thursday,November,Clear,Low,2,2,12.8,167.0,0
ORD-104771,Chennai,Ahmedabad,Sports,2568.0,1665.9,Standard,Regular,Friday,December,Storm,Low,2,1,13.7,179.0,0
ORD-100821,Mumbai,Kolkata,Clothing,1126.0,1986.1,Standard,Regular,Saturday,October,Cloudy,Low,2,1,8.3,252.0,1
ORD-101227,Bengaluru,Ahmedabad,Sports,2434.0,1551.4,Standard,New,Sunday,January,Clear,Medium,1,0,27.0,201.0,0
ORD-101678,Bengaluru,Visakhapatnam,Groceries,2607.0,1013.4,Economy,New,Tuesday,July,Cloudy,Medium,5,0,6.2,161.0,0
ORD-105060,Mumbai,Bengaluru,Clothing,2549.0,1051.0,Priority,Regular,Saturday,February,Rain,Low,3,1,9.0,475.0,0
ORD-102868,Bengaluru,Delhi,Sports,3076.0,2178.5,Standard,Regular,Saturday,January,Clear,Medium,2,1,19.4,218.0,1
ORD-104418,Mumbai,Bengaluru,Beauty,3317.0,988.1,Standard,Regular,Tuesday,November,Clear,Medium,1,0,26.9,164.0,0
ORD-102368,Delhi,Mumbai,Electronics,7135.0,1441.9,Standard,Regular,Sunday,December,Clear,Low,1,0,25.4,163.0,0
ORD-103102,Mumbai,Indore,Books,1499.0,629.7,Express,Regular,Saturday,February,Storm,Low,1,1,7.3,182.0,0
ORD-103965,Delhi,Ahmedabad,Home & Kitchen,14297.0,975.8,Economy,New,Wednesday,September,Clear,Low,5,0,32.7,183.0,0
ORD-102513,Mumbai,Indore,Electronics,10426.0,665.8,Economy,New,Friday,October,Clear,Medium,2,0,67.0,102.0,0
ORD-102724,Delhi,Mumbai,Furniture,16849.0,1443.1,Standard,Regular,Thursday,May,Clear,Medium,1,2,39.1,209.0,0
ORD-105397,Delhi,Nagpur,Beauty,1333.0,1068.4,Standard,Regular,Sunday,June,Rain,High,1,0,18.7,129.0,1
ORD-105153,Bengaluru,Chennai,Clothing,1481.0,382.8,Priority,Premium,Tuesday,December,Cloudy,High,1,1,6.2,159.0,0
ORD-104478,Delhi,Hyderabad,Beauty,1123.0,1571.8,Standard,Regular,Sunday,December,Fog,Low,4,0,11.1,238.0,1
ORD-101144,Kolkata,Bengaluru,Clothing,2604.0,1982.7,Economy,Regular,Friday,November,Cloudy,High,2,0,10.9,174.0,1
ORD-100398,Delhi,Bhopal,Clothing,1992.0,804.1,Express,Regular,Friday,October,Rain,Low,4,1,21.5,250.0,0
ORD-100787,Kolkata,Hyderabad,Furniture,9163.0,1401.9,Standard,New,Wednesday,February,Fog,Medium,1,0,22.2,181.0,0
ORD-105188,Bengaluru,Indore,Furniture,,1303.0,Economy,New,Saturday,September,Clear,Medium,1,1,14.5,134.0,0
ORD-103990,Hyderabad,Delhi,Electronics,23406.0,1579.1,Standard,New,Saturday,November,Rain,Low,2,0,51.6,269.0,0
ORD-101399,Bengaluru,Visakhapatnam,Beauty,3127.0,936.6,Standard,New,Monday,January,Storm,High,2,0,8.7,158.0,1
ORD-101660,Mumbai,Jaipur,Clothing,1872.0,1200.6,Economy,Regular,Monday,February,Clear,Medium,2,0,9.0,136.0,0
ORD-103404,Hyderabad,Hyderabad,Beauty,2138.0,33.4,Express,Premium,Wednesday,April,Fog,High,4,0,8.2,138.0,0
ORD-102221,Delhi,Coimbatore,Beauty,1190.0,2637.6,Standard,Regular,Friday,June,Cloudy,,4,2,9.9,340.0,1
ORD-100980,Mumbai,Kolkata,Electronics,10598.0,2029.6,Express,Regular,Monday,July,Rain,High,1,1,,327.0,1
ORD-102332,Delhi,Kolkata,Sports,10716.0,1628.2,Standard,Regular,Tuesday,March,Cloudy,High,4,1,17.5,247.0,1
ORD-101299,Chennai,Patna,Sports,2454.0,1969.4,Economy,Premium,Thursday,December,Cloudy,Low,2,2,13.1,211.0,1
ORD-103291,Delhi,Delhi,Clothing,3090.0,34.8,Standard,Regular,Monday,April,Cloudy,Medium,1,1,10.6,49.0,0
ORD-103870,Bengaluru,Pune,Sports,2957.0,931.7,Express,Premium,Wednesday,March,Clear,Medium,2,1,16.7,189.0,0
ORD-100083,Kolkata,Jaipur,Home & Kitchen,1729.0,1732.2,Express,New,Sunday,May,Rain,Low,1,1,13.6,320.0,1
ORD-103164,Chennai,Jaipur,Beauty,1601.0,2005.0,Economy,Regular,Sunday,January,Clear,High,2,1,3.9,199.0,1
ORD-102188,Bengaluru,Delhi,Electronics,8897.0,2144.0,Express,Regular,Monday,September,Cloudy,Low,1,0,12.6,386.0,0
ORD-104734,Delhi,Visakhapatnam,Books,930.0,1676.3,Standard,Regular,Thursday,May,Clear,Low,1,0,23.5,173.0,0
ORD-104013,Hyderabad,Bengaluru,Electronics,3368.0,649.0,Standard,Regular,Monday,July,Rain,,1,1,19.5,108.0,0
ORD-104767,Chennai,Chennai,Electronics,34977.0,12.7,Economy,Regular,Thursday,March,Clear,Medium,4,0,19.8,108.0,0
ORD-103322,Delhi,Chennai,Home & Kitchen,3879.0,2294.1,Economy,Regular,Thursday,May,Clear,Low,3,1,10.3,229.0,0
ORD-102904,Hyderabad,Delhi,Books,2504.0,1564.7,Standard,Regular,Sunday,June,Rain,Medium,1,0,8.2,160.0,0
ORD-100424,Mumbai,Mumbai,Clothing,5115.0,8.4,Standard,Regular,Thursday,June,Rain,High,4,0,18.7,81.0,0
ORD-105240,Bengaluru,Bhopal,Groceries,2146.0,1484.0,Standard,New,Sunday,July,Rain,High,6,0,12.8,219.0,0
ORD-101905,Bengaluru,Pune,Clothing,3660.0,963.9,Standard,Regular,Saturday,April,Cloudy,Medium,1,2,17.6,143.0,0
ORD-105493,Delhi,Ahmedabad,Electronics,15413.0,1005.9,Standard,Regular,Saturday,October,Clear,,3,2,,189.0,0
ORD-101531,Delhi,Bengaluru,Groceries,4607.0,2118.5,Standard,Regular,Saturday,November,Cloudy,Low,7,0,19.4,333.0,1
ORD-104293,Mumbai,Nagpur,Groceries,7399.0,856.6,Express,Premium,Friday,June,Storm,Low,11,0,1.0,438.0,0
ORD-101566,Bengaluru,Patna,Furniture,8505.0,1953.9,Standard,New,Tuesday,November,Cloudy,Medium,1,0,23.6,259.0,1
ORD-104480,Hyderabad,Patna,Groceries,1971.0,1399.9,Standard,Regular,Monday,January,Clear,Low,6,0,4.4,210.0,0
ORD-102750,Mumbai,Jaipur,Home & Kitchen,10944.0,1115.8,Economy,Regular,Wednesday,September,Cloudy,Low,4,1,13.4,169.0,0
ORD-100840,Bengaluru,Patna,Groceries,1243.0,2132.7,Priority,Regular,Monday,May,Clear,Medium,4,0,27.2,746.0,0
ORD-100501,Chennai,Patna,Books,601.0,1909.2,Priority,Regular,Friday,October,Cloudy,Low,1,1,18.1,536.0,0
ORD-104451,Kolkata,Hyderabad,Beauty,1436.0,1456.0,Express,Premium,Saturday,June,Rain,Medium,2,1,20.6,284.0,1
ORD-100142,Bengaluru,Bhopal,Sports,4071.0,1490.0,Express,Premium,Wednesday,September,Rain,Medium,2,0,24.6,268.0,0
ORD-104998,Bengaluru,Mumbai,Home & Kitchen,7801.0,1074.1,Standard,New,Friday,November,Cloudy,Medium,3,0,17.2,189.0,0
ORD-102606,Mumbai,Hyderabad,Electronics,14057.0,773.3,Standard,New,Thursday,May,Cloudy,Medium,3,0,20.3,155.0,0
ORD-103581,Kolkata,Lucknow,Home & Kitchen,1517.0,1095.2,Standard,New,Saturday,August,Rain,Low,2,1,16.8,169.0,1
ORD-101378,Kolkata,Pune,Books,906.0,2020.0,Express,Regular,Sunday,October,Clear,Medium,1,2,36.8,363.0,0
ORD-104707,Mumbai,Visakhapatnam,Electronics,,1361.4,Priority,Premium,Tuesday,June,Clear,Medium,2,0,18.4,398.0,1
ORD-105942,Bengaluru,Hyderabad,Home & Kitchen,4341.0,608.3,Express,Regular,Wednesday,December,Fog,Medium,2,0,24.3,188.0,0
ORD-102267,Chennai,Pune,Beauty,1423.0,1162.5,Standard,Regular,Tuesday,October,Rain,High,2,1,18.4,156.0,1
ORD-103099,Delhi,Jaipur,Furniture,21306.0,295.8,Standard,Premium,Friday,March,Rain,Medium,1,0,19.8,93.0,0
ORD-101139,Mumbai,Lucknow,Beauty,4107.0,1475.6,Standard,Regular,Tuesday,December,Clear,Low,4,0,19.1,224.0,0
ORD-102258,Kolkata,Chennai,Home & Kitchen,11508.0,1695.9,Express,Premium,Friday,March,Clear,High,4,1,10.8,387.0,0
ORD-103679,Delhi,Delhi,Sports,3404.0,35.6,Express,New,Tuesday,May,Clear,Medium,2,0,18.4,110.0,0
ORD-101788,Chennai,Nagpur,Beauty,905.0,1119.0,Economy,Regular,Thursday,April,Cloudy,High,1,1,15.3,114.0,1
ORD-103711,Kolkata,Mumbai,Beauty,1455.0,2054.2,Economy,Regular,Thursday,October,Clear,Medium,1,1,24.0,191.0,1
ORD-100551,Bengaluru,Nagpur,Clothing,929.0,1123.4,Economy,Regular,Wednesday,December,Clear,Medium,2,0,16.0,117.0,0
ORD-100460,Chennai,Lucknow,Clothing,5216.0,1893.6,Priority,New,Sunday,December,Fog,Low,4,1,18.4,634.0,0
ORD-102020,Delhi,Kolkata,Clothing,3335.0,1606.4,Economy,Regular,Friday,December,Fog,High,4,2,21.6,,0
ORD-100949,Kolkata,Lucknow,Groceries,2835.0,1118.5,Standard,Regular,Wednesday,October,Cloudy,Low,5,0,15.6,239.0,0
ORD-103287,Chennai,Nagpur,Home & Kitchen,5542.0,1234.6,Express,Regular,Tuesday,December,Rain,Medium,3,1,32.0,297.0,1
ORD-104835,Delhi,Coimbatore,Clothing,2127.0,2437.8,Standard,Regular,Saturday,May,Clear,Low,4,0,14.2,281.0,0
ORD-100533,Delhi,Kolkata,Furniture,11864.0,1750.6,Economy,Regular,Monday,May,Clear,High,1,3,20.8,172.0,1
ORD-103923,Delhi,Kochi,Clothing,1409.0,2605.8,Standard,Premium,Sunday,March,Clear,Low,2,0,28.7,227.0,0
ORD-101830,Bengaluru,Chandigarh,Groceries,870.0,2373.5,Standard,Regular,Sunday,January,Rain,Low,4,0,9.4,283.0,0
ORD-104776,Mumbai,Delhi,Books,594.0,1439.9,Economy,Regular,Wednesday,January,Clear,Low,2,3,5.5,179.0,0
ORD-105344,Bengaluru,Chandigarh,Home & Kitchen,6715.0,2527.7,Economy,New,Saturday,April,Cloudy,High,2,0,14.0,230.0,1
ORD-104820,Bengaluru,Delhi,Sports,8456.0,2160.2,Standard,Regular,Thursday,September,Cloudy,Medium,6,1,14.7,331.0,1
ORD-103448,Chennai,Indore,Home & Kitchen,4627.0,1489.0,Express,Regular,Friday,February,Cloudy,Medium,2,0,16.2,274.0,1
ORD-101603,Chennai,Indore,Books,823.0,1378.1,Standard,New,Tuesday,September,Clear,Low,2,0,33.0,215.0,0
ORD-102239,Delhi,Kolkata,Furniture,14637.0,1571.0,Standard,Regular,Sunday,November,Rain,Medium,1,4,29.6,189.0,1
ORD-100640,Kolkata,Delhi,Electronics,9183.0,1607.0,Economy,New,Saturday,March,Rain,Medium,1,1,27.7,189.0,1
ORD-105851,Hyderabad,Bhopal,Sports,10401.0,787.2,Economy,Regular,Tuesday,November,Cloudy,High,1,1,26.8,101.0,0
ORD-100968,Mumbai,Chandigarh,Groceries,2226.0,1653.2,Priority,Regular,Wednesday,November,Clear,Low,5,0,21.4,569.0,0
ORD-105115,Mumbai,Kolkata,Groceries,2870.0,2053.7,Standard,Regular,Tuesday,November,Rain,High,9,3,7.1,337.0,1
ORD-103791,Delhi,Chennai,Beauty,1022.0,2231.7,Express,Premium,Sunday,March,Storm,Medium,2,1,23.9,387.0,0
ORD-101684,Delhi,Nagpur,Books,1505.0,972.8,Express,Regular,Wednesday,October,Cloudy,High,5,0,15.5,295.0,0
ORD-102249,Delhi,Delhi,Electronics,28172.0,8.2,Standard,Regular,Sunday,April,Clear,Medium,3,0,13.6,136.0,0
ORD-104439,Delhi,Pune,Clothing,2800.0,1459.9,Standard,New,Sunday,May,Clear,,4,0,8.8,208.0,0
ORD-105413,Delhi,Mumbai,Furniture,9259.0,1373.1,Priority,Premium,Friday,April,Storm,Low,1,1,20.7,353.0,0
ORD-105506,Delhi,Coimbatore,Home & Kitchen,6346.0,2376.3,Express,New,Sunday,April,Cloudy,Medium,2,0,14.9,454.0,0
ORD-100156,Chennai,Bengaluru,Groceries,1065.0,386.4,Express,New,Tuesday,October,Cloudy,High,2,0,3.5,171.0,0
ORD-102296,Mumbai,Delhi,Home & Kitchen,4806.0,1436.6,Economy,Regular,Thursday,December,Clear,Low,2,1,34.1,151.0,1
ORD-104477,Bengaluru,Hyderabad,Books,555.0,637.0,Standard,Regular,Thursday,June,Cloudy,Medium,6,2,45.3,142.0,0
ORD-104101,Delhi,Visakhapatnam,Sports,1263.0,1672.5,Priority,Premium,Wednesday,July,Clear,Medium,1,1,18.6,448.0,0
ORD-101090,Bengaluru,Coimbatore,Electronics,12263.0,276.1,Standard,New,Thursday,August,Rain,High,2,1,20.4,114.0,0
ORD-103828,Delhi,Hyderabad,Electronics,13616.0,1570.3,Economy,New,Friday,July,Clear,High,1,0,33.8,168.0,1
ORD-102320,Hyderabad,Hyderabad,Books,434.0,27.6,Standard,Regular,Thursday,November,Clear,Medium,3,1,10.0,73.0,0
ORD-102941,Hyderabad,Bhopal,Electronics,12523.0,851.9,Express,New,Sunday,July,Clear,Medium,2,0,6.5,236.0,0
ORD-105120,Bengaluru,Kolkata,Books,453.0,1915.2,Standard,New,Sunday,November,Clear,Low,1,0,2.7,220.0,0
ORD-100289,Bengaluru,Delhi,Home & Kitchen,1788.0,2152.1,Express,Regular,Wednesday,January,Clear,Medium,3,0,10.5,513.0,0
ORD-100931,Delhi,Chennai,Books,1011.0,2209.2,Standard,New,Friday,May,Cloudy,Medium,2,1,9.0,234.0,0
ORD-102910,Bengaluru,Chennai,Books,1127.0,379.6,Standard,Premium,Sunday,July,Cloudy,Medium,3,0,5.1,83.0,0
ORD-103661,Mumbai,Delhi,Furniture,12326.0,1427.4,Priority,Premium,Wednesday,October,Cloudy,Low,1,0,22.5,360.0,0
ORD-104702,Bengaluru,Delhi,Groceries,917.0,2255.9,Standard,Regular,Tuesday,June,Rain,High,5,3,9.6,253.0,1
ORD-102885,Bengaluru,Hyderabad,Beauty,1014.0,659.1,Standard,Regular,Thursday,November,Fog,Medium,1,2,,118.0,0
ORD-103451,Chennai,Pune,Beauty,807.0,1175.2,Standard,Regular,Sunday,February,Fog,Low,1,1,16.5,159.0,0
ORD-103289,Mumbai,Delhi,Clothing,3349.0,1481.3,Express,New,Friday,November,Clear,Medium,2,0,18.3,331.0,0
ORD-105498,Delhi,Visakhapatnam,Home & Kitchen,2599.0,1689.7,Standard,Regular,Wednesday,December,Cloudy,Low,1,0,8.8,223.0,1
ORD-103001,Kolkata,Nagpur,Clothing,963.0,1158.3,Express,Regular,Monday,October,Clear,Low,3,4,17.6,263.0,0
ORD-105754,Chennai,Jaipur,Home & Kitchen,4831.0,1929.1,Express,Premium,Monday,April,Clear,Medium,2,0,8.7,391.0,0
ORD-103423,Chennai,Jaipur,Electronics,41493.0,2060.1,Standard,Regular,Tuesday,July,Rain,Low,1,1,9.2,255.0,0
ORD-105974,Hyderabad,Coimbatore,Sports,3414.0,905.2,Express,Regular,Tuesday,December,Clear,Medium,2,1,6.3,236.0,0
ORD-100943,Mumbai,Jaipur,Home & Kitchen,4735.0,1107.8,Express,New,Sunday,September,,Low,2,1,20.7,295.0,0
ORD-102355,Delhi,Indore,Home & Kitchen,2955.0,872.9,Standard,New,Thursday,May,,Low,1,1,28.2,137.0,0
ORD-105314,Chennai,Chandigarh,Furniture,12866.0,2459.6,Economy,Regular,Sunday,October,Cloudy,Low,1,0,34.0,215.0,1
ORD-105638,Chennai,Lucknow,Books,568.0,1994.2,Express,Premium,Wednesday,September,Cloudy,Medium,1,0,9.2,373.0,0
ORD-105648,Mumbai,Delhi,Clothing,2086.0,1450.0,Economy,New,Thursday,October,Clear,High,3,0,18.7,172.0,1
ORD-101699,Hyderabad,Bengaluru,Sports,2352.0,646.7,Economy,Regular,Wednesday,January,Clear,Low,2,3,18.8,97.0,0
ORD-105702,Mumbai,Mumbai,Electronics,34639.0,43.7,Express,Regular,Monday,February,Clear,Medium,2,1,8.4,154.0,0
ORD-104481,Bengaluru,Visakhapatnam,Groceries,1601.0,1023.8,Economy,Regular,Friday,November,Cloudy,Medium,5,0,4.6,133.0,0
ORD-103621,Chennai,Chandigarh,Furniture,,2564.5,Standard,Regular,Thursday,October,Clear,Medium,1,0,18.7,289.0,1
ORD-104060,Kolkata,Visakhapatnam,Home & Kitchen,5429.0,935.5,Economy,New,Friday,August,,High,3,0,32.1,148.0,1
ORD-105423,Kolkata,Kolkata,Sports,8273.0,19.7,Standard,New,Saturday,December,Fog,Medium,3,0,15.2,104.0,1
ORD-100986,Hyderabad,Kolkata,Beauty,918.0,1487.1,Standard,Regular,Friday,August,Storm,High,2,0,16.8,170.0,1
ORD-105165,Chennai,Mumbai,Sports,520.0,1251.1,Express,New,Saturday,July,Clear,Medium,1,0,4.2,222.0,0
ORD-103833,Delhi,Lucknow,Clothing,1564.0,558.1,Standard,Regular,Monday,June,Storm,High,1,0,22.8,94.0,1
ORD-104205,Chennai,Kolkata,Electronics,66131.0,1683.7,Economy,Regular,Friday,October,Clear,Low,5,1,29.8,338.0,1
ORD-105783,Bengaluru,Jaipur,Electronics,17940.0,2002.6,Standard,Regular,Monday,February,Clear,High,2,1,11.2,275.0,0
ORD-100982,Kolkata,Visakhapatnam,Groceries,6205.0,1011.0,Standard,Regular,Wednesday,December,Cloudy,Low,8,1,7.1,233.0,0
ORD-105118,Kolkata,Delhi,Groceries,1515.0,1436.2,Standard,New,Thursday,September,Rain,High,7,0,6.1,248.0,0
ORD-103334,Delhi,Kochi,Beauty,2381.0,2416.1,Standard,Regular,Thursday,April,Storm,High,2,2,5.7,282.0,1
ORD-105749,Hyderabad,Coimbatore,Clothing,2683.0,917.8,Standard,Premium,Monday,November,Cloudy,Low,3,0,23.9,130.0,0
ORD-103517,Bengaluru,Patna,Beauty,1484.0,2068.2,Standard,Regular,Wednesday,August,Rain,Medium,3,0,3.9,256.0,0
ORD-104415,Delhi,Coimbatore,Groceries,1881.0,2503.2,Priority,Premium,Thursday,January,Cloudy,Low,8,1,22.8,679.0,0
ORD-105646,Delhi,Chandigarh,Clothing,2192.0,291.6,Economy,New,Thursday,October,Clear,Low,2,0,35.7,70.0,0
ORD-101474,Bengaluru,Hyderabad,Electronics,23001.0,664.7,Standard,New,Sunday,November,Storm,Low,1,1,22.4,136.0,1
ORD-104596,Hyderabad,Hyderabad,Clothing,1544.0,21.8,Economy,New,Sunday,February,Fog,Medium,4,0,,56.0,0
ORD-103429,Hyderabad,Kolkata,Clothing,3867.0,1370.0,Standard,New,Friday,March,Cloudy,Medium,5,2,7.9,282.0,0
ORD-105421,Delhi,Lucknow,Electronics,23960.0,492.8,Express,Regular,Tuesday,August,Storm,Medium,4,1,32.6,300.0,1
ORD-101458,Delhi,Mumbai,Groceries,1287.0,1512.5,Standard,Premium,Saturday,June,Rain,Low,6,2,15.8,232.0,0
ORD-101396,Mumbai,Patna,Clothing,10894.0,1863.2,Express,Regular,Monday,October,Cloudy,Low,3,0,6.1,408.0,0
ORD-100265,Hyderabad,Hyderabad,Clothing,1859.0,34.7,Standard,Regular,Sunday,May,Storm,High,2,0,22.1,61.0,0
ORD-102749,Bengaluru,Mumbai,Clothing,3173.0,1046.4,Standard,Regular,Wednesday,October,Clear,Medium,3,0,6.9,195.0,0
ORD-104899,Hyderabad,Ahmedabad,Home & Kitchen,1836.0,1063.0,Standard,Regular,Wednesday,July,Storm,Medium,2,2,13.2,174.0,1
ORD-102693,Kolkata,Ahmedabad,Home & Kitchen,2655.0,2063.6,Priority,Regular,Tuesday,February,Clear,High,1,0,11.8,635.0,0
ORD-104757,Delhi,Nagpur,Groceries,1668.0,996.7,Standard,Premium,Friday,July,Rain,Medium,5,2,7.9,165.0,1
ORD-100930,Chennai,Visakhapatnam,Clothing,4699.0,733.3,Express,Premium,Saturday,January,Cloudy,Low,2,1,16.6,176.0,0
ORD-105268,Kolkata,Kolkata,Beauty,3650.0,18.4,Economy,Regular,Thursday,October,Storm,Medium,3,2,23.6,58.0,0
ORD-103304,Hyderabad,Jaipur,Furniture,11487.0,1383.3,Standard,New,Friday,April,,Low,1,0,20.4,204.0,0
ORD-102401,Bengaluru,Indore,Electronics,15956.0,1401.2,Standard,Premium,Friday,June,Rain,Low,1,4,15.2,174.0,0
ORD-102179,Delhi,Indore,Electronics,14883.0,804.0,Express,Premium,Wednesday,October,Clear,High,1,0,27.0,202.0,1
ORD-103886,Mumbai,Nagpur,Electronics,36240.0,869.7,Standard,Premium,Monday,April,Clear,,1,1,10.8,169.0,0
ORD-100247,Bengaluru,Pune,Sports,4519.0,926.3,Standard,Regular,Sunday,May,Cloudy,Low,2,0,20.6,147.0,0
ORD-101595,Kolkata,Kochi,Sports,4655.0,2520.5,Economy,Premium,Tuesday,June,Rain,Medium,3,1,14.2,211.0,1
ORD-101759,Hyderabad,Delhi,Sports,2484.0,1593.7,Economy,Regular,Sunday,March,Storm,Low,3,0,2.8,181.0,0
ORD-105896,Kolkata,Bhopal,Sports,3701.0,1342.8,Economy,Regular,Sunday,September,Storm,Medium,1,1,9.2,145.0,0
ORD-104059,Delhi,Lucknow,Clothing,2207.0,515.8,Standard,New,Friday,June,Storm,Low,2,2,14.6,,1
ORD-100924,Bengaluru,Indore,Furniture,37921.0,1252.6,Standard,New,Sunday,November,Clear,Low,3,1,53.9,237.0,1
ORD-105698,Hyderabad,Indore,Clothing,5488.0,769.1,Standard,Regular,Wednesday,January,Clear,Low,5,1,10.4,154.0,0
ORD-100269,Mumbai,Ahmedabad,Beauty,1118.0,557.1,Express,Regular,Sunday,September,Cloudy,Medium,1,2,17.4,225.0,0
ORD-100670,Delhi,Nagpur,Clothing,7087.0,1075.1,Standard,Regular,Thursday,March,Clear,Medium,2,0,18.6,178.0,0
ORD-103956,Bengaluru,Hyderabad,Home & Kitchen,2307.0,636.9,Standard,Regular,Wednesday,July,Storm,Low,4,2,11.6,157.0,0
ORD-101911,Mumbai,Visakhapatnam,Sports,5469.0,1331.0,Express,Regular,Sunday,December,Clear,Low,1,1,11.1,274.0,0
ORD-105920,Delhi,Hyderabad,Home & Kitchen,3159.0,1544.1,Express,Premium,Thursday,March,Cloudy,Low,1,0,20.4,267.0,0
ORD-101153,Mumbai,Visakhapatnam,Furniture,45779.0,1403.0,Express,Regular,Wednesday,March,Clear,Low,1,0,18.2,374.0,0
ORD-105561,Hyderabad,Nagpur,Sports,1329.0,502.9,Express,Regular,Wednesday,April,Clear,Medium,1,2,14.6,155.0,0
ORD-104967,Delhi,Indore,Electronics,20526.0,874.9,Standard,New,Sunday,August,Clear,Low,2,1,16.0,182.0,0
ORD-105830,Kolkata,Bengaluru,Home & Kitchen,7817.0,2039.2,Economy,Regular,Friday,June,Clear,Low,4,0,17.6,196.0,0
ORD-104544,Bengaluru,Mumbai,Electronics,16772.0,1041.4,Standard,Regular,Wednesday,September,Cloudy,Medium,4,0,21.1,222.0,0
ORD-102697,Kolkata,Bhopal,Electronics,21190.0,1389.4,Standard,New,Saturday,September,,High,4,0,15.3,231.0,1
ORD-102592,Hyderabad,Bengaluru,Home & Kitchen,1359.0,612.7,Express,Regular,Saturday,October,Cloudy,Low,2,2,10.3,,0
ORD-105121,Chennai,Patna,Electronics,,1831.7,Standard,New,Tuesday,October,Clear,Low,2,1,17.2,224.0,0
ORD-101782,Kolkata,Coimbatore,Clothing,1743.0,2229.0,Express,Premium,Monday,April,Clear,High,3,0,11.3,359.0,1
ORD-102414,Bengaluru,Coimbatore,Electronics,15651.0,277.8,Express,Regular,Wednesday,June,Rain,High,1,0,11.6,,0
ORD-103014,Chennai,Coimbatore,Electronics,8011.0,498.4,Standard,Regular,Saturday,September,Rain,Low,1,1,15.2,101.0,0
ORD-105289,Delhi,Hyderabad,Sports,5747.0,1579.3,Priority,Premium,Sunday,July,Rain,High,3,0,9.7,442.0,1
ORD-102308,Delhi,Kolkata,Sports,4303.0,1576.2,Economy,Regular,Wednesday,July,Clear,High,1,0,34.8,132.0,0
ORD-105793,Mumbai,Kolkata,Electronics,14874.0,2074.9,Economy,New,Saturday,February,Clear,Low,1,0,20.3,198.0,0
ORD-100688,Hyderabad,Patna,Home & Kitchen,2378.0,1410.8,Economy,Regular,Saturday,February,Clear,Medium,3,0,31.4,138.0,0
ORD-101916,Mumbai,Visakhapatnam,Beauty,721.0,1331.0,Standard,Regular,Thursday,January,Cloudy,High,3,0,9.5,201.0,0
ORD-105701,Kolkata,Delhi,Clothing,7676.0,1649.3,Standard,Regular,Saturday,October,Clear,Low,4,1,19.6,259.0,0
ORD-100613,Hyderabad,Indore,Electronics,11104.0,810.7,Standard,Regular,Friday,March,Cloudy,Medium,2,2,17.2,149.0,0
ORD-103072,Hyderabad,Coimbatore,Clothing,1214.0,911.1,Standard,Regular,Tuesday,July,Rain,Low,2,1,5.6,142.0,0
ORD-104574,Delhi,Delhi,Groceries,1865.0,13.6,Standard,Regular,Monday,June,Storm,Low,13,0,6.2,175.0,1
ORD-102268,Bengaluru,Chandigarh,Clothing,3271.0,2582.1,Express,Premium,Thursday,September,Clear,Medium,2,2,9.2,464.0,0
ORD-105810,Chennai,Nagpur,Groceries,4248.0,1154.3,Express,Regular,Wednesday,June,Cloudy,Low,10,0,15.0,410.0,0
ORD-102534,Mumbai,Pune,Sports,2205.0,149.1,Economy,Regular,Saturday,April,Clear,Low,2,0,20.4,64.0,0
ORD-100040,Chennai,Hyderabad,Electronics,61856.0,638.8,Standard,New,Friday,October,Rain,High,4,0,27.9,230.0,0
ORD-101899,Mumbai,Visakhapatnam,Beauty,1329.0,1410.4,Standard,Regular,Thursday,March,Clear,Low,2,1,7.3,163.0,0
ORD-101650,Kolkata,Kolkata,Books,215.0,24.9,Standard,New,Sunday,August,Clear,Low,1,0,21.9,52.0,0
ORD-103546,Bengaluru,Chennai,Beauty,2035.0,358.1,Economy,Regular,Saturday,December,Cloudy,Medium,3,0,16.0,76.0,0
ORD-100259,Mumbai,Hyderabad,Groceries,844.0,822.0,Standard,Premium,Friday,October,Cloudy,High,4,0,18.9,158.0,0
ORD-102925,Mumbai,Hyderabad,Home & Kitchen,2872.0,797.1,Express,Premium,Wednesday,September,Rain,High,3,1,21.9,202.0,0
ORD-102435,Chennai,Mumbai,Home & Kitchen,1967.0,1332.1,Standard,Regular,Saturday,October,Clear,Medium,2,0,10.2,158.0,0
ORD-100848,Chennai,Hyderabad,Beauty,988.0,666.7,Economy,Regular,Tuesday,February,Clear,High,2,2,13.3,83.0,1
ORD-102823,Mumbai,Kolkata,Electronics,23728.0,2105.1,Economy,Regular,Monday,September,,High,1,0,18.5,223.0,1
ORD-104444,Hyderabad,Kochi,Books,614.0,1122.0,Priority,Premium,Wednesday,January,Fog,Medium,2,1,22.1,304.0,0
ORD-105133,Mumbai,Chandigarh,Beauty,3263.0,1671.0,Standard,Regular,Sunday,December,Clear,Low,2,2,10.4,245.0,0
ORD-104583,Kolkata,Indore,Beauty,1288.0,1570.5,Standard,New,Saturday,May,Storm,Low,2,1,12.1,195.0,1
ORD-103718,Kolkata,Bengaluru,Groceries,4402.0,1982.8,Standard,Regular,Tuesday,June,Rain,Medium,5,1,15.9,316.0,0
ORD-101234,Chennai,Delhi,Electronics,12198.0,2226.1,Standard,Premium,Sunday,March,Clear,,3,0,17.4,295.0,0
ORD-101128,Chennai,Hyderabad,Home & Kitchen,2813.0,665.5,Standard,Regular,Wednesday,September,Cloudy,High,5,0,32.7,148.0,0
ORD-105915,Delhi,Visakhapatnam,Electronics,11342.0,1704.7,Priority,Premium,Monday,April,Clear,Low,1,2,19.1,520.0,1
ORD-101968,Kolkata,Nagpur,Furniture,12736.0,1198.9,Standard,New,Sunday,November,Clear,Low,2,0,29.3,218.0,0
ORD-100559,Bengaluru,Patna,Home & Kitchen,4658.0,2072.1,Economy,Regular,Tuesday,September,Cloudy,High,6,1,12.6,233.0,1
ORD-100905,Hyderabad,Hyderabad,Electronics,16307.0,13.5,Standard,Premium,Friday,August,Cloudy,Medium,1,0,6.9,77.0,0
ORD-102615,Delhi,Bengaluru,Clothing,15056.0,2239.9,Express,Regular,Tuesday,October,Clear,High,5,1,7.7,541.0,0
ORD-103144,Mumbai,Kolkata,Sports,2129.0,1976.6,Express,Premium,Wednesday,September,Rain,High,2,0,6.1,299.0,0
ORD-100485,Mumbai,Visakhapatnam,Clothing,3935.0,1386.9,Standard,Regular,Saturday,October,Fog,Low,4,2,15.9,232.0,0
ORD-102212,Bengaluru,Visakhapatnam,Electronics,4331.0,970.9,Standard,Regular,Wednesday,November,,Low,2,1,13.6,147.0,0
ORD-101321,Bengaluru,Bengaluru,Electronics,7270.0,15.3,Economy,New,Thursday,December,Cloudy,High,3,0,11.9,60.0,0
ORD-103405,Kolkata,Lucknow,Home & Kitchen,4046.0,1110.6,Standard,Regular,Monday,July,Rain,Low,3,0,14.1,176.0,0
ORD-102556,Chennai,Bhopal,Sports,3821.0,1463.5,Express,Regular,Thursday,June,Rain,Medium,3,1,8.4,355.0,0
ORD-100008,Kolkata,Nagpur,Clothing,3184.0,1234.4,Standard,Premium,Saturday,October,,Medium,2,0,22.0,173.0,0
ORD-102316,Delhi,Jaipur,Sports,2568.0,287.3,Express,Premium,Thursday,October,Cloudy,Low,1,1,25.8,115.0,0
ORD-105193,Mumbai,Kolkata,Beauty,2347.0,2059.1,Standard,Regular,Monday,March,Cloudy,Low,3,0,10.8,227.0,0
ORD-104865,Chennai,Jaipur,Electronics,15819.0,1902.4,Economy,Regular,Sunday,August,Rain,Low,2,1,18.8,247.0,1
ORD-104357,Hyderabad,Hyderabad,Home & Kitchen,3400.0,36.2,Express,Premium,Thursday,March,Rain,Low,1,0,18.1,86.0,0
ORD-105319,Delhi,Kolkata,Sports,3563.0,1641.0,Standard,Regular,Friday,November,Cloudy,Low,1,0,20.3,161.0,0
ORD-101451,Kolkata,Chennai,Beauty,1257.0,1649.1,Standard,New,Saturday,February,Rain,Low,3,1,6.3,210.0,0
ORD-101202,Bengaluru,Delhi,Home & Kitchen,2867.0,2229.1,Standard,New,Friday,September,Rain,High,2,0,9.7,262.0,1
ORD-102427,Mumbai,Mumbai,Beauty,1957.0,12.0,Standard,Regular,Sunday,December,Rain,Low,2,2,36.5,72.0,0
ORD-102649,Chennai,Hyderabad,Electronics,6098.0,666.5,Express,New,Monday,August,Rain,Medium,1,1,43.7,219.0,0
ORD-101815,Kolkata,Jaipur,Beauty,1512.0,1833.4,Standard,New,Monday,October,Clear,Medium,4,1,35.9,231.0,0
ORD-102727,Kolkata,Visakhapatnam,Clothing,5329.0,944.7,Express,Regular,Wednesday,April,Clear,Medium,3,2,18.8,247.0,0
ORD-100774,Kolkata,Visakhapatnam,Books,1210.0,976.4,Economy,New,Sunday,July,Rain,Medium,6,0,17.3,138.0,1
ORD-102275,Kolkata,Chennai,Beauty,1372.0,1624.9,Standard,Premium,Tuesday,February,Cloudy,Low,2,1,8.2,187.0,0
ORD-101012,Bengaluru,Visakhapatnam,Sports,1261.0,1027.4,Economy,Regular,Sunday,February,Fog,Low,1,0,21.8,118.0,0
ORD-104073,Delhi,Coimbatore,Home & Kitchen,2231.0,2371.1,Standard,Regular,Wednesday,December,Fog,Low,1,1,26.3,272.0,1
ORD-103169,Mumbai,Bhopal,Home & Kitchen,1701.0,865.7,Standard,New,Monday,April,Clear,Medium,1,1,13.6,132.0,0
ORD-103542,Bengaluru,Pune,Beauty,8861.0,940.8,Economy,New,Friday,April,Cloudy,High,5,0,23.3,176.0,1
ORD-101992,Chennai,Pune,Groceries,1310.0,1125.0,Priority,New,Sunday,November,Rain,Low,5,0,5.9,442.0,0
ORD-101278,Mumbai,Kolkata,Books,767.0,2047.0,Standard,Regular,Sunday,October,Clear,High,2,2,11.8,229.0,1
ORD-101784,Mumbai,Chennai,Electronics,33938.0,1297.1,Economy,Regular,Sunday,November,Fog,Low,3,1,14.0,204.0,0
ORD-104295,Kolkata,Bengaluru,Clothing,7201.0,1893.2,Economy,Regular,Tuesday,March,Fog,Medium,2,0,19.3,191.0,1
ORD-100447,Hyderabad,Kolkata,Groceries,5665.0,1570.3,Economy,Regular,Saturday,September,Clear,Low,4,0,20.4,210.0,0
ORD-100881,Delhi,Bengaluru,Sports,3219.0,2208.2,Standard,Regular,Thursday,October,Clear,Low,1,0,12.8,252.0,0
ORD-104428,Mumbai,Mumbai,Electronics,27817.0,12.6,Express,Premium,Wednesday,February,Fog,Medium,3,0,10.0,152.0,0
ORD-105400,Mumbai,Visakhapatnam,Groceries,3219.0,1390.3,Standard,Premium,Sunday,April,Clear,Low,9,1,13.0,234.0,0
ORD-102728,Mumbai,Delhi,Electronics,11914.0,1376.1,Priority,Premium,Friday,May,Clear,High,3,1,25.6,475.0,1
ORD-103049,Hyderabad,Visakhapatnam,Home & Kitchen,3131.0,622.4,Standard,Regular,Friday,August,Cloudy,Medium,1,0,14.0,115.0,0
ORD-100782,Hyderabad,Delhi,Groceries,1734.0,1637.4,Express,Premium,Tuesday,November,Rain,High,3,0,6.5,299.0,0
ORD-102652,Delhi,Pune,Beauty,2474.0,1488.2,Economy,Regular,Monday,February,Clear,Low,2,2,4.9,154.0,0
ORD-105887,Delhi,Visakhapatnam,Clothing,1551.0,1651.7,Priority,Premium,Friday,November,Clear,Low,1,0,9.9,411.0,0
ORD-101750,Bengaluru,Mumbai,Home & Kitchen,5455.0,1026.5,Express,Premium,Thursday,August,Clear,Medium,4,1,18.2,289.0,0
ORD-102127,Delhi,Hyderabad,Books,1678.0,1591.7,Standard,Regular,Saturday,October,Clear,Low,3,1,28.7,205.0,1
ORD-103753,Bengaluru,Coimbatore,Home & Kitchen,3606.0,282.4,Priority,Premium,Wednesday,September,Rain,Low,1,2,20.0,148.0,0
ORD-102792,Mumbai,Nagpur,Books,376.0,848.1,Standard,New,Sunday,March,Clear,Medium,1,0,17.8,106.0,0
ORD-102424,Mumbai,Visakhapatnam,Beauty,1433.0,1413.0,Standard,New,Saturday,November,Cloudy,Medium,5,3,19.0,212.0,1
ORD-105917,Kolkata,Mumbai,Books,543.0,2066.2,Standard,Regular,Friday,December,Clear,Medium,1,1,32.7,,1
ORD-105218,Mumbai,Delhi,Groceries,3236.0,1438.2,Standard,Regular,Thursday,July,Rain,Low,6,2,12.0,242.0,0
ORD-100884,Bengaluru,Mumbai,Electronics,29024.0,1073.7,Economy,Regular,Thursday,August,Rain,Medium,2,0,14.5,191.0,0
ORD-103430,Kolkata,Nagpur,Electronics,13498.0,1292.6,Express,Premium,Friday,August,Rain,High,1,0,11.3,250.0,0
ORD-101092,Chennai,Jaipur,Home & Kitchen,3974.0,1905.2,Standard,Premium,Wednesday,April,Clear,Medium,1,1,17.6,225.0,0
ORD-104383,Delhi,Ahmedabad,Beauty,2624.0,991.0,Standard,New,Saturday,November,Cloudy,High,2,0,10.4,150.0,1
ORD-104166,Delhi,Pune,Beauty,2552.0,1425.8,Standard,New,Thursday,August,,High,2,2,10.8,202.0,1
ORD-100532,Chennai,Visakhapatnam,Clothing,1156.0,797.5,Economy,Regular,Thursday,March,Cloudy,Low,2,1,15.5,104.0,0
ORD-104356,Chennai,Kolkata,Groceries,2119.0,1659.5,Express,Regular,Sunday,September,Storm,Low,8,1,3.5,429.0,1
ORD-102439,Delhi,Pune,Sports,1533.0,1422.8,Standard,New,Thursday,October,Rain,Low,2,0,19.3,181.0,0
ORD-104910,Mumbai,Pune,Clothing,2643.0,143.7,Express,Regular,Wednesday,October,Fog,Low,3,2,7.3,134.0,0
ORD-104458,Bengaluru,Chandigarh,Sports,5369.0,2436.4,Standard,Premium,Monday,May,Cloudy,Low,2,1,9.6,247.0,0
ORD-104038,Kolkata,Kochi,Groceries,2922.0,2471.7,Express,New,Thursday,November,Cloudy,Low,4,1,31.0,535.0,0
ORD-104959,Delhi,Hyderabad,Beauty,1455.0,1588.0,Express,Premium,Friday,October,Cloudy,High,2,2,34.3,272.0,1
ORD-102291,Hyderabad,Lucknow,Clothing,983.0,1338.2,Standard,Regular,Tuesday,November,Clear,High,1,1,40.2,165.0,0
ORD-101728,Kolkata,Chennai,Electronics,14686.0,1520.1,Standard,Regular,Thursday,January,Fog,Low,2,0,,223.0,1
ORD-100611,Bengaluru,Lucknow,Books,1644.0,2039.9,Standard,New,Sunday,September,Storm,Low,3,1,8.9,235.0,0
ORD-100571,Delhi,Kolkata,Clothing,2166.0,1734.4,Priority,Regular,Wednesday,December,Clear,Low,1,0,13.6,475.0,0
ORD-105286,Mumbai,Chennai,Electronics,27453.0,1252.2,Standard,New,Sunday,November,Storm,Medium,3,0,18.7,238.0,1
ORD-101318,Mumbai,Visakhapatnam,Electronics,36531.0,1358.2,Express,Regular,Wednesday,September,Rain,High,2,1,9.8,365.0,1
ORD-100344,Bengaluru,Hyderabad,Sports,3362.0,669.5,Express,Regular,Wednesday,November,Cloudy,Low,1,2,12.2,164.0,0
ORD-100588,Delhi,Visakhapatnam,Books,2021.0,1627.9,Priority,Premium,Thursday,June,Rain,Medium,2,2,36.4,528.0,0
ORD-104723,Delhi,Ahmedabad,Beauty,1375.0,965.9,Express,New,Saturday,February,Storm,Medium,2,0,24.8,234.0,0
ORD-100637,Chennai,Bengaluru,Groceries,1046.0,337.7,Priority,Regular,Thursday,November,Clear,High,10,1,4.5,436.0,0
ORD-100435,Mumbai,Kochi,Home & Kitchen,2785.0,1400.5,Standard,New,Friday,February,Clear,Medium,2,0,14.9,208.0,1
ORD-101904,Mumbai,Kolkata,Groceries,1986.0,2172.9,Economy,New,Thursday,July,Rain,Medium,4,1,29.9,208.0,1
ORD-103216,Chennai,Lucknow,Clothing,1804.0,1847.6,Express,Regular,Friday,December,Fog,Low,1,0,4.4,339.0,1
ORD-100098,Mumbai,Indore,Home & Kitchen,2524.0,641.9,Economy,Regular,Saturday,September,Rain,High,2,1,25.3,107.0,1
ORD-105041,Delhi,Visakhapatnam,Beauty,2336.0,1702.1,Standard,New,Tuesday,March,Clear,Medium,2,0,13.7,241.0,0
ORD-103500,Kolkata,Chennai,Clothing,1988.0,1682.7,Standard,New,Sunday,September,Cloudy,Medium,3,0,14.6,230.0,0
ORD-103629,Chennai,Pune,Electronics,11605.0,1166.3,Priority,Premium,Monday,June,Rain,Low,1,0,21.4,433.0,0
ORD-105770,Chennai,Chennai,Sports,5828.0,28.4,Priority,Premium,Monday,February,Fog,Medium,3,0,7.8,143.0,0
ORD-102070,Bengaluru,Visakhapatnam,Clothing,1544.0,1027.0,Standard,New,Wednesday,February,Clear,Low,2,0,13.8,153.0,1
ORD-101538,Chennai,Mumbai,Beauty,973.0,1310.9,Standard,Regular,Saturday,November,Clear,Medium,1,1,6.5,157.0,0
ORD-103296,Hyderabad,Delhi,Clothing,7382.0,1544.1,Standard,New,Saturday,July,Storm,Low,3,1,50.0,224.0,1
ORD-104175,Kolkata,Chennai,Home & Kitchen,3765.0,1599.1,Standard,New,Sunday,December,Clear,Medium,2,0,21.6,186.0,1
ORD-104817,Delhi,Lucknow,Beauty,2018.0,515.1,Standard,Regular,Sunday,May,Fog,Low,4,0,7.4,143.0,0
ORD-103396,Hyderabad,Kolkata,Home & Kitchen,8692.0,1496.7,Economy,Regular,Wednesday,November,Cloudy,Medium,2,1,38.5,168.0,0
ORD-101518,Hyderabad,Kolkata,Sports,1219.0,1429.2,Economy,Premium,Friday,January,Clear,High,1,1,13.8,122.0,0
ORD-100966,Bengaluru,Jaipur,Sports,5718.0,1972.0,Express,New,Friday,March,Cloudy,Medium,3,0,11.2,420.0,0
ORD-105327,Bengaluru,Kolkata,Beauty,3999.0,1981.2,Standard,Regular,Thursday,December,Clear,High,2,1,8.6,218.0,1
ORD-100529,Kolkata,Indore,Beauty,825.0,1643.4,Standard,Regular,Friday,May,Clear,Medium,1,1,21.2,184.0,0
ORD-100177,Delhi,Kolkata,Sports,6686.0,1699.9,Economy,New,Monday,June,Clear,Low,1,0,5.7,193.0,0
ORD-102471,Bengaluru,Hyderabad,Home & Kitchen,3711.0,605.1,Express,Regular,Saturday,August,Cloudy,Medium,3,2,27.5,220.0,0
ORD-105902,Mumbai,Hyderabad,Clothing,2341.0,833.4,Economy,New,Friday,June,Rain,High,1,0,13.8,89.0,0
ORD-103675,Kolkata,Delhi,Electronics,24756.0,1643.9,Standard,Premium,Wednesday,September,Clear,Low,2,0,14.8,,0
ORD-103002,Bengaluru,Chennai,Clothing,1515.0,357.4,Standard,Premium,Tuesday,June,Cloudy,Low,3,0,22.9,107.0,0
ORD-105183,Mumbai,Kochi,Books,451.0,1296.4,Priority,Premium,Monday,April,Rain,High,1,0,14.4,324.0,0
ORD-100573,Bengaluru,Kolkata,Sports,1953.0,1869.3,Express,Premium,Friday,December,Clear,Medium,1,0,4.5,328.0,0
ORD-103337,Bengaluru,Hyderabad,Sports,912.0,618.6,Economy,Regular,Tuesday,August,Cloudy,High,1,0,7.6,77.0,0
ORD-100593,Delhi,Hyderabad,Sports,3845.0,1548.6,Standard,Regular,Friday,May,Rain,Low,2,2,10.1,212.0,0
ORD-105023,Kolkata,Visakhapatnam,Groceries,1990.0,985.0,Standard,Regular,Friday,July,Rain,Low,3,1,14.0,181.0,0
ORD-103063,Delhi,Hyderabad,Books,416.0,1651.8,Standard,Regular,Monday,June,Clear,High,1,0,11.4,177.0,0
ORD-103558,Hyderabad,Kolkata,Home & Kitchen,6675.0,1434.0,Standard,Regular,Monday,July,Storm,Medium,1,3,12.6,186.0,1
ORD-102375,Delhi,Kolkata,Electronics,17947.0,1679.6,Standard,New,Sunday,December,Clear,Medium,4,1,18.3,240.0,1
ORD-103065,Delhi,Chandigarh,Clothing,2954.0,297.5,Standard,New,Friday,January,Cloudy,Medium,5,0,4.9,117.0,0
ORD-105683,Mumbai,Nagpur,Clothing,1916.0,842.1,Standard,Regular,Wednesday,April,Clear,Medium,5,1,17.7,162.0,0
ORD-104374,Mumbai,Chennai,Electronics,7377.0,1284.3,Express,Premium,Monday,November,Clear,High,3,0,34.7,291.0,1
ORD-103733,Bengaluru,Visakhapatnam,Electronics,7621.0,906.7,Standard,Premium,Friday,October,Clear,Low,2,2,29.3,133.0,0
ORD-104240,Chennai,Delhi,Clothing,1830.0,1988.8,Standard,Regular,Wednesday,October,Clear,High,2,1,28.0,260.0,1
ORD-102209,Mumbai,Kolkata,Home & Kitchen,11887.0,1989.4,Economy,Regular,Thursday,January,Clear,Medium,4,1,6.9,241.0,1
ORD-105419,Mumbai,Mumbai,Beauty,2846.0,9.7,Priority,Premium,Wednesday,December,Fog,Medium,2,1,33.7,120.0,0
ORD-102493,Mumbai,Delhi,Clothing,10722.0,1473.9,Economy,Regular,Tuesday,May,Clear,,4,2,9.0,194.0,1
ORD-104871,Delhi,Hyderabad,Beauty,9363.0,1640.9,Economy,Regular,Thursday,September,Rain,Low,4,0,24.4,184.0,1
ORD-100384,Bengaluru,Mumbai,Home & Kitchen,1798.0,992.2,Express,New,Sunday,March,Rain,Low,2,2,28.9,227.0,0
ORD-100853,Kolkata,Lucknow,Groceries,1039.0,1118.2,Priority,Premium,Sunday,June,Clear,Low,5,0,34.9,438.0,1
ORD-101881,Bengaluru,Chennai,Electronics,7072.0,350.4,Standard,Regular,Saturday,October,Storm,Medium,1,0,12.4,100.0,0
ORD-100371,Kolkata,Patna,Clothing,2924.0,565.6,Express,Premium,Thursday,February,Fog,Low,2,1,25.6,146.0,0
ORD-103436,Bengaluru,Jaipur,Beauty,1188.0,1938.1,Standard,Regular,Friday,April,Clear,High,2,3,13.5,269.0,0
ORD-104273,Kolkata,Kochi,Electronics,16654.0,2323.2,Standard,Regular,Tuesday,March,Cloudy,Low,2,1,16.9,277.0,1
ORD-105748,Hyderabad,Bhopal,Clothing,3266.0,838.8,Standard,Regular,Sunday,November,Storm,Low,2,1,13.3,151.0,1
ORD-105220,Mumbai,Mumbai,Home & Kitchen,2105.0,24.0,Priority,Premium,Friday,November,Cloudy,High,3,1,22.4,160.0,0
ORD-105352,Chennai,Hyderabad,Beauty,774.0,630.3,Express,Regular,Saturday,September,Storm,Medium,1,0,14.9,189.0,0
ORD-101106,Kolkata,Bengaluru,Clothing,1183.0,2044.7,Standard,Regular,Tuesday,February,Clear,Low,4,1,29.9,242.0,0
ORD-103719,Hyderabad,Nagpur,Sports,3433.0,518.3,Standard,Regular,Saturday,January,Fog,Low,2,1,9.3,120.0,0
ORD-102362,Mumbai,Patna,Clothing,3241.0,1857.6,Standard,Regular,Sunday,November,Rain,Low,3,2,18.3,227.0,0
ORD-104869,Bengaluru,Kolkata,Electronics,17697.0,1990.7,Standard,Regular,Friday,June,Rain,Low,1,1,13.3,220.0,0
ORD-101337,Mumbai,Kolkata,Home & Kitchen,4344.0,1997.2,Economy,Regular,Monday,December,Fog,Low,4,0,21.9,217.0,1
ORD-102190,Hyderabad,Mumbai,Home & Kitchen,2583.0,761.4,Express,Regular,Tuesday,December,Fog,Low,1,1,22.9,169.0,0
ORD-105557,Delhi,Chandigarh,Groceries,1625.0,292.4,Standard,Premium,Tuesday,May,Cloudy,Low,4,0,25.9,108.0,0
ORD-105457,Mumbai,Chennai,Home & Kitchen,1543.0,1239.2,Economy,New,Saturday,June,Cloudy,Medium,2,0,26.4,138.0,0
ORD-103366,Delhi,Chennai,Sports,1475.0,2038.7,Express,Regular,Thursday,June,Rain,Medium,1,2,8.4,360.0,0
ORD-102247,Delhi,Bhopal,Beauty,2270.0,751.0,Standard,Regular,Sunday,February,Fog,Medium,4,1,18.4,170.0,0
ORD-105841,Delhi,Patna,Electronics,47361.0,1051.5,Economy,Regular,Monday,December,Cloudy,Medium,3,0,21.1,200.0,0
ORD-105870,Mumbai,Chennai,Clothing,3151.0,1238.0,Standard,New,Sunday,March,Cloudy,Low,2,2,15.4,159.0,0
ORD-101172,Chennai,Jaipur,Sports,8926.0,1946.8,Standard,Premium,Sunday,April,Clear,Medium,3,0,14.7,254.0,0
ORD-103275,Chennai,Kochi,Home & Kitchen,6926.0,714.2,Standard,Regular,Thursday,May,Clear,High,2,1,11.3,176.0,0
ORD-105107,Mumbai,Mumbai,Groceries,3945.0,40.3,Standard,New,Saturday,November,Clear,Medium,6,1,29.5,134.0,0
ORD-105395,Delhi,Nagpur,Groceries,1804.0,1091.6,Express,New,Wednesday,January,Fog,Low,3,0,10.9,261.0,0
ORD-101423,Bengaluru,Chennai,Electronics,43608.0,362.4,Standard,Regular,Tuesday,September,Rain,High,2,1,27.8,165.0,0
ORD-102687,Delhi,Mumbai,Books,931.0,1472.7,Express,New,Monday,January,Rain,Medium,3,0,18.5,314.0,1
ORD-105434,Delhi,Nagpur,Clothing,2827.0,1150.8,Economy,Regular,Sunday,July,Rain,Low,4,0,14.2,135.0,0
ORD-104666,Delhi,Kochi,Books,774.0,2667.5,Standard,New,Friday,September,Cloudy,Low,1,0,15.6,351.0,0
ORD-103823,Bengaluru,Indore,Electronics,12434.0,1395.4,Economy,New,Thursday,February,Cloudy,Medium,1,0,19.2,137.0,0
ORD-105022,Kolkata,Pune,Groceries,2569.0,2073.5,Express,Premium,Thursday,January,Cloudy,Medium,7,0,22.6,450.0,0
ORD-101465,Chennai,Pune,Electronics,34689.0,1165.3,Standard,Regular,Sunday,April,Clear,Medium,1,0,37.7,193.0,1
ORD-100875,Chennai,Chennai,Groceries,5842.0,21.4,Express,Premium,Friday,March,Rain,Medium,9,1,17.3,228.0,0
ORD-102298,Mumbai,Chennai,Books,452.0,1312.5,Express,Premium,Sunday,October,Cloudy,Medium,3,1,32.4,280.0,1
ORD-102644,Kolkata,Coimbatore,Clothing,2003.0,2295.6,Economy,New,Saturday,March,Cloudy,Medium,2,1,17.5,235.0,0
ORD-105544,Bengaluru,Nagpur,Electronics,34060.0,1135.1,Standard,Premium,Friday,June,Clear,High,2,1,9.1,181.0,0
ORD-105241,Mumbai,Mumbai,Beauty,2236.0,16.5,Priority,Premium,Monday,March,Storm,High,4,1,6.7,159.0,1
ORD-101252,Mumbai,Indore,Clothing,3111.0,602.1,Standard,Regular,Thursday,September,Rain,Low,2,2,25.0,109.0,0
ORD-103399,Chennai,Mumbai,Electronics,14496.0,1403.9,Standard,Regular,Tuesday,October,Clear,Medium,2,0,18.6,194.0,0
ORD-100841,Mumbai,Kolkata,Electronics,112312.0,2047.4,Standard,New,Saturday,October,Clear,High,2,1,25.8,353.0,1
ORD-104270,Chennai,Chennai,Clothing,8025.0,39.2,Standard,Regular,Saturday,May,Clear,Medium,3,1,40.0,91.0,0
ORD-100582,Bengaluru,Kochi,Home & Kitchen,8195.0,443.9,Priority,Premium,Friday,November,Clear,Medium,3,0,10.7,261.0,0
ORD-100205,Mumbai,Bhopal,Clothing,6310.0,790.9,Economy,Regular,Monday,June,Cloudy,Medium,5,1,11.9,131.0,0
ORD-101642,Mumbai,Patna,Home & Kitchen,7050.0,1732.4,Standard,Premium,Saturday,January,Storm,Low,3,1,10.6,220.0,0
ORD-102015,Delhi,Ahmedabad,Home & Kitchen,2043.0,909.4,Economy,New,Tuesday,October,Clear,Low,1,0,20.1,105.0,0
ORD-103254,Bengaluru,Mumbai,Groceries,1948.0,982.9,Priority,Premium,Sunday,July,Cloudy,Medium,9,0,5.4,431.0,0
ORD-100906,Chennai,Mumbai,Clothing,1930.0,1311.1,Economy,Regular,Monday,December,Fog,Medium,5,0,12.1,201.0,1
ORD-100632,Kolkata,Bengaluru,Electronics,15853.0,1911.6,Standard,Regular,Tuesday,April,Clear,Low,2,0,41.7,239.0,0
ORD-105410,Kolkata,Chandigarh,Electronics,20008.0,1830.2,Standard,Regular,Friday,December,Clear,Low,2,0,40.0,224.0,0
ORD-103640,Bengaluru,Coimbatore,Sports,2971.0,274.4,Economy,New,Saturday,March,Clear,Medium,2,0,10.2,73.0,0
ORD-101975,Mumbai,Mumbai,Electronics,20928.0,14.3,Standard,New,Friday,April,Clear,High,3,1,11.0,88.0,0
ORD-100163,Delhi,Delhi,Beauty,4347.0,14.4,Standard,Premium,Sunday,February,Cloudy,High,4,3,20.3,76.0,0
ORD-105689,Kolkata,Kochi,Home & Kitchen,2864.0,2270.2,Express,Regular,Thursday,April,Cloudy,High,1,0,10.8,396.0,1
ORD-104483,Kolkata,Mumbai,Electronics,26659.0,1994.3,Express,Regular,Thursday,October,Clear,Low,2,0,18.8,431.0,0
ORD-105442,Kolkata,Chennai,Electronics,11683.0,1606.2,Standard,Regular,Thursday,September,Clear,High,1,1,22.1,205.0,0
ORD-103589,Kolkata,Mumbai,Clothing,3181.0,1845.5,Standard,Regular,Sunday,June,Rain,High,2,0,34.5,207.0,1
ORD-100618,Delhi,Nagpur,Clothing,1011.0,1006.8,Priority,Regular,Wednesday,March,Clear,Low,1,1,17.5,299.0,0
ORD-100876,Hyderabad,Indore,Beauty,1170.0,827.5,Economy,Regular,Saturday,May,Rain,Medium,2,1,16.4,110.0,0
ORD-101432,Bengaluru,Kolkata,Furniture,17115.0,1880.5,Standard,Regular,Saturday,February,Cloudy,Medium,1,0,16.0,237.0,1
ORD-102974,Hyderabad,Bengaluru,Books,950.0,606.3,Standard,Regular,Tuesday,July,Rain,Medium,4,0,18.0,117.0,0
ORD-104188,Mumbai,Delhi,Electronics,5852.0,1357.1,Economy,New,Tuesday,June,Cloudy,Low,1,0,10.2,127.0,0
ORD-100548,Mumbai,Jaipur,Furniture,25422.0,1220.0,Economy,New,Monday,April,Clear,Medium,1,2,20.4,156.0,0
ORD-105817,Delhi,Kolkata,Electronics,8767.0,1700.9,Priority,Premium,Thursday,August,Rain,Medium,1,0,23.0,488.0,0
ORD-105503,Mumbai,Hyderabad,Clothing,4135.0,816.7,Standard,Premium,Thursday,November,Cloudy,High,3,1,6.3,125.0,0
ORD-105097,Chennai,Bengaluru,Beauty,1668.0,332.2,Standard,Regular,Thursday,November,Cloudy,Low,2,0,24.7,84.0,0
ORD-103455,Hyderabad,Indore,Groceries,1979.0,786.1,Priority,Premium,Saturday,June,Cloudy,Medium,8,3,7.5,400.0,0
ORD-103843,Chennai,Chandigarh,Electronics,8719.0,2416.4,Standard,New,Friday,August,Cloudy,Medium,2,1,21.5,261.0,0
ORD-105829,Bengaluru,Chennai,Electronics,14055.0,359.9,Express,Regular,Thursday,October,Cloudy,Medium,4,1,21.5,174.0,0
ORD-104939,Chennai,Delhi,Clothing,2291.0,2226.4,Priority,Premium,Monday,June,Rain,Medium,4,1,6.3,613.0,0
ORD-102857,Chennai,Patna,Groceries,2377.0,1713.0,Express,Premium,Thursday,August,Cloudy,High,7,1,2.6,447.0,0
ORD-101862,Hyderabad,Ahmedabad,Clothing,14276.0,1120.1,Standard,Regular,Friday,June,Cloudy,Medium,5,2,14.0,223.0,0
ORD-102660,Delhi,Hyderabad,Sports,6075.0,1541.8,Express,New,Monday,March,Clear,Low,2,0,11.0,296.0,0
ORD-105560,Mumbai,Kochi,Clothing,4668.0,1419.7,Standard,Regular,Tuesday,February,Fog,High,4,0,12.6,228.0,0
ORD-100641,Chennai,Ahmedabad,Electronics,10198.0,1749.4,Standard,Premium,Saturday,August,Cloudy,Medium,2,0,20.8,193.0,0
ORD-103893,Bengaluru,Ahmedabad,Groceries,1205.0,1514.2,Economy,Regular,Saturday,December,Cloudy,Medium,6,1,16.1,222.0,0
ORD-101010,Bengaluru,Indore,Sports,2633.0,1315.2,Standard,New,Wednesday,October,Cloudy,Medium,1,0,25.1,178.0,0
ORD-105922,Mumbai,Kolkata,Furniture,44911.0,2110.5,Economy,Regular,Friday,January,Cloudy,Medium,1,0,31.7,220.0,1
ORD-100638,Chennai,Kolkata,Groceries,1432.0,1674.8,Economy,Regular,Monday,August,Rain,High,8,1,8.6,210.0,1
ORD-103803,Delhi,Kolkata,Books,1813.0,1615.9,Standard,Regular,Thursday,July,Rain,High,5,1,5.6,236.0,1
ORD-104948,Kolkata,Mumbai,Electronics,23393.0,2279.9,Standard,New,Tuesday,July,Rain,High,3,0,17.6,356.0,1
ORD-105636,Chennai,Indore,Electronics,28836.0,1520.8,Standard,New,Friday,September,Storm,Medium,2,0,19.0,269.0,1
ORD-102309,Bengaluru,Delhi,Clothing,2810.0,2391.7,Standard,Regular,Thursday,October,Fog,Medium,4,1,13.5,366.0,0
ORD-104210,Mumbai,Delhi,Electronics,5317.0,1488.1,Economy,Regular,Sunday,November,Clear,Low,1,1,36.2,118.0,1
ORD-103146,Chennai,Lucknow,Electronics,,1782.0,Economy,Regular,Tuesday,April,Clear,Medium,1,5,13.1,152.0,1
ORD-104438,Delhi,Patna,Home & Kitchen,4325.0,1104.1,Standard,Regular,Sunday,July,Storm,Low,3,1,10.1,149.0,1
ORD-102097,Mumbai,Bengaluru,Electronics,6243.0,1114.0,Standard,Regular,Wednesday,August,Cloudy,Low,1,1,19.6,135.0,0
ORD-104695,Delhi,Mumbai,Electronics,25998.0,1438.1,Standard,New,Thursday,February,Clear,High,2,0,12.7,248.0,0
ORD-101957,Bengaluru,Delhi,Clothing,1775.0,2198.8,Standard,New,Tuesday,December,Clear,Low,2,1,29.3,278.0,0
ORD-101373,Delhi,Indore,Furniture,20858.0,765.0,Standard,Regular,Saturday,September,Rain,Medium,1,0,42.2,160.0,0
ORD-105598,Delhi,Hyderabad,Groceries,1572.0,1518.9,Express,Regular,Saturday,November,Clear,Low,5,1,9.5,374.0,0
ORD-100922,Kolkata,Mumbai,Home & Kitchen,5592.0,2143.5,Standard,Premium,Thursday,May,Rain,,3,0,14.7,263.0,1
ORD-100547,Delhi,Ahmedabad,Home & Kitchen,4575.0,969.0,Standard,Regular,Thursday,September,Rain,Medium,2,1,16.5,181.0,0
ORD-101450,Mumbai,Hyderabad,Books,506.0,786.8,Economy,Regular,Friday,June,Rain,Low,2,0,14.4,101.0,0
ORD-102805,Mumbai,Mumbai,Clothing,5336.0,30.4,Standard,Regular,Sunday,June,Clear,Medium,4,2,11.1,82.0,0
ORD-102611,Hyderabad,Bhopal,Clothing,2591.0,888.0,Express,Regular,Friday,April,Cloudy,Medium,3,0,16.6,256.0,0
ORD-101901,Bengaluru,Delhi,Clothing,2369.0,2152.3,Priority,Regular,Monday,May,Cloudy,High,4,1,23.6,668.0,1
ORD-102758,Chennai,Bhopal,Groceries,2014.0,1507.2,Express,Regular,Friday,November,Storm,Low,3,3,1.3,318.0,0
ORD-102029,Bengaluru,Visakhapatnam,Electronics,23975.0,1033.9,Standard,New,Saturday,June,Rain,Low,2,1,33.4,193.0,0
ORD-102302,Chennai,Delhi,Groceries,2659.0,2114.2,Economy,New,Sunday,November,Clear,Low,6,1,20.8,,0
ORD-101886,Delhi,Delhi,Sports,6077.0,29.1,Express,Premium,Sunday,November,Storm,Medium,4,0,25.9,159.0,0
ORD-101643,Bengaluru,Coimbatore,Clothing,4687.0,291.1,Standard,New,Monday,September,Rain,Low,4,0,5.3,114.0,0
ORD-100973,Mumbai,Chennai,Electronics,14693.0,1238.7,Standard,New,Wednesday,December,Cloudy,Medium,2,0,18.7,178.0,1
ORD-105822,Kolkata,Coimbatore,Groceries,2721.0,2060.6,Standard,Regular,Wednesday,June,Cloudy,High,10,0,11.0,363.0,0
ORD-102098,Bengaluru,Indore,Groceries,7612.0,1368.0,Economy,Regular,Friday,July,Cloudy,Low,7,1,1.6,194.0,1
ORD-105956,Chennai,Kolkata,Clothing,6444.0,1727.8,Express,New,Monday,December,Clear,High,5,0,17.2,370.0,1
ORD-104621,Mumbai,Hyderabad,Groceries,1852.0,782.6,Economy,Regular,Monday,November,Clear,High,5,0,12.5,136.0,1
ORD-105441,Mumbai,Coimbatore,Furniture,15485.0,1277.0,Priority,Premium,Friday,January,Rain,Low,1,1,22.1,387.0,0
ORD-100320,Hyderabad,Kochi,Electronics,29653.0,1060.7,Express,Premium,Wednesday,April,Rain,Medium,1,0,20.9,244.0,0
ORD-100837,Chennai,Bengaluru,Home & Kitchen,10189.0,380.4,Economy,Regular,Saturday,March,Clear,High,3,0,13.7,100.0,1
ORD-100602,Kolkata,Bengaluru,Sports,2451.0,2010.3,Economy,Regular,Tuesday,November,Clear,High,2,1,13.9,206.0,1
ORD-102185,Bengaluru,Delhi,Clothing,3051.0,2161.3,Standard,Regular,Saturday,July,Cloudy,Medium,1,0,10.9,231.0,0
ORD-104814,Hyderabad,Kolkata,Beauty,3336.0,1504.9,Standard,New,Thursday,November,Fog,Low,4,1,9.6,207.0,1
ORD-104318,Kolkata,Indore,Clothing,2019.0,1575.7,Standard,Premium,Thursday,October,Clear,Medium,2,1,17.6,173.0,0
ORD-105221,Mumbai,Delhi,Groceries,2176.0,1342.5,Standard,New,Sunday,September,Cloudy,High,3,0,18.3,211.0,0
ORD-101583,Delhi,Bhopal,Groceries,2045.0,789.5,Standard,Regular,Monday,December,Storm,Low,7,2,15.9,182.0,0
ORD-105150,Delhi,Kolkata,Books,256.0,1649.7,Express,Regular,Tuesday,April,Clear,High,1,1,11.5,325.0,1
ORD-103659,Kolkata,Pune,Sports,3706.0,1911.6,Economy,Regular,Friday,May,Clear,Medium,2,2,7.7,206.0,0
ORD-103939,Bengaluru,Mumbai,Home & Kitchen,5890.0,1012.8,Express,Regular,Saturday,March,Clear,Low,2,0,19.3,212.0,0
ORD-101071,Kolkata,Kolkata,Clothing,3163.0,32.5,Economy,New,Saturday,June,Rain,Low,3,0,15.2,60.0,0
ORD-101776,Bengaluru,Hyderabad,Clothing,1634.0,669.5,Standard,Regular,Sunday,May,Clear,Low,1,1,11.1,98.0,0
ORD-105821,Chennai,Mumbai,Groceries,2847.0,1313.7,Standard,Regular,Thursday,December,Clear,High,10,1,12.7,286.0,0
ORD-101284,Chennai,Bhopal,Electronics,11867.0,1432.3,Standard,Regular,Monday,May,Storm,Low,2,3,15.6,200.0,1
ORD-105036,Mumbai,Patna,Beauty,1896.0,1832.9,Express,Regular,Wednesday,August,Clear,Medium,1,0,24.7,302.0,0
ORD-104422,Mumbai,Chandigarh,Groceries,4599.0,1623.2,Standard,Premium,Wednesday,December,Storm,Low,6,0,21.7,212.0,0
ORD-105756,Bengaluru,Kolkata,Beauty,1964.0,1934.4,Express,Regular,Friday,November,Clear,Medium,1,1,34.5,354.0,0
ORD-101837,Mumbai,Chennai,Sports,1027.0,1228.2,Standard,Regular,Saturday,November,Cloudy,Medium,1,2,12.6,173.0,0
ORD-105122,Delhi,Jaipur,Clothing,1267.0,298.0,Express,Premium,Saturday,November,Clear,Low,3,0,14.4,182.0,0
ORD-101020,Bengaluru,Jaipur,Electronics,23831.0,1860.1,Standard,Regular,Thursday,March,Cloudy,Low,4,2,9.9,283.0,1
ORD-100971,Delhi,Mumbai,Books,657.0,1574.7,Express,New,Tuesday,January,Cloudy,Medium,3,0,21.4,326.0,0
ORD-101327,Delhi,Visakhapatnam,Electronics,26958.0,1749.3,Standard,Regular,Thursday,October,Cloudy,Medium,1,1,23.3,232.0,1
ORD-103406,Kolkata,Kochi,Home & Kitchen,8597.0,2347.1,Express,Regular,Sunday,August,Cloudy,High,2,1,16.5,445.0,0
ORD-100476,Delhi,Bengaluru,Clothing,5111.0,2339.7,Economy,New,Sunday,November,Cloudy,High,2,0,26.5,209.0,1
ORD-102811,Mumbai,Mumbai,Beauty,3431.0,42.3,Standard,Regular,Monday,January,Clear,Medium,3,0,18.2,85.0,0
ORD-104539,Mumbai,Indore,Home & Kitchen,7093.0,635.9,Standard,Regular,Tuesday,March,Cloudy,Medium,3,2,,159.0,0
ORD-101652,Delhi,Chennai,Books,625.0,2278.1,Standard,Regular,Saturday,July,Clear,Medium,3,1,28.2,248.0,1
ORD-105624,Bengaluru,Kolkata,Beauty,501.0,1927.9,Economy,Regular,Saturday,May,Rain,Low,3,2,22.9,214.0,0
ORD-105170,Delhi,Mumbai,Electronics,39916.0,1508.5,Standard,Regular,Wednesday,August,Rain,Medium,3,0,,270.0,0
ORD-102529,Kolkata,Lucknow,Electronics,13468.0,1135.3,Express,Premium,Tuesday,February,Clear,Low,1,0,12.0,254.0,0
ORD-103768,Delhi,Kolkata,Books,740.0,1764.9,Standard,New,Monday,October,Rain,Low,2,1,8.9,227.0,0
ORD-105862,Mumbai,Visakhapatnam,Sports,5724.0,1442.4,Economy,Regular,Thursday,November,Cloudy,Low,2,1,9.4,147.0,0
ORD-103734,Bengaluru,Chandigarh,Clothing,1131.0,2551.5,Priority,Premium,Sunday,December,Clear,High,3,3,25.2,691.0,1
ORD-101374,Kolkata,Mumbai,Groceries,1153.0,2133.4,Standard,Regular,Wednesday,July,Rain,High,4,0,20.0,276.0,1
ORD-100740,Delhi,Coimbatore,Home & Kitchen,4030.0,2583.1,Standard,Premium,Monday,October,Cloudy,High,1,1,15.8,218.0,1
ORD-104654,Mumbai,Bhopal,Electronics,2520.0,837.0,Standard,Regular,Friday,August,Rain,High,2,1,29.8,176.0,1
ORD-104982,Delhi,Chennai,Home & Kitchen,4420.0,2091.9,Priority,Regular,Saturday,September,Cloudy,High,3,0,13.8,501.0,1
ORD-100868,Kolkata,Bengaluru,Electronics,7090.0,2116.6,Standard,Regular,Friday,February,Clear,High,2,2,31.5,278.0,1
ORD-102975,Bengaluru,Coimbatore,Groceries,1288.0,281.9,Standard,Regular,Monday,April,Cloudy,High,5,2,27.6,137.0,0
ORD-101141,Delhi,Hyderabad,Groceries,7343.0,1545.1,Standard,New,Monday,September,,Medium,7,1,7.8,280.0,0
ORD-100998,Mumbai,Delhi,Electronics,19316.0,1528.3,Standard,Regular,Wednesday,February,Fog,Low,2,3,8.3,226.0,0
ORD-101338,Bengaluru,Hyderabad,Home & Kitchen,4201.0,630.8,Standard,New,Wednesday,June,Clear,High,4,0,11.4,142.0,1
ORD-100542,Bengaluru,Chennai,Books,1444.0,376.0,Standard,Regular,Tuesday,October,Cloudy,Low,2,0,19.3,108.0,0
ORD-101100,Mumbai,Ahmedabad,Groceries,,535.6,Economy,New,Thursday,December,Fog,Low,7,0,15.6,132.0,0
ORD-101133,Mumbai,Bhopal,Clothing,1056.0,843.6,Express,New,Thursday,April,Fog,Low,1,1,11.1,169.0,0
ORD-105875,Mumbai,Indore,Electronics,7415.0,713.0,Standard,Regular,Tuesday,February,Fog,Medium,1,1,19.8,123.0,1
ORD-104238,Kolkata,Chandigarh,Electronics,16463.0,1905.7,Economy,Regular,Friday,November,Rain,Low,2,2,30.2,185.0,1
ORD-102259,Mumbai,Mumbai,Clothing,4873.0,23.3,Standard,Regular,Monday,July,Rain,High,2,2,24.9,64.0,1
ORD-104891,Delhi,Chennai,Home & Kitchen,2178.0,2228.5,Priority,Premium,Monday,February,Fog,Medium,4,1,19.6,592.0,0
ORD-103391,Mumbai,Kolkata,Books,416.0,2025.8,Economy,Regular,Saturday,August,Clear,High,3,1,11.0,201.0,0
ORD-102963,Mumbai,Kolkata,Furniture,50528.0,2145.2,Standard,Regular,Sunday,December,Clear,Low,1,0,30.3,314.0,0
ORD-100060,Mumbai,Patna,Beauty,2747.0,1809.2,Standard,New,Tuesday,July,Rain,Low,4,0,10.8,295.0,1
ORD-103260,Mumbai,Hyderabad,Home & Kitchen,3485.0,749.9,Standard,New,Friday,April,Cloudy,Low,2,0,41.3,145.0,0
ORD-102207,Chennai,Delhi,Electronics,,2315.2,Economy,Regular,Wednesday,August,Clear,Low,3,0,8.5,199.0,1
ORD-101939,Delhi,Chennai,Beauty,959.0,2084.6,Priority,Regular,Saturday,November,,Medium,2,1,26.4,649.0,0
ORD-104094,Mumbai,Kolkata,Clothing,1610.0,2018.0,Standard,Regular,Monday,June,Storm,High,1,0,12.2,202.0,1
ORD-105984,Delhi,Chandigarh,Electronics,22790.0,306.8,Standard,Regular,Tuesday,October,Cloudy,Low,1,0,17.9,109.0,1
ORD-103571,Kolkata,Bengaluru,Beauty,768.0,1931.5,Standard,Regular,Saturday,June,Clear,Medium,3,3,10.2,218.0,0
ORD-102814,Mumbai,Visakhapatnam,Groceries,975.0,1367.0,Standard,Premium,Monday,June,Rain,Medium,5,1,32.6,189.0,1
ORD-105242,Delhi,Bengaluru,Electronics,13169.0,2186.1,Priority,Regular,Monday,December,Cloudy,High,2,0,23.4,642.0,0
ORD-103495,Mumbai,Bengaluru,Sports,1615.0,1092.0,Express,Regular,Saturday,August,Clear,High,4,2,23.4,305.0,0
ORD-101079,Chennai,Bengaluru,Beauty,3098.0,351.5,Standard,Premium,Saturday,July,Rain,Low,1,1,15.2,84.0,0
ORD-104577,Kolkata,Mumbai,Clothing,6328.0,2055.7,Priority,New,Tuesday,October,Rain,Low,1,0,8.5,,0
ORD-105559,Chennai,Lucknow,Groceries,2517.0,1889.6,Standard,Regular,Monday,April,Rain,Medium,8,0,3.7,304.0,0
ORD-104314,Kolkata,Visakhapatnam,Beauty,1421.0,902.8,Priority,New,Friday,September,Clear,Low,3,0,23.3,352.0,0
ORD-103794,Mumbai,Bengaluru,Books,902.0,961.3,Standard,Regular,Monday,March,Clear,Medium,4,1,12.4,169.0,0
ORD-105903,Mumbai,Hyderabad,Clothing,4479.0,777.8,Standard,Regular,Saturday,May,Clear,Low,5,0,14.8,161.0,0
ORD-102631,Mumbai,Indore,Clothing,1532.0,596.0,Economy,Regular,Thursday,May,Cloudy,High,3,0,36.6,100.0,1
ORD-104848,Chennai,Bengaluru,Books,1901.0,356.8,Express,Premium,Monday,September,Cloudy,Medium,5,0,12.1,170.0,0
ORD-103600,Delhi,Indore,Sports,4758.0,864.5,Express,Regular,Friday,March,Cloudy,Low,4,1,12.5,237.0,0
ORD-103482,Chennai,Delhi,Sports,2428.0,2236.3,Standard,Premium,Wednesday,July,Cloudy,Low,2,1,26.3,209.0,1
ORD-100941,Delhi,Kolkata,Electronics,12874.0,1644.8,Express,Regular,Wednesday,December,Clear,Medium,1,1,31.7,308.0,0
ORD-101081,Delhi,Mumbai,Electronics,,1337.2,Economy,Regular,Wednesday,July,Cloudy,Medium,2,0,18.2,169.0,0
ORD-100188,Mumbai,Chennai,Groceries,2053.0,1326.8,Economy,New,Saturday,October,Clear,Medium,3,0,27.5,139.0,1
ORD-103802,Mumbai,Kochi,Beauty,3026.0,1387.6,Standard,New,Friday,September,Rain,Medium,4,0,16.3,214.0,0
ORD-104173,Hyderabad,Patna,Electronics,24701.0,1398.0,Economy,Regular,Friday,October,Cloudy,Medium,2,1,18.9,169.0,1
ORD-102086,Delhi,Mumbai,Furniture,10349.0,1496.2,Standard,New,Monday,March,Clear,Medium,1,1,17.1,207.0,0
ORD-102250,Delhi,Bengaluru,Groceries,1233.0,2233.9,Economy,Regular,Thursday,January,Fog,Low,6,1,29.0,240.0,0
ORD-103765,Mumbai,Hyderabad,Groceries,4920.0,816.1,Express,Premium,Tuesday,August,Rain,Low,4,1,13.2,245.0,0
ORD-105928,Kolkata,Lucknow,Furniture,25400.0,1129.1,Standard,New,Saturday,June,Storm,Low,2,1,21.7,201.0,0
ORD-102024,Delhi,Delhi,Electronics,21228.0,22.0,Standard,Premium,Saturday,July,Rain,High,1,0,16.3,66.0,0
ORD-104792,Mumbai,Mumbai,Home & Kitchen,7691.0,28.7,Express,Regular,Friday,December,Fog,Medium,3,0,32.3,130.0,0
ORD-101493,Chennai,Mumbai,Electronics,,1222.3,Priority,Premium,Monday,September,Rain,Medium,2,0,16.5,460.0,0
ORD-105882,Delhi,Mumbai,Groceries,654.0,1454.3,Express,Regular,Friday,July,Rain,High,2,0,12.1,331.0,1
ORD-104109,Hyderabad,Nagpur,Groceries,4083.0,496.5,Standard,New,Sunday,February,Cloudy,Medium,3,2,4.1,119.0,0
ORD-100227,Mumbai,Hyderabad,Groceries,2411.0,762.9,Express,Premium,Saturday,August,Rain,Low,6,0,6.0,241.0,0
ORD-101014,Hyderabad,Lucknow,Clothing,1981.0,1368.9,Express,Regular,Saturday,June,Cloudy,Low,1,0,7.0,243.0,0
ORD-102584,Mumbai,Ahmedabad,Clothing,2719.0,570.6,Priority,Premium,Thursday,October,Clear,Medium,3,1,25.7,353.0,0
ORD-101930,Delhi,Kolkata,Books,1015.0,1578.7,Express,Regular,Thursday,January,Clear,Medium,2,2,13.7,297.0,0
ORD-104257,Mumbai,Patna,Sports,7561.0,1711.3,Economy,Regular,Wednesday,January,Fog,Low,5,1,13.5,228.0,0
ORD-105436,Mumbai,Indore,Furniture,22418.0,642.3,Express,New,Saturday,October,Rain,Low,1,0,32.8,206.0,1
ORD-101405,Mumbai,Jaipur,Clothing,1494.0,1179.1,Standard,New,Friday,May,Rain,Medium,3,1,8.4,187.0,0
ORD-102180,Hyderabad,Delhi,Sports,3804.0,1493.5,Express,Regular,Tuesday,February,Fog,Medium,3,0,9.9,403.0,0
ORD-100698,Bengaluru,Bengaluru,Electronics,37392.0,35.8,Standard,Regular,Wednesday,November,Cloudy,Medium,3,0,25.0,114.0,0
ORD-101125,Delhi,Chennai,Electronics,35552.0,2241.8,Standard,Premium,Monday,May,Cloudy,High,3,1,11.5,259.0,1
ORD-103283,Delhi,Hyderabad,Sports,9043.0,1594.7,Express,Regular,Thursday,April,Clear,High,4,1,14.2,340.0,1
ORD-105248,Mumbai,Hyderabad,Clothing,2499.0,746.8,Priority,Premium,Saturday,April,Clear,Low,2,0,3.3,289.0,0
ORD-104152,Bengaluru,Patna,Electronics,9915.0,1995.2,Economy,New,Thursday,November,Clear,Low,2,3,21.2,218.0,1
ORD-101779,Delhi,Chandigarh,Books,1436.0,304.5,Express,Regular,Tuesday,April,Clear,Low,3,0,3.6,195.0,0
ORD-102635,Bengaluru,Bengaluru,Electronics,15469.0,14.0,Standard,Premium,Saturday,August,Rain,Medium,3,1,13.1,83.0,0
ORD-103092,Hyderabad,Indore,Home & Kitchen,13327.0,805.5,Standard,Regular,Monday,February,Cloudy,Low,3,0,16.1,162.0,0
ORD-105155,Mumbai,Chandigarh,Books,2089.0,1835.3,Express,Premium,Saturday,November,Clear,Medium,2,0,17.3,366.0,0
ORD-101657,Delhi,Mumbai,Books,658.0,1383.0,Standard,New,Sunday,November,Clear,High,1,1,15.2,174.0,0
ORD-101038,Delhi,Lucknow,Clothing,1089.0,521.0,Express,Regular,Sunday,November,Cloudy,Medium,3,1,16.5,172.0,0
ORD-105126,Mumbai,Coimbatore,Sports,1633.0,1264.1,Express,Premium,Friday,November,Clear,High,1,1,20.9,270.0,0
ORD-102257,Hyderabad,Mumbai,Groceries,7883.0,803.1,Standard,Regular,Monday,November,Clear,High,8,1,4.8,233.0,0
ORD-103853,Delhi,Delhi,Sports,2940.0,37.8,Standard,Regular,Wednesday,November,Clear,High,3,1,16.5,71.0,0
ORD-105990,Bengaluru,Kolkata,Home & Kitchen,4337.0,1922.6,Standard,Regular,Saturday,September,Rain,Medium,2,1,10.2,242.0,1
ORD-100314,Delhi,Bhopal,Electronics,14094.0,715.0,Priority,Premium,Wednesday,May,Cloudy,Low,3,1,17.2,308.0,0
ORD-102650,Kolkata,Kolkata,Home & Kitchen,4550.0,32.1,Economy,Regular,Thursday,April,Clear,High,3,0,9.8,62.0,0
ORD-102282,Mumbai,Kochi,Groceries,6256.0,1262.3,Standard,Regular,Sunday,November,Clear,Low,12,1,26.0,292.0,0
ORD-103771,Hyderabad,Delhi,Electronics,10094.0,1555.9,Standard,Regular,Tuesday,November,Rain,Medium,2,0,16.8,231.0,1
ORD-104329,Kolkata,Delhi,Furniture,5208.0,1470.6,Standard,New,Thursday,April,Cloudy,High,1,0,38.1,178.0,1
ORD-102548,Mumbai,Jaipur,Groceries,2437.0,1173.6,Express,Regular,Friday,November,Clear,Low,15,1,24.9,602.0,0
ORD-101417,Bengaluru,Chandigarh,Electronics,9828.0,2622.7,Economy,New,Wednesday,October,Fog,Medium,2,0,15.7,263.0,1
ORD-101037,Delhi,Bengaluru,Furniture,13655.0,2143.7,Economy,Regular,Monday,October,Rain,Low,1,2,33.5,193.0,1
ORD-102160,Mumbai,Delhi,Sports,1530.0,1498.4,Priority,Premium,Saturday,November,Cloudy,Low,2,1,17.6,471.0,0
ORD-102985,Mumbai,Kochi,Furniture,46072.0,1386.4,Economy,New,Friday,December,Fog,Medium,1,1,29.2,183.0,1
ORD-103138,Mumbai,Kolkata,Furniture,13249.0,2026.3,Priority,Premium,Wednesday,April,,Low,1,1,34.9,569.0,0
ORD-105403,Delhi,Bhopal,Electronics,11328.0,808.8,Standard,New,Saturday,September,Rain,Medium,2,1,11.3,161.0,0
ORD-101755,Delhi,Hyderabad,Sports,4233.0,1575.4,Standard,Premium,Thursday,February,Cloudy,Low,1,0,19.4,166.0,0
ORD-104304,Delhi,Jaipur,Electronics,22649.0,289.4,Economy,Regular,Thursday,July,Cloudy,Low,1,1,12.7,89.0,0
ORD-105805,Bengaluru,Kolkata,Furniture,28010.0,1973.1,Standard,New,Saturday,January,Clear,Medium,1,1,14.8,291.0,1
ORD-103898,Delhi,Mumbai,Electronics,12519.0,1457.7,Express,Regular,Thursday,December,Clear,High,4,0,21.8,316.0,0
ORD-104360,Chennai,Lucknow,Clothing,5508.0,1875.9,Standard,Regular,Wednesday,November,Clear,Medium,3,2,7.9,265.0,1
ORD-102521,Mumbai,Kochi,Books,436.0,1311.2,Economy,Premium,Monday,January,Rain,Low,2,0,23.1,121.0,0
ORD-100874,Delhi,Delhi,Furniture,10391.0,36.7,Standard,New,Wednesday,March,Cloudy,Medium,1,1,22.2,61.0,0
ORD-104474,Mumbai,Nagpur,Beauty,3046.0,819.3,Express,Premium,Friday,January,Cloudy,Low,1,0,14.4,175.0,0
ORD-104533,Chennai,Delhi,Home & Kitchen,4854.0,2336.0,Economy,Regular,Friday,June,Storm,Medium,2,2,16.9,223.0,1
ORD-101507,Chennai,Visakhapatnam,Groceries,2489.0,691.3,Express,New,Saturday,May,Clear,Medium,9,0,5.9,311.0,0
ORD-103974,Mumbai,Delhi,Clothing,1124.0,1493.7,Economy,Regular,Friday,January,Clear,High,2,0,9.3,158.0,0
ORD-101924,Delhi,Jaipur,Beauty,1539.0,264.5,Standard,Premium,Sunday,December,Clear,Low,1,2,13.8,70.0,0
ORD-100449,Mumbai,Kolkata,Electronics,12024.0,2023.9,Standard,Regular,Monday,August,Cloudy,Medium,2,1,15.7,238.0,1
ORD-103535,Chennai,Pune,Groceries,1781.0,1164.0,Standard,Regular,Tuesday,November,Clear,Low,1,1,24.9,155.0,0
ORD-103651,Delhi,Nagpur,Beauty,431.0,1090.6,Standard,Regular,Tuesday,November,Clear,Medium,1,1,20.3,171.0,0
ORD-100747,Delhi,Kochi,Groceries,1299.0,2588.8,Standard,Premium,Thursday,July,Rain,High,5,0,25.5,288.0,1
ORD-103709,Delhi,Mumbai,Sports,5298.0,1440.2,Priority,Premium,Tuesday,June,Cloudy,Low,2,3,13.2,425.0,0
ORD-103258,Delhi,Patna,Home & Kitchen,2446.0,1112.2,Economy,Regular,Saturday,November,Clear,Low,3,1,20.6,139.0,0
ORD-100362,Mumbai,Kolkata,Electronics,10669.0,2117.4,Economy,Regular,Friday,September,Rain,Medium,1,1,14.6,190.0,0
ORD-102184,Mumbai,Ahmedabad,Clothing,2695.0,545.6,Standard,New,Friday,August,Cloudy,High,2,1,20.1,81.0,0
ORD-101135,Hyderabad,Coimbatore,Electronics,47006.0,944.5,Priority,Premium,Tuesday,February,Cloudy,Low,2,0,6.4,437.0,0
ORD-104878,Chennai,Hyderabad,Clothing,1774.0,633.2,Standard,Regular,Wednesday,June,Rain,Medium,3,2,21.8,146.0,0
ORD-103200,Hyderabad,Hyderabad,Home & Kitchen,3563.0,29.8,Express,New,Monday,February,Clear,Low,3,0,5.8,128.0,0
ORD-104825,Delhi,Chennai,Books,909.0,2298.5,Standard,Regular,Monday,September,Rain,High,2,1,5.0,209.0,1
ORD-103439,Mumbai,Indore,Books,773.0,696.4,Standard,Regular,Friday,July,Rain,Medium,1,0,10.9,121.0,0
ORD-102156,Kolkata,Visakhapatnam,Beauty,1398.0,879.5,Standard,Regular,Sunday,December,Fog,High,4,1,21.4,161.0,1
ORD-101831,Bengaluru,Visakhapatnam,Electronics,22025.0,996.4,Standard,Regular,Wednesday,June,Clear,Low,3,1,12.3,187.0,0
ORD-101054,Mumbai,Hyderabad,Clothing,2189.0,752.5,Standard,Regular,Wednesday,June,Rain,High,2,1,14.8,111.0,1
ORD-102461,Kolkata,Pune,Electronics,10572.0,2027.5,Standard,Regular,Monday,January,Clear,High,3,1,18.6,275.0,1
ORD-100023,Hyderabad,Bhopal,Furniture,18161.0,866.5,Standard,Regular,Saturday,July,Rain,Medium,1,0,15.1,166.0,0
ORD-102067,Bengaluru,Bhopal,Clothing,1615.0,1482.1,Express,Regular,Monday,July,Rain,Medium,2,0,18.1,339.0,0
ORD-101654,Mumbai,Ahmedabad,Books,628.0,563.1,Standard,Regular,Saturday,January,Clear,Medium,1,0,9.1,108.0,0
ORD-103738,Chennai,Chandigarh,Electronics,14136.0,2385.0,Standard,New,Thursday,July,,Medium,4,2,11.5,309.0,0
ORD-104373,Bengaluru,Bengaluru,Home & Kitchen,3690.0,41.0,Economy,Regular,Monday,January,Cloudy,Medium,2,2,15.6,62.0,0
ORD-102744,Kolkata,Lucknow,Electronics,70526.0,1076.0,Economy,Regular,Saturday,June,Storm,Low,6,1,15.3,308.0,1
ORD-104412,Mumbai,Ahmedabad,Groceries,2198.0,570.6,Economy,Regular,Thursday,August,Rain,High,5,0,2.6,139.0,1
ORD-104921,Delhi,Indore,Clothing,3033.0,885.0,Standard,Premium,Saturday,December,Clear,High,4,0,27.1,165.0,1
ORD-102469,Bengaluru,Indore,Furniture,9810.0,1348.0,Economy,New,Friday,August,Cloudy,Medium,2,0,35.7,148.0,1
ORD-102326,Hyderabad,Chennai,Groceries,1591.0,607.8,Standard,Regular,Friday,October,Rain,Low,8,2,15.8,188.0,0
ORD-100461,Bengaluru,Chennai,Home & Kitchen,,344.5,Express,Regular,Saturday,May,Rain,Medium,4,1,9.0,212.0,0
ORD-101068,Chennai,Pune,Clothing,2638.0,1214.1,Express,Regular,Saturday,November,Clear,Low,4,0,26.3,312.0,0
ORD-100088,Bengaluru,Chennai,Clothing,745.0,342.1,Express,New,Friday,October,Cloudy,Medium,1,0,14.0,157.0,1
ORD-101431,Hyderabad,Mumbai,Furniture,8483.0,757.1,Express,Regular,Monday,November,Clear,Medium,1,1,22.2,211.0,0
ORD-105251,Bengaluru,Hyderabad,Books,1468.0,617.6,Standard,Regular,Saturday,July,Clear,Medium,1,1,12.3,100.0,0
ORD-100283,Delhi,Delhi,Clothing,1874.0,43.4,Economy,Regular,Tuesday,November,Storm,Medium,3,4,12.1,58.0,0
ORD-102484,Delhi,Jaipur,Books,1357.0,279.5,Standard,Regular,Sunday,June,Cloudy,Medium,1,0,,98.0,0
ORD-100463,Hyderabad,Lucknow,Electronics,30818.0,1409.7,Economy,Regular,Wednesday,November,Cloudy,Medium,1,0,16.4,189.0,0
ORD-100213,Mumbai,Delhi,Books,486.0,1438.5,Economy,Regular,Sunday,November,Clear,Medium,1,1,23.6,134.0,0
ORD-102589,Bengaluru,Hyderabad,Sports,8988.0,598.9,Economy,Regular,Wednesday,December,Cloudy,Low,3,0,9.1,112.0,0
ORD-103613,Bengaluru,Kolkata,Sports,5311.0,2090.4,Priority,Premium,Friday,January,Fog,Medium,1,1,5.0,517.0,0
ORD-103892,Chennai,Indore,Groceries,914.0,1388.1,Express,Regular,Thursday,October,Clear,Medium,4,0,23.4,343.0,1
ORD-102908,Mumbai,Mumbai,Sports,1806.0,11.8,Standard,Premium,Friday,November,Clear,High,1,1,31.4,52.0,0
ORD-102582,Kolkata,Delhi,Electronics,17274.0,1675.9,Express,Regular,Saturday,October,Clear,Low,3,0,30.6,457.0,0
ORD-101369,Mumbai,Patna,Clothing,7109.0,1863.1,Priority,New,Wednesday,June,Rain,Medium,5,0,10.5,700.0,0
ORD-100235,Hyderabad,Delhi,Books,356.0,1499.9,Economy,Regular,Wednesday,May,Clear,Medium,5,1,8.8,181.0,0
ORD-104005,Bengaluru,Coimbatore,Home & Kitchen,7281.0,300.1,Priority,Premium,Monday,October,Rain,High,4,0,7.1,246.0,0
ORD-100598,Chennai,Chennai,Furniture,8878.0,23.6,Express,Premium,Saturday,February,Clear,Medium,1,0,,79.0,0
ORD-105347,Chennai,Lucknow,Home & Kitchen,2044.0,1789.7,Express,Regular,Monday,November,Cloudy,Medium,1,1,18.2,302.0,0
ORD-102251,Bengaluru,Delhi,Furniture,6493.0,2214.1,Economy,Regular,Thursday,March,Cloudy,Medium,1,1,39.6,173.0,1
ORD-104918,Chennai,Kochi,Clothing,4420.0,671.5,Standard,Regular,Monday,November,Cloudy,Low,4,0,19.8,141.0,0
ORD-102284,Chennai,Indore,Clothing,2250.0,1505.0,Standard,Regular,Saturday,November,Clear,Low,2,0,11.7,214.0,0
ORD-100663,Mumbai,Bhopal,Books,680.0,835.0,Economy,Regular,Saturday,September,Cloudy,Medium,3,2,8.9,116.0,1
ORD-103594,Mumbai,Kolkata,Sports,4262.0,2103.7,Priority,Premium,Thursday,September,Rain,High,3,0,17.1,589.0,0
ORD-102286,Mumbai,Chandigarh,Electronics,7635.0,1673.1,Express,Premium,Saturday,September,Rain,Low,1,0,16.0,277.0,0
ORD-103432,Bengaluru,Chandigarh,Electronics,20678.0,2490.7,Express,New,Monday,February,Fog,Medium,3,2,12.6,577.0,1
ORD-105711,Kolkata,Kochi,Groceries,3479.0,2290.1,Express,Regular,Sunday,December,Clear,Medium,4,2,14.8,443.0,0
ORD-104668,Delhi,Ahmedabad,Sports,8503.0,989.6,Standard,Regular,Saturday,May,Storm,Medium,2,0,22.1,189.0,0
ORD-104662,Hyderabad,Kolkata,Sports,3233.0,1440.8,Economy,Regular,Friday,June,Rain,High,2,1,9.2,155.0,0
ORD-105527,Delhi,Bengaluru,Clothing,2251.0,2186.9,Express,Regular,Wednesday,November,Clear,Medium,1,0,13.3,419.0,1
ORD-103469,Delhi,Jaipur,Clothing,2616.0,303.6,Standard,Premium,Saturday,January,Cloudy,Low,2,1,19.3,80.0,0
ORD-103617,Delhi,Ahmedabad,Beauty,607.0,1000.0,Standard,Regular,Thursday,November,Cloudy,Low,1,0,10.1,151.0,0
ORD-102991,Kolkata,Patna,Clothing,2189.0,562.7,Economy,Regular,Sunday,January,Storm,Low,2,1,17.2,86.0,0
ORD-105386,Kolkata,Chennai,Groceries,1863.0,1740.0,Express,Regular,Saturday,November,Clear,Low,6,3,13.0,479.0,0
ORD-100780,Kolkata,Lucknow,Clothing,744.0,1069.7,Priority,Regular,Monday,February,Cloudy,Low,2,1,25.2,343.0,0
ORD-102545,Bengaluru,Delhi,Electronics,14441.0,2433.3,Express,Regular,Thursday,July,Storm,Medium,2,1,20.5,519.0,1
ORD-104499,Kolkata,Kolkata,Sports,7525.0,44.5,Standard,Premium,Sunday,December,Fog,Medium,1,0,25.8,56.0,0
ORD-104528,Chennai,Kolkata,Furniture,7517.0,1714.9,Express,Premium,Monday,June,Clear,Low,1,0,23.0,316.0,1
ORD-105166,Chennai,Kochi,Sports,5956.0,733.7,Standard,Regular,Thursday,July,Rain,Medium,1,1,10.4,109.0,0
ORD-104366,Mumbai,Chennai,Groceries,1236.0,1389.4,Standard,Regular,Sunday,July,Cloudy,High,3,0,13.3,211.0,0
ORD-104980,Hyderabad,Jaipur,Home & Kitchen,1880.0,1395.7,Economy,New,Thursday,April,Rain,Medium,1,0,28.3,125.0,0
ORD-105855,Mumbai,Chennai,Clothing,2238.0,1283.4,Standard,Regular,Wednesday,May,Cloudy,High,1,1,7.2,194.0,0
ORD-100686,Delhi,Delhi,Electronics,10762.0,25.1,Express,Regular,Saturday,November,Clear,High,2,0,20.6,130.0,0
ORD-105606,Bengaluru,Bengaluru,Groceries,1943.0,26.8,Express,Premium,Saturday,April,Clear,Low,6,0,4.4,167.0,0
ORD-103606,Mumbai,Pune,Beauty,1356.0,156.4,Standard,Regular,Friday,October,Cloudy,Low,2,2,16.8,74.0,0
ORD-103244,Delhi,Chennai,Sports,3026.0,2157.5,Economy,New,Monday,November,Clear,High,2,0,28.6,208.0,1
ORD-101749,Bengaluru,Chennai,Beauty,2764.0,371.2,Economy,Regular,Thursday,September,Clear,Medium,3,1,17.1,85.0,0
ORD-103971,Hyderabad,Lucknow,Sports,3006.0,1347.4,Economy,Regular,Tuesday,November,Rain,Medium,3,1,10.2,167.0,0
ORD-104996,Delhi,Mumbai,Electronics,28643.0,1407.9,Standard,Regular,Tuesday,September,Rain,Medium,3,2,24.2,241.0,0
ORD-102838,Delhi,Lucknow,Sports,5082.0,550.1,Standard,New,Sunday,August,Clear,High,2,0,15.1,144.0,0
ORD-103033,Delhi,Delhi,Clothing,2454.0,14.6,Priority,Premium,Monday,September,Cloudy,Low,2,0,7.6,135.0,0
ORD-102172,Delhi,Kolkata,Home & Kitchen,2817.0,1615.9,Economy,Regular,Wednesday,May,Fog,High,2,0,12.3,200.0,1
ORD-103847,Chennai,Nagpur,Clothing,1357.0,1084.0,Standard,Regular,Wednesday,September,,Medium,4,0,11.4,179.0,1
ORD-101851,Delhi,Jaipur,Sports,2660.0,290.3,Standard,Premium,Tuesday,October,Cloudy,High,3,0,22.4,77.0,0
ORD-100488,Delhi,Kolkata,Electronics,53441.0,1616.8,Standard,Regular,Saturday,February,Fog,Medium,2,2,25.5,253.0,1
ORD-101689,Bengaluru,Delhi,Clothing,1586.0,2207.7,Express,Regular,Monday,October,Clear,High,3,0,8.4,559.0,0
ORD-102231,Delhi,Chennai,Clothing,3695.0,2095.5,Standard,Regular,Thursday,May,Clear,Medium,3,2,15.4,272.0,0
ORD-103474,Delhi,Bengaluru,Groceries,2192.0,2195.7,Standard,New,Saturday,June,Rain,Medium,5,0,7.3,322.0,0
ORD-105113,Chennai,Bengaluru,Beauty,2259.0,352.4,Economy,Premium,Wednesday,May,Clear,Medium,2,0,7.6,77.0,0
ORD-102321,Mumbai,Ahmedabad,Electronics,21378.0,553.9,Standard,New,Monday,February,Clear,Medium,3,1,27.5,148.0,0
ORD-100783,Bengaluru,Kochi,Furniture,23866.0,462.1,Priority,Regular,Sunday,December,Clear,Low,1,2,29.3,256.0,0
ORD-100522,Delhi,Hyderabad,Sports,4818.0,1613.7,Express,Regular,Friday,August,Cloudy,High,3,1,17.1,439.0,1
ORD-100523,Mumbai,Bengaluru,Beauty,1149.0,1109.2,Priority,Premium,Monday,June,Rain,Low,3,0,9.0,388.0,0
ORD-104099,Chennai,Bhopal,Books,460.0,1480.3,Standard,Regular,Thursday,November,Clear,Medium,2,1,5.8,201.0,1
ORD-102940,Mumbai,Pune,Books,1221.0,151.7,Standard,New,Saturday,August,Cloudy,Medium,3,1,21.7,76.0,0
ORD-104726,Delhi,Visakhapatnam,Furniture,25309.0,1753.0,Standard,Regular,Tuesday,October,Rain,Medium,1,0,26.0,239.0,1
ORD-105260,Mumbai,Chennai,Electronics,14776.0,1255.8,Economy,Regular,Saturday,June,Cloudy,Low,2,0,14.1,135.0,0
ORD-102399,Mumbai,Visakhapatnam,Home & Kitchen,5680.0,1406.4,Standard,Premium,Friday,July,Cloudy,High,3,0,21.8,175.0,0
ORD-102208,Bengaluru,Delhi,Clothing,,2100.5,Standard,New,Tuesday,January,Rain,Low,5,1,2.1,270.0,0
ORD-104563,Delhi,Mumbai,Clothing,3431.0,1405.0,Standard,Regular,Wednesday,May,Rain,Medium,2,0,9.5,206.0,0
ORD-100781,Delhi,Delhi,Home & Kitchen,1541.0,11.7,Standard,New,Wednesday,November,Clear,High,1,0,17.4,47.0,1
ORD-104733,Delhi,Lucknow,Electronics,19596.0,473.5,Express,Premium,Wednesday,October,Cloudy,Low,2,0,35.3,191.0,0
ORD-105508,Delhi,Ahmedabad,Groceries,2246.0,905.2,Express,Regular,Saturday,October,Clear,High,10,1,10.8,361.0,0
ORD-101512,Mumbai,Jaipur,Sports,3863.0,1221.1,Economy,Regular,Thursday,April,Clear,Medium,3,0,31.1,126.0,0
ORD-101883,Delhi,Coimbatore,Beauty,1478.0,2406.3,Economy,Regular,Friday,June,Clear,High,2,1,13.6,231.0,1
ORD-100652,Hyderabad,Visakhapatnam,Beauty,2814.0,679.5,Express,Premium,Sunday,July,Rain,Low,3,3,20.8,190.0,0
ORD-105888,Mumbai,Bengaluru,Books,728.0,1073.9,Express,New,Wednesday,September,Cloudy,Medium,2,1,13.0,223.0,1
ORD-101802,Chennai,Mumbai,Electronics,29429.0,1295.3,Standard,Regular,Thursday,March,Cloudy,High,2,1,30.1,242.0,1
ORD-100370,Hyderabad,Kolkata,Sports,2047.0,1451.2,Standard,Regular,Wednesday,October,Cloudy,Low,2,2,14.9,222.0,0
ORD-105285,Mumbai,Nagpur,Groceries,1509.0,811.1,Economy,New,Thursday,August,Cloudy,Medium,6,0,10.7,168.0,0
ORD-104680,Kolkata,Hyderabad,Clothing,1753.0,1479.2,Standard,New,Monday,October,Cloudy,High,3,1,18.0,171.0,1
ORD-100119,Delhi,Nagpur,Clothing,1441.0,1032.2,Economy,Regular,Monday,December,Fog,Low,1,0,7.4,113.0,0
ORD-100378,Delhi,Patna,Groceries,2477.0,1021.8,Express,Regular,Wednesday,October,Clear,High,6,1,12.2,306.0,0
ORD-100217,Mumbai,Indore,Home & Kitchen,2693.0,611.4,Express,Premium,Tuesday,October,Clear,Medium,2,1,12.5,215.0,0
ORD-102217,Mumbai,Nagpur,Beauty,3787.0,856.9,Express,Regular,Thursday,July,Cloudy,Low,4,0,6.8,259.0,0
ORD-104604,Chennai,Mumbai,Books,470.0,1350.9,Express,Regular,Friday,November,Cloudy,Medium,3,0,37.1,232.0,0
ORD-101614,Delhi,Delhi,Groceries,2160.0,33.7,Express,Premium,Friday,June,Rain,High,6,0,4.3,164.0,0
ORD-102884,Delhi,Ahmedabad,Electronics,6546.0,976.5,Priority,Premium,Wednesday,November,Clear,,2,1,13.9,319.0,0
ORD-104337,Mumbai,Kochi,Groceries,3239.0,1307.0,Standard,New,Saturday,April,Clear,Low,8,1,11.3,301.0,0
ORD-105435,Chennai,Indore,Clothing,5457.0,1492.3,Standard,Premium,Tuesday,December,Fog,Low,3,1,32.1,216.0,0
ORD-100963,Mumbai,Jaipur,Furniture,12278.0,1142.0,Express,Premium,Monday,February,Clear,Medium,2,0,38.2,279.0,0
ORD-105898,Kolkata,Chennai,Books,2601.0,1639.1,Express,New,Tuesday,August,Clear,High,4,0,4.5,378.0,1
ORD-102511,Bengaluru,Chennai,Electronics,20757.0,392.5,Express,New,Friday,April,Cloudy,Low,5,2,24.9,252.0,0
ORD-105685,Delhi,Nagpur,Electronics,11387.0,1115.8,Standard,Regular,Friday,August,Clear,Medium,1,1,19.9,154.0,0
ORD-104609,Mumbai,Pune,Home & Kitchen,3730.0,149.3,Economy,New,Sunday,February,Clear,Medium,1,0,7.2,60.0,0
ORD-104081,Delhi,Indore,Electronics,16631.0,854.4,Economy,Regular,Monday,April,Clear,Low,2,1,10.1,151.0,0
ORD-100360,Bengaluru,Hyderabad,Electronics,46939.0,623.9,Standard,Regular,Saturday,February,Clear,Low,2,2,11.1,200.0,0
ORD-101247,Bengaluru,Patna,Books,417.0,1959.2,Express,New,Tuesday,November,Clear,Low,2,0,18.4,475.0,0
ORD-103409,Bengaluru,Kolkata,Groceries,1731.0,2005.1,Express,Premium,Wednesday,November,Clear,High,4,0,26.2,359.0,0
ORD-104212,Delhi,Hyderabad,Books,1658.0,1637.6,Express,Premium,Monday,October,Clear,Low,2,0,31.7,300.0,0
ORD-102416,Mumbai,Mumbai,Electronics,13481.0,30.2,Express,Regular,Thursday,June,Rain,High,2,1,7.7,127.0,0
ORD-105634,Mumbai,Bhopal,Sports,1927.0,833.9,Priority,Premium,Saturday,February,Clear,Medium,2,1,6.8,343.0,0
ORD-105112,Bengaluru,Indore,Sports,3638.0,1414.7,Express,Regular,Thursday,November,Cloudy,Medium,4,0,14.2,355.0,0
ORD-102186,Mumbai,Pune,Clothing,2290.0,158.6,Standard,New,Thursday,April,Clear,Medium,2,1,35.2,75.0,0
ORD-104079,Mumbai,Lucknow,Electronics,9961.0,1441.6,Express,Premium,Friday,November,Rain,Medium,2,1,29.0,285.0,1
ORD-102568,Mumbai,Hyderabad,Clothing,2049.0,735.0,Priority,Regular,Wednesday,October,Clear,Medium,1,2,40.7,243.0,0
ORD-103424,Delhi,Chandigarh,Beauty,1677.0,304.6,Standard,New,Tuesday,May,Clear,Medium,2,0,33.2,82.0,0
ORD-102038,Mumbai,Hyderabad,Furniture,26011.0,711.9,Standard,Regular,Sunday,March,Fog,Medium,1,1,19.4,164.0,1
ORD-105145,Delhi,Bhopal,Electronics,45857.0,690.6,Standard,New,Monday,September,Cloudy,Low,3,0,31.8,227.0,0
ORD-100773,Bengaluru,Hyderabad,Groceries,4314.0,598.5,Economy,New,Tuesday,May,Clear,High,4,0,5.4,119.0,0
ORD-101285,Hyderabad,Pune,Electronics,9819.0,679.2,Standard,Regular,Wednesday,March,Cloudy,Low,2,3,12.3,159.0,0
ORD-105567,Chennai,Hyderabad,Books,713.0,655.9,Standard,Regular,Wednesday,January,Cloudy,Medium,2,1,13.6,147.0,0
ORD-103563,Hyderabad,Bengaluru,Home & Kitchen,8048.0,631.6,Economy,Regular,Sunday,October,Clear,Medium,5,0,12.6,120.0,0
ORD-103380,Hyderabad,Chandigarh,Electronics,16885.0,2028.4,Standard,Regular,Thursday,December,Clear,Low,2,0,17.7,254.0,0
ORD-102588,Mumbai,Hyderabad,Sports,803.0,767.9,Standard,Regular,Tuesday,June,Cloudy,Low,2,0,11.9,130.0,0
ORD-105803,Kolkata,Kolkata,Sports,4044.0,23.8,Standard,Regular,Monday,November,Clear,High,1,1,12.8,58.0,0
ORD-101415,Mumbai,Kolkata,Electronics,37723.0,2041.4,Economy,New,Sunday,May,Clear,High,2,0,25.1,215.0,1
ORD-101235,Mumbai,Kochi,Home & Kitchen,1193.0,1401.2,Standard,New,Sunday,November,Clear,Low,1,1,14.4,187.0,0
ORD-103899,Mumbai,Kolkata,Furniture,11268.0,2055.0,Standard,Premium,Tuesday,September,Rain,High,2,2,25.1,227.0,1
ORD-100436,Mumbai,Delhi,Sports,4459.0,1493.1,Standard,New,Thursday,September,Rain,Low,1,0,21.0,142.0,0
ORD-101675,Kolkata,Hyderabad,Home & Kitchen,1929.0,1387.3,Express,Premium,Thursday,November,Clear,High,4,1,27.5,321.0,0
ORD-103300,Mumbai,Bengaluru,Electronics,20602.0,1052.5,Standard,Premium,Wednesday,February,Fog,Low,4,0,37.2,160.0,0
ORD-100366,Delhi,Delhi,Home & Kitchen,5532.0,41.2,Standard,Regular,Sunday,January,Rain,High,2,1,22.0,69.0,0
ORD-103821,Kolkata,Mumbai,Groceries,3053.0,2029.4,Standard,New,Tuesday,March,Cloudy,Medium,6,0,6.5,289.0,1
ORD-100232,Delhi,Hyderabad,Beauty,1788.0,1433.5,Standard,Premium,Tuesday,July,Storm,Medium,2,2,21.5,172.0,1
ORD-105151,Chennai,Bhopal,Beauty,780.0,1402.4,Economy,Regular,Friday,May,Cloudy,High,1,1,17.2,136.0,0
ORD-100148,Bengaluru,Coimbatore,Electronics,34228.0,273.6,Economy,Regular,Monday,February,Clear,Low,1,3,9.7,120.0,0
ORD-105318,Hyderabad,Ahmedabad,Clothing,1580.0,1045.3,Express,Regular,Tuesday,November,Clear,Medium,2,1,26.1,265.0,0
ORD-103089,Bengaluru,Indore,Clothing,4112.0,1408.1,Priority,Premium,Monday,December,Clear,High,5,2,10.4,422.0,1
ORD-104775,Mumbai,Bhopal,Clothing,1818.0,819.8,Economy,Regular,Sunday,February,Fog,High,3,0,14.8,108.0,1
ORD-103555,Delhi,Bhopal,Home & Kitchen,2501.0,763.6,Express,Regular,Thursday,June,Rain,Low,2,1,17.0,203.0,0
ORD-100408,Kolkata,Chennai,Home & Kitchen,2291.0,1749.1,Express,Premium,Monday,December,Fog,High,1,0,20.7,333.0,0
ORD-105768,Bengaluru,Mumbai,Beauty,1315.0,973.5,Economy,New,Sunday,October,Cloudy,High,3,0,16.9,119.0,1
ORD-103457,Hyderabad,Chandigarh,Clothing,2407.0,1909.5,Standard,Regular,Thursday,August,Rain,Low,2,1,5.2,202.0,0
ORD-102091,Delhi,Delhi,Electronics,23972.0,26.3,Economy,Regular,Tuesday,August,Storm,Low,1,1,25.6,68.0,0
ORD-100087,Chennai,Hyderabad,Groceries,843.0,653.8,Economy,Regular,Thursday,August,Clear,High,5,1,6.3,143.0,0
ORD-103577,Kolkata,Bhopal,Electronics,25369.0,1452.4,Express,New,Friday,November,Clear,Medium,1,0,13.9,313.0,0
ORD-103272,Bengaluru,Mumbai,Groceries,961.0,1053.3,Express,Regular,Friday,May,Storm,Medium,4,0,,264.0,0
ORD-100845,Mumbai,Kochi,Clothing,1396.0,1297.8,Priority,New,Saturday,January,Cloudy,High,2,0,10.0,374.0,0
ORD-101032,Chennai,Chennai,Home & Kitchen,3932.0,21.0,Economy,Regular,Friday,October,Clear,Medium,3,0,24.0,77.0,0
ORD-105496,Delhi,Delhi,Electronics,33412.0,17.7,Standard,New,Saturday,July,Rain,High,1,0,25.0,99.0,1
ORD-104371,Delhi,Chennai,Books,682.0,2313.2,Economy,Regular,Thursday,November,Cloudy,Low,2,0,20.0,195.0,1
ORD-103936,Delhi,Chennai,Clothing,1010.0,2348.2,Standard,New,Tuesday,January,Fog,High,1,1,18.0,239.0,1
ORD-102988,Bengaluru,Visakhapatnam,Beauty,1837.0,952.1,Standard,Premium,Monday,September,Rain,Medium,2,1,10.3,136.0,1
ORD-104392,Kolkata,Pune,Clothing,2285.0,2091.2,Economy,Regular,Saturday,September,Rain,Low,2,1,11.9,220.0,0
ORD-102629,Delhi,Delhi,Beauty,670.0,34.4,Express,Regular,Tuesday,November,Clear,High,1,0,10.2,89.0,0
ORD-103833,Delhi,Lucknow,Clothing,1564.0,558.1,Standard,Regular,Monday,June,Storm,High,1,0,22.8,94.0,1
ORD-104148,Chennai,Bengaluru,Beauty,5135.0,365.0,Economy,Regular,Saturday,May,Clear,Low,5,0,1.4,95.0,0
ORD-100856,Bengaluru,Delhi,Books,568.0,2221.8,Standard,Regular,Monday,July,Rain,High,3,2,20.5,273.0,1
ORD-103004,Chennai,Ahmedabad,Home & Kitchen,3373.0,1813.7,Economy,Regular,Thursday,May,Clear,Medium,2,1,9.6,180.0,0
ORD-100079,Bengaluru,Bengaluru,Clothing,3015.0,12.7,Express,Regular,Wednesday,July,Clear,High,1,2,8.5,90.0,0
ORD-102993,Delhi,Bhopal,Groceries,1856.0,782.8,Standard,Premium,Monday,June,Rain,Low,6,1,24.6,179.0,0
ORD-102248,Chennai,Bengaluru,Groceries,1301.0,380.3,Standard,Regular,Saturday,May,Clear,High,3,0,7.1,105.0,0
ORD-105937,Delhi,Patna,Sports,2016.0,1105.7,Express,Regular,Sunday,December,Clear,Low,1,0,20.8,224.0,0
ORD-105529,Hyderabad,Mumbai,Books,426.0,788.2,Standard,Regular,Thursday,February,Clear,Medium,1,0,6.8,112.0,0
ORD-105570,Kolkata,Kochi,Electronics,26626.0,2453.7,Standard,New,Monday,September,Rain,Medium,1,0,37.6,288.0,1
ORD-100759,Mumbai,Delhi,Clothing,3850.0,1372.2,Standard,Premium,Sunday,June,Cloudy,High,3,0,24.9,206.0,0
ORD-104149,Delhi,Hyderabad,Furniture,21902.0,1534.5,Economy,New,Thursday,December,Cloudy,,1,0,27.2,179.0,1
ORD-103356,Delhi,Coimbatore,Clothing,3696.0,2552.1,Express,New,Friday,March,Clear,High,4,0,15.2,476.0,1
ORD-100789,Kolkata,Mumbai,Electronics,9157.0,2167.5,Standard,New,Friday,November,Cloudy,High,3,0,37.1,301.0,1
ORD-102280,Chennai,Coimbatore,Books,579.0,543.2,Standard,Regular,Thursday,July,,Medium,3,1,19.8,116.0,0
ORD-103751,Mumbai,Pune,Furniture,11058.0,152.5,Standard,Regular,Tuesday,June,Rain,Medium,1,0,22.6,60.0,0
ORD-104289,Hyderabad,Hyderabad,Clothing,2655.0,9.6,Standard,Premium,Thursday,April,Clear,Medium,3,0,11.3,65.0,0
ORD-105026,Bengaluru,Lucknow,Books,3222.0,1872.2,Express,Premium,Saturday,June,Clear,Low,5,0,9.6,337.0,0
ORD-104819,Bengaluru,Chennai,Beauty,3583.0,366.8,Priority,Premium,Wednesday,February,Fog,Medium,5,0,7.7,283.0,0
ORD-103632,Hyderabad,Visakhapatnam,Furniture,14625.0,626.8,Standard,Regular,Tuesday,December,Cloudy,Low,1,1,24.5,135.0,1
ORD-104530,Bengaluru,Indore,Books,801.0,1421.0,Standard,Regular,Thursday,December,Clear,Low,5,0,8.4,230.0,0
ORD-103836,Delhi,Ahmedabad,Sports,1717.0,962.2,Economy,Regular,Tuesday,March,Clear,High,1,1,15.8,93.0,1
ORD-102177,Delhi,Kolkata,Clothing,5478.0,1627.2,Standard,New,Monday,December,Fog,Low,2,1,14.3,236.0,0
ORD-100425,Bengaluru,Bengaluru,Clothing,847.0,16.7,Express,Regular,Friday,April,Cloudy,Medium,2,1,4.0,119.0,0
ORD-100393,Bengaluru,Coimbatore,Home & Kitchen,4816.0,275.3,Priority,Premium,Tuesday,April,Cloudy,Low,1,0,12.6,175.0,0
ORD-104518,Delhi,Kolkata,Sports,1369.0,1627.6,Economy,Regular,Tuesday,December,Clear,High,2,3,15.5,148.0,1
ORD-105721,Kolkata,Bengaluru,Books,1678.0,2102.8,Standard,Regular,Saturday,April,Clear,High,5,0,13.6,267.0,1
ORD-102240,Bengaluru,Delhi,Books,2589.0,2132.6,Economy,Regular,Wednesday,August,Rain,Low,4,0,8.7,247.0,1
ORD-100105,Kolkata,Hyderabad,Home & Kitchen,5913.0,1561.1,Economy,New,Monday,March,Cloudy,High,4,1,16.2,181.0,1
ORD-102673,Delhi,Visakhapatnam,Sports,4586.0,1643.0,Standard,New,Saturday,January,Fog,Low,2,1,9.7,215.0,1
ORD-105539,Delhi,Mumbai,Furniture,7230.0,1524.5,Standard,Premium,Saturday,March,Clear,High,1,3,21.9,189.0,1
ORD-103983,Bengaluru,Visakhapatnam,Clothing,4664.0,1032.1,Priority,Premium,Friday,February,Clear,High,4,1,,378.0,0
ORD-102069,Delhi,Bhopal,Clothing,5691.0,770.0,Express,Regular,Saturday,March,Cloudy,Medium,2,0,4.0,216.0,0
ORD-105681,Kolkata,Delhi,Groceries,3192.0,1676.7,Standard,Regular,Monday,February,Clear,Low,8,1,18.4,282.0,0
ORD-103494,Bengaluru,Kochi,Electronics,23376.0,491.5,Economy,New,Saturday,April,Rain,Low,3,0,16.9,114.0,0
ORD-101949,Mumbai,Chennai,Books,1985.0,1339.0,Standard,Regular,Wednesday,July,Cloudy,Medium,4,0,18.2,176.0,1
ORD-101460,Delhi,Kolkata,Sports,4785.0,1565.0,Standard,New,Tuesday,December,Clear,Low,4,2,20.9,244.0,0
ORD-101769,Mumbai,Visakhapatnam,Groceries,1467.0,1409.1,Standard,Premium,Monday,January,Clear,Low,2,0,5.8,161.0,0
ORD-103299,Bengaluru,Kolkata,Beauty,2769.0,1933.4,Standard,Premium,Thursday,December,Clear,High,6,0,15.5,248.0,0
ORD-104052,Chennai,Ahmedabad,Books,1453.0,1645.0,Standard,Regular,Friday,August,Cloudy,Low,2,1,7.3,304.0,1
ORD-105266,Mumbai,Bhopal,Clothing,1473.0,844.2,Express,Premium,Wednesday,August,Clear,Low,3,1,11.2,227.0,0
ORD-105798,Hyderabad,Delhi,Sports,1957.0,1634.0,Standard,New,Tuesday,February,Clear,High,1,1,18.6,201.0,0
ORD-101588,Bengaluru,Visakhapatnam,Beauty,980.0,980.6,Standard,New,Monday,October,Clear,Low,3,1,24.1,159.0,1
ORD-104685,Hyderabad,Kolkata,Groceries,1463.0,1603.7,Standard,Regular,Monday,February,Clear,High,4,1,4.4,222.0,1
ORD-101732,Mumbai,Hyderabad,Home & Kitchen,2100.0,786.3,Standard,Premium,Wednesday,March,Fog,Low,2,1,32.8,113.0,1
ORD-105769,Delhi,Ahmedabad,Clothing,4195.0,973.8,Express,Regular,Saturday,September,Cloudy,Low,6,0,9.1,294.0,0
ORD-104718,Bengaluru,Mumbai,Clothing,984.0,1062.7,Standard,New,Wednesday,March,Storm,High,1,1,7.9,153.0,1
ORD-100183,Bengaluru,Mumbai,Clothing,5685.0,1063.0,Standard,New,Monday,December,Cloudy,Medium,2,1,4.8,178.0,0
ORD-101792,Delhi,Indore,Home & Kitchen,7835.0,859.1,Express,New,Sunday,September,Clear,Low,2,1,11.7,174.0,0
ORD-102356,Kolkata,Mumbai,Home & Kitchen,6100.0,2111.7,Standard,Premium,Friday,September,Cloudy,High,3,0,15.5,325.0,1
ORD-101941,Delhi,Chandigarh,Home & Kitchen,7575.0,281.9,Standard,Regular,Saturday,August,Rain,Low,2,0,9.4,94.0,0
ORD-100703,Mumbai,Visakhapatnam,Groceries,1730.0,1366.5,Express,Regular,Sunday,October,Fog,Low,5,1,8.5,291.0,0
ORD-102443,Mumbai,Coimbatore,Electronics,71270.0,1278.0,Priority,Premium,Thursday,May,Cloudy,High,3,0,12.7,607.0,1
ORD-104064,Bengaluru,Bengaluru,Beauty,3023.0,21.7,Standard,Premium,Thursday,August,Clear,Low,4,0,16.6,89.0,0
ORD-100497,Delhi,Hyderabad,Clothing,,1566.9,Standard,New,Friday,November,Cloudy,High,4,0,18.2,234.0,1
ORD-104709,Mumbai,Kolkata,Clothing,1740.0,2118.1,Priority,Premium,Thursday,April,Rain,Medium,2,2,6.7,565.0,1
ORD-100465,Bengaluru,Jaipur,Clothing,615.0,1942.9,Standard,Regular,Friday,November,Rain,Medium,1,4,2.3,224.0,1
ORD-103880,Delhi,Delhi,Furniture,6854.0,36.9,Economy,Regular,Thursday,December,Fog,High,1,0,42.5,42.0,0
ORD-105234,Delhi,Mumbai,Beauty,929.0,1307.5,Economy,New,Friday,August,Clear,Medium,3,0,7.3,180.0,0
ORD-100173,Delhi,Delhi,Groceries,909.0,18.7,Priority,Premium,Sunday,January,Cloudy,Medium,3,0,38.8,162.0,0
ORD-102021,Chennai,Chandigarh,Furniture,12890.0,2430.2,Standard,Regular,Thursday,March,Clear,Medium,1,1,16.5,296.0,0
ORD-105807,Chennai,Kochi,Home & Kitchen,8199.0,732.4,Express,Regular,Friday,December,Cloudy,Medium,2,0,7.0,199.0,0
ORD-105392,Delhi,Hyderabad,Electronics,12684.0,1499.5,Express,Regular,Friday,September,Clear,Low,1,0,10.9,275.0,0
ORD-102541,Bengaluru,Chandigarh,Sports,1289.0,2362.1,Economy,Premium,Tuesday,January,Storm,Low,2,0,16.3,215.0,1
ORD-100157,Delhi,Hyderabad,Sports,16417.0,1627.9,Standard,New,Tuesday,December,Cloudy,High,5,0,20.7,301.0,1
ORD-102010,Chennai,Kochi,Sports,5359.0,662.0,Express,New,Tuesday,October,Fog,Low,3,0,11.1,240.0,0
ORD-102261,Chennai,Delhi,Beauty,2830.0,2140.0,Standard,Regular,Tuesday,November,Cloudy,High,3,2,8.8,272.0,0
ORD-103085,Kolkata,Ahmedabad,Electronics,10076.0,2194.0,Economy,Regular,Tuesday,August,Cloudy,Low,2,0,19.7,217.0,1
ORD-102113,Mumbai,Pune,Beauty,3451.0,147.3,Standard,New,Tuesday,November,Cloudy,Low,2,0,10.8,67.0,0
ORD-100901,Bengaluru,Delhi,Electronics,13603.0,2196.1,Express,Regular,Thursday,December,Fog,High,2,0,23.2,425.0,1
ORD-101447,Hyderabad,Kolkata,Clothing,1560.0,1426.0,Standard,Regular,Tuesday,October,Clear,Medium,4,0,10.7,225.0,0
ORD-101912,Mumbai,Bhopal,Furniture,25379.0,853.0,Express,New,Sunday,September,Cloudy,Low,1,2,24.9,277.0,0
ORD-103543,Hyderabad,Hyderabad,Furniture,6035.0,16.4,Priority,Premium,Tuesday,February,Fog,Low,1,1,19.2,136.0,0
ORD-102698,Mumbai,Delhi,Books,806.0,1441.4,Express,New,Thursday,December,Cloudy,Low,2,0,16.6,298.0,0
ORD-105745,Chennai,Delhi,Books,469.0,2356.8,Standard,New,Tuesday,November,Storm,High,1,0,7.1,272.0,1
ORD-103663,Hyderabad,Chennai,Electronics,13189.0,689.7,Standard,New,Thursday,December,Fog,Medium,1,0,7.3,133.0,0
ORD-100742,Mumbai,Delhi,Beauty,802.0,1416.2,Standard,Regular,Monday,March,Clear,Low,5,0,12.0,230.0,1
ORD-102294,Delhi,Ahmedabad,Beauty,1221.0,969.6,Standard,Regular,Wednesday,December,Clear,High,1,2,13.1,151.0,0
ORD-102453,Chennai,Bhopal,Clothing,1586.0,1456.5,Express,Regular,Saturday,September,,Medium,5,0,15.2,338.0,0
ORD-103783,Hyderabad,Kolkata,Electronics,9366.0,1578.2,Standard,Regular,Friday,January,Fog,Medium,1,1,12.0,195.0,0
ORD-104946,Kolkata,Visakhapatnam,Groceries,1380.0,1009.9,Economy,New,Monday,May,Clear,Low,6,1,5.8,171.0,0
ORD-101207,Bengaluru,Jaipur,Home & Kitchen,9390.0,1900.5,Economy,Regular,Saturday,July,Cloudy,High,2,0,18.6,180.0,0
ORD-100510,Mumbai,Jaipur,Electronics,16132.0,1169.4,Standard,New,Wednesday,October,Clear,Low,1,1,24.1,156.0,0
ORD-103717,Chennai,Chennai,Books,1207.0,11.7,Express,Premium,Friday,November,Clear,Medium,3,2,18.6,110.0,0
ORD-105021,Hyderabad,Hyderabad,Electronics,10253.0,31.0,Standard,Regular,Sunday,July,Cloudy,Medium,2,0,17.9,100.0,0
ORD-103781,Mumbai,Chandigarh,Books,745.0,1722.2,Economy,Regular,Sunday,December,Fog,Low,1,0,14.1,147.0,1
ORD-104051,Hyderabad,Ahmedabad,Electronics,9472.0,1129.1,Standard,Regular,Friday,August,Rain,Low,2,1,6.7,177.0,0
ORD-105485,Hyderabad,Chennai,Clothing,2256.0,633.6,Standard,Regular,Tuesday,February,Clear,High,2,2,17.8,122.0,1
ORD-101550,Delhi,Ahmedabad,Electronics,2589.0,1006.4,Economy,Regular,Wednesday,October,Clear,Medium,1,1,26.1,111.0,0
ORD-103030,Delhi,Bengaluru,Clothing,2276.0,2162.9,Standard,Regular,Monday,July,Cloudy,Medium,2,0,25.6,226.0,0
ORD-104849,Mumbai,Mumbai,Home & Kitchen,2517.0,13.9,Standard,Regular,Thursday,December,Clear,Low,2,3,12.1,77.0,0
ORD-102203,Hyderabad,Chennai,Electronics,23275.0,677.3,Standard,New,Tuesday,November,Rain,Low,3,1,15.6,181.0,0
ORD-102567,Mumbai,Patna,Groceries,1288.0,1807.0,Economy,Regular,Friday,November,Clear,Low,5,1,23.8,200.0,0
ORD-104242,Kolkata,Ahmedabad,Electronics,9915.0,2074.5,Economy,New,Monday,April,Cloudy,Medium,2,0,37.8,232.0,0
ORD-102045,Hyderabad,Pune,Beauty,3537.0,645.6,Standard,Regular,Wednesday,August,Clear,Low,3,1,4.5,137.0,0
ORD-100768,Mumbai,Hyderabad,Electronics,28243.0,803.0,Priority,Premium,Friday,February,Cloudy,High,2,1,12.9,420.0,0
ORD-105907,Chennai,Kochi,Home & Kitchen,5462.0,694.8,Economy,New,Tuesday,April,Rain,Low,3,1,27.2,123.0,0
ORD-103775,Kolkata,Mumbai,Groceries,1057.0,2072.6,Express,Regular,Monday,January,Fog,Medium,3,0,8.1,440.0,0
ORD-103700,Delhi,Chennai,Electronics,17723.0,2051.1,Economy,New,Sunday,October,Clear,High,2,1,38.5,225.0,1
ORD-101509,Mumbai,Kochi,Electronics,12514.0,1344.2,Priority,Regular,Tuesday,July,Clear,High,2,0,11.2,491.0,0
ORD-103135,Chennai,Ahmedabad,Groceries,11021.0,1600.2,Express,Regular,Monday,November,Clear,Low,10,1,5.2,548.0,0
ORD-103762,Delhi,Ahmedabad,Clothing,962.0,977.9,Express,Premium,Thursday,November,Clear,Low,2,1,24.6,188.0,0
ORD-105950,Chennai,Hyderabad,Furniture,16759.0,612.8,Economy,New,Wednesday,October,Cloudy,Low,1,0,28.1,123.0,0
ORD-100422,Mumbai,Indore,Clothing,3306.0,604.1,Express,Regular,Sunday,July,Rain,Medium,1,1,20.4,185.0,1
ORD-100124,Delhi,Delhi,Home & Kitchen,10160.0,43.1,Express,Regular,Wednesday,September,Cloudy,Low,5,0,19.1,186.0,0
ORD-105029,Bengaluru,Hyderabad,Electronics,61946.0,636.3,Economy,Regular,Friday,July,Cloudy,High,2,2,16.4,161.0,1
ORD-103795,Bengaluru,Chandigarh,Electronics,14946.0,2465.0,Standard,Regular,Friday,December,Fog,Medium,4,1,18.8,336.0,1
ORD-103293,Bengaluru,Kolkata,Home & Kitchen,7245.0,2026.3,Express,Regular,Thursday,September,Rain,Medium,5,0,9.2,428.0,0
ORD-100820,Delhi,Visakhapatnam,Clothing,2412.0,1658.3,Economy,Regular,Monday,December,Clear,High,2,1,17.1,173.0,1
ORD-101404,Delhi,Indore,Electronics,19732.0,826.4,Standard,New,Monday,November,Clear,Low,3,2,27.3,157.0,0
ORD-101383,Bengaluru,Pune,Clothing,1972.0,907.7,Standard,Regular,Monday,June,Storm,High,3,1,4.2,156.0,1
ORD-102149,Kolkata,Mumbai,Beauty,3639.0,1965.1,Standard,Regular,Thursday,July,Storm,Low,2,0,8.3,229.0,0
ORD-105592,Kolkata,Chennai,Sports,12248.0,1656.6,Economy,Regular,Saturday,January,Fog,Medium,4,2,21.4,194.0,1
ORD-101576,Delhi,Visakhapatnam,Books,1508.0,1471.2,Economy,Regular,Saturday,June,Rain,Medium,2,0,11.4,156.0,1
ORD-101639,Delhi,Jaipur,Clothing,5840.0,302.7,Standard,Regular,Wednesday,September,Rain,High,4,1,16.3,110.0,0
ORD-101796,Delhi,Lucknow,Groceries,1955.0,512.8,Express,Regular,Monday,August,Rain,Low,10,2,12.0,335.0,0
ORD-103332,Delhi,Bengaluru,Beauty,1996.0,2126.8,Economy,New,Friday,April,Rain,Low,2,1,15.1,177.0,1
ORD-105828,Delhi,Chandigarh,Beauty,3931.0,285.7,Standard,New,Wednesday,February,Fog,Low,4,1,9.6,115.0,0
ORD-105390,Hyderabad,Coimbatore,Home & Kitchen,3257.0,919.4,Standard,Regular,Friday,August,Rain,Low,2,0,13.8,118.0,0
ORD-100400,Bengaluru,Mumbai,Books,1169.0,1183.6,Standard,Regular,Thursday,November,Rain,Medium,1,0,16.3,176.0,0
ORD-103152,Bengaluru,Delhi,Groceries,3941.0,2173.0,Express,New,Saturday,October,Cloudy,High,12,2,8.1,645.0,1
ORD-102311,Hyderabad,Patna,Furniture,,1542.5,Express,Regular,Monday,November,Clear,Medium,1,1,39.9,356.0,0
ORD-100883,Hyderabad,Delhi,Electronics,39206.0,1657.9,Standard,New,Thursday,January,Cloudy,Medium,1,2,7.3,222.0,1
ORD-103566,Kolkata,Jaipur,Clothing,2759.0,1672.2,Standard,New,Saturday,October,Clear,Low,4,0,12.1,208.0,0
ORD-105113,Chennai,Bengaluru,Beauty,2259.0,352.4,Economy,Premium,Wednesday,May,Clear,Medium,2,0,7.6,77.0,0
ORD-101180,Mumbai,Coimbatore,Books,760.0,1159.2,Express,Regular,Wednesday,February,Clear,Medium,2,1,14.9,296.0,0
ORD-101353,Delhi,Pune,Electronics,26921.0,1459.4,Standard,New,Monday,July,Clear,Medium,2,2,19.1,196.0,1
ORD-104479,Kolkata,Chandigarh,Clothing,4720.0,1738.6,Standard,Regular,Thursday,August,Clear,Medium,4,0,8.5,250.0,1
ORD-105509,Kolkata,Nagpur,Clothing,7053.0,1225.0,Standard,Regular,Saturday,July,Rain,Medium,1,0,5.3,184.0,0
ORD-102131,Mumbai,Kolkata,Clothing,2283.0,2095.1,Standard,Regular,Tuesday,November,Cloudy,Medium,3,2,18.7,292.0,1
ORD-100983,Chennai,Chennai,Groceries,3357.0,35.7,Standard,Regular,Thursday,April,Clear,Medium,9,2,7.4,145.0,0
ORD-100457,Hyderabad,Hyderabad,Beauty,970.0,16.4,Standard,Premium,Saturday,March,Clear,Low,2,0,14.1,54.0,0
ORD-101487,Hyderabad,Chennai,Electronics,11173.0,675.9,Standard,Regular,Tuesday,November,Clear,Medium,2,0,19.0,142.0,0
ORD-101080,Delhi,Pune,Beauty,1271.0,1552.5,Economy,Regular,Sunday,November,Storm,Medium,2,1,15.8,172.0,1
ORD-101951,Hyderabad,Kolkata,Clothing,2993.0,1490.7,Economy,Regular,Monday,November,Clear,High,3,1,35.7,162.0,0
ORD-105207,Mumbai,Indore,Electronics,24871.0,635.7,Economy,New,Sunday,May,Cloudy,Low,1,0,8.0,132.0,0
ORD-100690,Bengaluru,Hyderabad,Electronics,8468.0,613.5,Express,Premium,Sunday,May,Clear,Low,2,1,22.3,202.0,0
ORD-102430,Chennai,Kochi,Groceries,1283.0,724.0,Standard,Regular,Saturday,March,Cloudy,Low,5,1,7.5,166.0,0
ORD-100642,Kolkata,Mumbai,Groceries,1795.0,2128.6,Economy,New,Friday,October,Storm,High,4,0,23.4,202.0,0
ORD-102393,Delhi,Hyderabad,Electronics,17003.0,1585.5,Standard,Regular,Wednesday,October,Clear,Low,2,3,18.1,283.0,0
ORD-102826,Chennai,Patna,Clothing,1734.0,1922.1,Standard,New,Thursday,March,Rain,Low,2,0,10.5,220.0,0
ORD-101954,Hyderabad,Bengaluru,Sports,3021.0,628.6,Priority,Premium,Friday,January,Fog,Medium,1,1,21.1,186.0,0
ORD-103539,Mumbai,Kolkata,Groceries,2403.0,2142.6,Standard,Regular,Saturday,September,Rain,Medium,3,0,11.8,293.0,0
ORD-103972,Mumbai,Bengaluru,Books,1324.0,986.8,Express,Regular,Wednesday,April,Clear,High,2,1,9.1,271.0,0
ORD-103059,Mumbai,Ahmedabad,Clothing,2830.0,545.1,Standard,New,Monday,June,Cloudy,Low,2,1,13.6,108.0,0
ORD-103998,Bengaluru,Bhopal,Beauty,914.0,1444.7,Standard,Regular,Saturday,September,Rain,Low,1,0,1.0,148.0,0
ORD-104535,Bengaluru,Bhopal,Clothing,2882.0,1432.4,Priority,Premium,Wednesday,March,Storm,Medium,4,0,11.9,458.0,1
ORD-102711,Hyderabad,Lucknow,Groceries,2422.0,1335.4,Standard,Premium,Saturday,August,Clear,Low,5,0,10.6,191.0,0
ORD-101084,Kolkata,Chandigarh,Furniture,15035.0,1814.9,Economy,New,Wednesday,November,Clear,,1,0,29.3,177.0,1
ORD-105459,Mumbai,Patna,Books,1844.0,1802.6,Express,Premium,Saturday,November,Rain,Medium,3,2,13.3,380.0,0
ORD-105771,Kolkata,Delhi,Clothing,2506.0,1720.2,Standard,New,Thursday,February,Clear,Medium,5,0,10.0,228.0,0
ORD-104160,Mumbai,Lucknow,Sports,,1435.0,Economy,Regular,Thursday,April,Rain,Medium,2,1,16.1,167.0,1
ORD-101885,Delhi,Bengaluru,Home & Kitchen,2341.0,2103.0,Standard,New,Thursday,January,Fog,High,1,1,21.7,262.0,1
ORD-104554,Chennai,Ahmedabad,Furniture,15818.0,1623.3,Standard,Regular,Friday,January,Rain,Medium,1,1,33.2,183.0,1
ORD-100390,Kolkata,Chandigarh,Sports,6334.0,1951.6,Standard,Premium,Saturday,November,Clear,Low,3,0,11.6,218.0,0
ORD-102495,Hyderabad,Kochi,Beauty,1064.0,1155.5,Standard,New,Friday,February,Fog,Low,2,1,18.7,179.0,1
ORD-101852,Hyderabad,Nagpur,Electronics,11396.0,536.1,Standard,Regular,Thursday,August,Clear,High,1,0,6.4,104.0,0
ORD-103037,Bengaluru,Patna,Home & Kitchen,3046.0,1904.9,Standard,Regular,Monday,August,Storm,Low,3,0,16.5,250.0,0
ORD-104138,Kolkata,Kolkata,Furniture,31263.0,16.0,Economy,New,Friday,November,Cloudy,Medium,2,0,46.1,102.0,1
ORD-103604,Delhi,Delhi,Electronics,17767.0,9.0,Economy,Regular,Friday,January,Cloudy,Medium,3,0,27.3,74.0,0
ORD-100846,Hyderabad,Bengaluru,Groceries,4109.0,594.5,Priority,Regular,Friday,July,Rain,High,8,0,11.6,400.0,0
ORD-100543,Kolkata,Pune,Home & Kitchen,8155.0,2031.0,Standard,Regular,Friday,August,Rain,Low,1,2,11.2,229.0,0
ORD-103725,Kolkata,Kochi,Home & Kitchen,11673.0,2175.7,Standard,Regular,Saturday,February,Fog,Low,2,1,8.3,265.0,1
ORD-100092,Chennai,Bengaluru,Clothing,355.0,359.8,Express,Regular,Saturday,October,Clear,Medium,2,1,11.4,160.0,0
ORD-103680,Mumbai,Delhi,Sports,835.0,1382.7,Express,Premium,Sunday,December,Clear,Medium,1,0,11.8,252.0,0
ORD-105697,Mumbai,Lucknow,Home & Kitchen,3134.0,1545.9,Express,Premium,Wednesday,October,Rain,Medium,2,0,16.1,264.0,0
ORD-105063,Delhi,Chennai,Electronics,8520.0,2204.4,Standard,Premium,Tuesday,November,Cloudy,High,2,0,44.6,236.0,1
ORD-101980,Mumbai,Hyderabad,Electronics,17448.0,817.7,Standard,Regular,Sunday,October,Clear,High,2,3,36.7,182.0,1
ORD-103245,Mumbai,Delhi,Clothing,3258.0,1380.0,Express,Regular,Saturday,March,Clear,Medium,3,0,9.4,260.0,0
ORD-104061,Hyderabad,Patna,Beauty,647.0,1504.9,Standard,Regular,Wednesday,November,Cloudy,High,1,0,13.8,173.0,1
ORD-103151,Mumbai,Delhi,Clothing,1663.0,1442.0,Standard,New,Saturday,January,Clear,Medium,2,1,9.6,215.0,0
ORD-105332,Chennai,Pune,Groceries,1635.0,1145.4,Express,Premium,Wednesday,October,Cloudy,High,8,1,8.5,322.0,0
ORD-104145,Bengaluru,Indore,Beauty,2009.0,1312.3,Standard,New,Sunday,December,Clear,Low,2,0,19.2,190.0,0
ORD-104403,Mumbai,Indore,Furniture,12751.0,650.8,Express,Premium,Thursday,October,Clear,High,1,2,29.6,166.0,1
ORD-102965,Delhi,Delhi,Electronics,21607.0,27.9,Standard,Regular,Sunday,December,Fog,High,2,0,12.7,94.0,0
ORD-103464,Delhi,Bhopal,Home & Kitchen,2736.0,697.0,Economy,Regular,Monday,October,Clear,Low,3,0,11.5,96.0,0
ORD-102530,Chennai,Chennai,Clothing,1068.0,13.7,Express,Regular,Saturday,May,Cloudy,High,2,2,5.5,83.0,0
ORD-104150,Delhi,Kolkata,Clothing,2121.0,1578.9,Express,Regular,Tuesday,May,Clear,High,4,1,3.7,323.0,0
ORD-101677,Chennai,Chennai,Home & Kitchen,2969.0,26.1,Express,Regular,Sunday,February,Fog,Medium,2,0,11.6,99.0,0
ORD-101049,Kolkata,Indore,Electronics,20671.0,1650.7,Express,Premium,Friday,August,Clear,Medium,4,1,14.2,,0
ORD-102950,Kolkata,Bhopal,Electronics,12069.0,1460.0,Express,Regular,Thursday,November,Clear,Low,1,2,18.0,325.0,0
ORD-101961,Bengaluru,Bhopal,Groceries,3966.0,1469.4,Standard,Regular,Thursday,October,Clear,Medium,12,1,15.3,348.0,0
ORD-102531,Chennai,Kolkata,Beauty,5730.0,1766.3,Economy,New,Saturday,October,Cloudy,Low,4,1,25.2,209.0,0
ORD-104455,Bengaluru,Delhi,Groceries,1599.0,2183.5,Standard,Regular,Saturday,October,Cloudy,,4,1,12.1,265.0,1
ORD-104952,Chennai,Pune,Electronics,32287.0,1175.7,Standard,Premium,Friday,August,Rain,Low,4,1,8.9,199.0,0
ORD-104958,Delhi,Jaipur,Books,1299.0,259.4,Express,New,Saturday,November,Cloudy,Medium,4,1,11.5,142.0,0
ORD-100238,Kolkata,Kolkata,Books,2060.0,17.1,Economy,Regular,Sunday,June,Cloudy,Medium,6,2,9.2,101.0,0
ORD-104191,Mumbai,Pune,Beauty,4635.0,147.1,Express,Premium,Saturday,November,Cloudy,Low,2,0,12.3,113.0,0
ORD-104569,Bengaluru,Coimbatore,Groceries,1305.0,284.9,Economy,Regular,Monday,June,Rain,Medium,3,0,,76.0,0
ORD-101134,Chennai,Hyderabad,Clothing,3645.0,674.8,Standard,Premium,Tuesday,September,Rain,Medium,1,1,16.1,89.0,0
ORD-102881,Mumbai,Lucknow,Furniture,25596.0,1464.7,Economy,Regular,Sunday,July,Rain,High,1,1,27.5,196.0,1
ORD-101806,Chennai,Kolkata,Groceries,784.0,1750.4,Standard,Regular,Monday,March,Rain,Low,4,0,20.1,236.0,0
ORD-105007,Kolkata,Mumbai,Electronics,19447.0,2112.0,Standard,Premium,Monday,August,Rain,Medium,2,0,28.6,285.0,1
ORD-100164,Mumbai,Jaipur,Electronics,17394.0,1155.9,Express,New,Tuesday,October,Clear,Medium,5,0,17.0,335.0,0
ORD-105356,Hyderabad,Bhopal,Home & Kitchen,3032.0,817.6,Standard,New,Sunday,August,Cloudy,Medium,1,0,20.5,117.0,0
ORD-105761,Mumbai,Hyderabad,Clothing,914.0,747.3,Standard,Regular,Wednesday,June,Rain,Low,2,1,18.7,140.0,0
ORD-105703,Mumbai,Chandigarh,Beauty,1061.0,1682.4,Standard,New,Friday,May,Storm,Medium,2,1,24.3,220.0,0
ORD-104472,Delhi,Jaipur,Electronics,18710.0,272.5,Express,New,Wednesday,April,Fog,High,4,1,7.9,215.0,0
ORD-104542,Mumbai,Hyderabad,Sports,2875.0,739.5,Standard,Regular,Thursday,September,Cloudy,High,3,0,13.9,155.0,0
ORD-104368,Bengaluru,Hyderabad,Furniture,9922.0,624.3,Express,New,Saturday,October,Cloudy,Medium,1,0,26.3,189.0,0
ORD-100266,Mumbai,Nagpur,Electronics,15933.0,844.9,Standard,New,Saturday,November,Fog,High,4,0,20.0,218.0,0
ORD-103840,Delhi,Visakhapatnam,Clothing,2112.0,1802.2,Standard,Regular,Thursday,September,Storm,High,2,0,11.3,270.0,0
ORD-102002,Bengaluru,Patna,Furniture,19587.0,2017.7,Express,Regular,Tuesday,July,Cloudy,Medium,2,1,25.6,392.0,1
ORD-101812,Bengaluru,Kochi,Clothing,2588.0,436.0,Standard,New,Tuesday,November,Clear,Low,3,0,10.1,123.0,1
ORD-103278,Bengaluru,Bengaluru,Home & Kitchen,1755.0,37.4,Priority,Premium,Saturday,May,Rain,Low,2,0,9.5,124.0,0
ORD-103928,Kolkata,Ahmedabad,Electronics,9119.0,1942.9,Standard,Regular,Tuesday,January,Clear,High,1,1,11.0,250.0,1
ORD-102979,Chennai,Lucknow,Clothing,4155.0,1914.3,Standard,Regular,Monday,November,Clear,Medium,3,0,17.2,297.0,0
ORD-104302,Chennai,Jaipur,Home & Kitchen,2171.0,1886.0,Standard,New,Saturday,April,Cloudy,Low,3,2,17.8,313.0,0
ORD-102907,Hyderabad,Delhi,Furniture,32533.0,1608.3,Standard,Premium,Saturday,February,Cloudy,High,1,0,17.7,249.0,1
ORD-104332,Hyderabad,Nagpur,Electronics,33915.0,503.6,Economy,Regular,Thursday,October,Clear,Low,4,1,22.3,179.0,0
ORD-105552,Mumbai,Nagpur,Clothing,5026.0,890.1,Standard,Regular,Friday,July,Rain,Low,3,0,18.5,153.0,0
ORD-101429,Kolkata,Kochi,Home & Kitchen,2249.0,2306.2,Economy,New,Sunday,October,Rain,Low,2,0,10.0,256.0,1
ORD-100399,Bengaluru,Jaipur,Home & Kitchen,4257.0,2114.9,Express,Premium,Wednesday,April,Clear,Medium,3,0,10.3,318.0,0
ORD-104047,Delhi,Kolkata,Home & Kitchen,3429.0,1715.0,Standard,Premium,Monday,May,Clear,Low,2,1,28.2,172.0,0
ORD-105583,Delhi,Coimbatore,Beauty,2060.0,2428.2,Economy,Regular,Monday,May,Cloudy,Low,2,0,15.3,216.0,0
ORD-100948,Kolkata,Lucknow,Clothing,2527.0,1075.1,Standard,New,Thursday,January,Cloudy,High,4,0,14.6,166.0,0
ORD-103079,Bengaluru,Ahmedabad,Clothing,6773.0,1507.2,Standard,Regular,Monday,September,Rain,Medium,2,0,10.6,214.0,0
ORD-103139,Kolkata,Coimbatore,Electronics,13536.0,2205.2,Economy,New,Saturday,July,Clear,Low,1,0,18.0,223.0,1
ORD-105401,Chennai,Mumbai,Clothing,5990.0,1260.1,Economy,Regular,Sunday,September,Cloudy,Low,4,1,15.5,160.0,1
ORD-104972,Mumbai,Patna,Sports,5211.0,1821.4,Standard,New,Friday,January,Clear,High,3,0,6.0,204.0,0
ORD-105628,Kolkata,Visakhapatnam,Beauty,2472.0,905.5,Standard,Premium,Thursday,September,Cloudy,High,6,2,7.6,198.0,0
ORD-105197,Bengaluru,Ahmedabad,Books,525.0,1461.2,Express,Regular,Thursday,June,Storm,Medium,3,0,27.0,273.0,0
ORD-103230,Bengaluru,Delhi,Electronics,13954.0,2231.5,Express,Premium,Thursday,February,Clear,Low,1,0,12.5,415.0,0
ORD-104078,Bengaluru,Chandigarh,Groceries,739.0,2539.1,Standard,Regular,Monday,January,Clear,High,3,1,2.4,273.0,0
ORD-101453,Kolkata,Hyderabad,Electronics,40182.0,1526.3,Economy,Regular,Sunday,December,Clear,Low,2,1,20.8,179.0,0
ORD-100594,Bengaluru,Mumbai,Sports,3021.0,1053.1,Express,New,Thursday,March,Cloudy,Medium,3,0,5.1,266.0,0
ORD-102726,Chennai,Pune,Groceries,4645.0,1092.7,Standard,Regular,Monday,December,Fog,Low,8,1,7.5,269.0,0
ORD-100042,Kolkata,Ahmedabad,Sports,3797.0,1961.1,Standard,New,Monday,December,Cloudy,Low,2,2,10.2,238.0,0
ORD-100561,Mumbai,Hyderabad,Clothing,5510.0,780.4,Standard,New,Monday,August,Cloudy,High,2,0,19.1,130.0,1
ORD-104879,Delhi,Delhi,Electronics,35197.0,19.4,Standard,New,Wednesday,January,Clear,Medium,4,0,12.3,142.0,0
ORD-105254,Kolkata,Chandigarh,Beauty,2212.0,1821.5,Economy,New,Friday,December,Clear,Medium,1,0,15.6,182.0,0
ORD-100490,Bengaluru,Visakhapatnam,Electronics,7382.0,978.1,Standard,Regular,Monday,September,Rain,Medium,1,2,15.4,147.0,0
ORD-100244,Bengaluru,Mumbai,Clothing,,1028.1,Express,New,Sunday,January,Cloudy,Low,2,0,22.3,258.0,0
ORD-103173,Chennai,Ahmedabad,Sports,6847.0,1725.4,Express,Premium,Tuesday,August,Rain,,5,1,9.6,418.0,0
ORD-101340,Delhi,Patna,Home & Kitchen,2047.0,1092.9,Priority,Regular,Sunday,June,Cloudy,Medium,2,2,18.7,336.0,0
ORD-105039,Hyderabad,Jaipur,Electronics,13949.0,1500.0,Economy,Regular,Friday,August,,High,1,1,22.0,165.0,1
ORD-104184,Bengaluru,Bengaluru,Clothing,2057.0,9.7,Standard,Regular,Thursday,February,Rain,High,2,1,1.0,69.0,1
ORD-100406,Kolkata,Lucknow,Home & Kitchen,4516.0,1109.0,Economy,Regular,Tuesday,March,Clear,Low,2,1,11.2,134.0,0
ORD-101443,Mumbai,Lucknow,Clothing,3815.0,1586.7,Standard,New,Monday,September,Cloudy,High,2,0,30.0,278.0,1
ORD-100262,Kolkata,Bhopal,Sports,4400.0,1468.2,Economy,Regular,Monday,January,Cloudy,Low,2,1,17.5,182.0,0
ORD-103995,Delhi,Delhi,Books,1928.0,25.8,Priority,New,Monday,July,,High,3,0,7.3,157.0,0
ORD-103538,Bengaluru,Chennai,Clothing,1520.0,379.8,Standard,Regular,Sunday,December,Clear,High,1,1,25.4,74.0,1
ORD-105522,Delhi,Bengaluru,Electronics,2675.0,2200.1,Economy,Regular,Sunday,August,Clear,Low,1,1,13.7,256.0,0
ORD-101690,Delhi,Delhi,Groceries,1769.0,19.7,Express,Regular,Thursday,May,Clear,Medium,6,1,12.0,168.0,0
ORD-103479,Hyderabad,Coimbatore,Home & Kitchen,3832.0,965.6,Standard,Premium,Thursday,March,Cloudy,Medium,2,0,9.9,152.0,0
ORD-101726,Mumbai,Delhi,Electronics,12396.0,1395.9,Economy,Regular,Tuesday,October,Cloudy,Medium,2,2,16.2,170.0,0
ORD-101204,Chennai,Visakhapatnam,Sports,5402.0,715.2,Express,New,Wednesday,February,Fog,Low,3,1,22.9,246.0,0
ORD-100835,Chennai,Delhi,Electronics,18719.0,2273.1,Economy,Regular,Saturday,April,Clear,Medium,3,1,16.6,245.0,1
ORD-101867,Hyderabad,Ahmedabad,Books,682.0,1115.1,Express,Premium,Saturday,November,Clear,Medium,3,0,42.2,228.0,0
ORD-102497,Bengaluru,Bhopal,Beauty,667.0,1415.0,Economy,New,Wednesday,August,Rain,Low,3,1,18.4,199.0,0
ORD-103017,Hyderabad,Kolkata,Electronics,29866.0,1492.9,Economy,Regular,Sunday,October,Clear,Low,4,0,12.7,242.0,0
ORD-105742,Chennai,Hyderabad,Groceries,2964.0,641.8,Standard,Regular,Sunday,August,Clear,Medium,8,2,10.0,189.0,0
ORD-102011,Mumbai,Visakhapatnam,Sports,2295.0,1333.3,Express,Regular,Friday,September,Rain,Low,1,2,6.0,325.0,0
ORD-104014,Mumbai,Bhopal,Clothing,988.0,768.3,Standard,Regular,Sunday,April,Cloudy,Low,1,1,23.0,99.0,0
ORD-100341,Mumbai,Nagpur,Home & Kitchen,3128.0,843.0,Express,Premium,Monday,May,Clear,Low,2,0,8.8,164.0,0
ORD-104214,Mumbai,Jaipur,Clothing,1039.0,1190.6,Standard,Regular,Thursday,October,Clear,Low,3,1,22.1,170.0,1
ORD-101602,Mumbai,Visakhapatnam,Books,718.0,1370.6,Standard,Regular,Friday,August,Rain,Low,1,0,20.6,153.0,1
ORD-102797,Chennai,Hyderabad,Furniture,12108.0,629.7,Express,Premium,Wednesday,May,Fog,Low,1,1,13.0,206.0,0
ORD-104898,Bengaluru,Mumbai,Groceries,1302.0,1065.1,Standard,Premium,Friday,November,Clear,Low,7,1,24.1,201.0,0
ORD-105852,Kolkata,Chennai,Home & Kitchen,5246.0,1783.2,Standard,Regular,Sunday,June,Cloudy,Low,3,0,28.2,230.0,0
ORD-100481,Delhi,Mumbai,Electronics,9094.0,1452.6,Standard,Regular,Saturday,June,Rain,Low,1,0,8.9,178.0,0
ORD-103876,Delhi,Delhi,Clothing,1863.0,32.2,Standard,Regular,Tuesday,November,Cloudy,High,3,3,12.7,88.0,0
ORD-103726,Kolkata,Mumbai,Clothing,990.0,2004.9,Express,Premium,Saturday,January,Cloudy,Medium,1,1,23.2,285.0,0
ORD-104084,Delhi,Pune,Home & Kitchen,11375.0,1376.4,Priority,Regular,Friday,January,Storm,Low,2,0,36.2,438.0,1
ORD-102786,Chennai,Chennai,Home & Kitchen,1933.0,23.4,Express,Regular,Friday,July,Cloudy,Low,2,0,12.9,105.0,0
ORD-101524,Kolkata,Chandigarh,Beauty,627.0,1829.5,Priority,Regular,Monday,March,Fog,Low,1,2,16.6,482.0,1
ORD-103622,Delhi,Lucknow,Clothing,4798.0,536.1,Express,Regular,Thursday,January,Clear,High,3,0,26.4,183.0,1
ORD-104511,Bengaluru,Jaipur,Groceries,1448.0,1894.0,Economy,Regular,Friday,November,Clear,Medium,7,2,15.3,241.0,0
ORD-105373,Mumbai,Bhopal,Clothing,1375.0,832.6,Standard,Regular,Friday,April,Clear,Low,3,1,20.1,146.0,0
ORD-105615,Chennai,Nagpur,Electronics,25461.0,1239.4,Express,Regular,Saturday,September,Rain,Low,2,2,28.2,319.0,0
ORD-105755,Mumbai,Kolkata,Home & Kitchen,16860.0,2015.7,Express,Regular,Monday,July,Rain,High,2,2,14.1,389.0,1
ORD-100800,Chennai,Bhopal,Home & Kitchen,10210.0,1456.6,Economy,Regular,Friday,March,Clear,Low,2,2,10.3,170.0,0
ORD-101767,Hyderabad,Lucknow,Groceries,4290.0,1364.6,Standard,New,Sunday,November,Clear,,8,1,14.7,239.0,1
ORD-105417,Mumbai,Mumbai,Electronics,31339.0,12.2,Standard,Regular,Friday,April,Cloudy,Low,2,1,19.0,109.0,0
ORD-103026,Mumbai,Indore,Home & Kitchen,4269.0,628.8,Standard,New,Friday,January,Clear,Medium,2,0,7.4,114.0,0
ORD-102454,Kolkata,Visakhapatnam,Home & Kitchen,3083.0,911.5,Economy,New,Thursday,January,Fog,Medium,1,1,9.0,125.0,1
ORD-104386,Hyderabad,Coimbatore,Books,304.0,896.3,Express,Regular,Sunday,June,Clear,Low,1,1,5.8,205.0,0
ORD-105329,Delhi,Mumbai,Sports,2602.0,1471.2,Express,New,Monday,May,Fog,Low,1,0,16.7,251.0,0
ORD-104904,Kolkata,Hyderabad,Clothing,3626.0,1399.5,Standard,Regular,Wednesday,December,Cloudy,Medium,5,0,21.5,233.0,1
ORD-103705,Mumbai,Coimbatore,Electronics,7623.0,1245.6,Standard,Regular,Tuesday,June,Rain,Low,1,2,11.1,202.0,0
ORD-105665,Mumbai,Lucknow,Electronics,12407.0,1487.3,Standard,Regular,Monday,October,Clear,Low,2,0,30.6,,0
ORD-100364,Mumbai,Bhopal,Electronics,10305.0,869.9,Standard,Regular,Friday,March,Rain,Low,1,1,25.5,148.0,1
ORD-101272,Delhi,Pune,Home & Kitchen,4527.0,1595.9,Standard,Premium,Tuesday,March,Cloudy,Low,1,0,21.7,206.0,0
ORD-105994,Hyderabad,Delhi,Home & Kitchen,1847.0,1587.5,Express,Premium,Sunday,November,Clear,Low,2,0,33.8,243.0,0
ORD-102004,Chennai,Ahmedabad,Beauty,736.0,1611.1,Standard,Regular,Friday,November,Rain,Medium,3,0,8.4,237.0,1
ORD-105448,Delhi,Chennai,Clothing,1949.0,2077.6,Standard,Regular,Thursday,March,Clear,High,3,0,8.0,292.0,0
ORD-104561,Hyderabad,Delhi,Clothing,1980.0,1561.0,Express,Premium,Sunday,March,Cloudy,High,2,1,13.6,246.0,1
ORD-105679,Chennai,Indore,Groceries,2749.0,1410.7,Standard,Regular,Tuesday,May,Clear,High,5,0,5.4,210.0,0
ORD-105006,Delhi,Bengaluru,Electronics,4222.0,2197.8,Standard,Premium,Friday,June,Cloudy,Medium,2,0,22.4,244.0,0
ORD-100348,Delhi,Lucknow,Groceries,1088.0,503.7,Standard,New,Friday,December,Cloudy,Low,4,0,5.9,119.0,0
ORD-103351,Mumbai,Mumbai,Home & Kitchen,2990.0,14.0,Standard,New,Thursday,November,Cloudy,Low,1,1,12.9,50.0,0
ORD-104826,Delhi,Kolkata,Clothing,2327.0,1645.9,Standard,New,Monday,May,Storm,Medium,3,0,4.8,188.0,0
ORD-103614,Hyderabad,Chennai,Beauty,2617.0,620.1,Express,New,Thursday,October,Cloudy,Medium,1,0,11.3,158.0,0
ORD-105594,Mumbai,Kolkata,Electronics,4794.0,2029.9,Standard,Premium,Saturday,August,Rain,Low,1,0,8.9,203.0,1
ORD-102563,Chennai,Nagpur,Electronics,42442.0,1180.5,Economy,New,Friday,May,Rain,High,3,3,23.1,211.0,0
ORD-103028,Kolkata,Mumbai,Sports,6794.0,2042.1,Express,Regular,Saturday,July,Clear,Medium,2,0,11.5,522.0,0
ORD-104222,Mumbai,Lucknow,Books,2417.0,1456.8,Standard,Regular,Sunday,July,Rain,High,2,0,6.1,175.0,0
ORD-105553,Delhi,Jaipur,Sports,1416.0,302.0,Express,Regular,Saturday,January,Clear,Medium,1,4,26.7,125.0,0
ORD-101424,Delhi,Hyderabad,Clothing,,1524.0,Standard,Premium,Sunday,November,Cloudy,Medium,3,0,9.2,211.0,0
ORD-100657,Kolkata,Kochi,Beauty,998.0,2408.8,Standard,New,Sunday,November,Clear,Medium,3,0,23.0,328.0,0
ORD-103084,Kolkata,Chandigarh,Home & Kitchen,2220.0,1711.7,Standard,New,Saturday,November,Clear,Medium,3,0,28.1,219.0,0
ORD-100080,Kolkata,Nagpur,Clothing,1713.0,1319.3,Economy,Regular,Sunday,October,Storm,Medium,1,2,16.0,139.0,1
ORD-102103,Kolkata,Lucknow,Clothing,1290.0,1159.8,Standard,Premium,Sunday,October,Clear,Low,4,2,46.5,158.0,1
ORD-100633,Mumbai,Patna,Groceries,824.0,1867.1,Standard,Regular,Monday,September,Storm,Low,3,0,13.2,253.0,0
ORD-104909,Chennai,Mumbai,Groceries,5086.0,1201.9,Economy,New,Sunday,January,Cloudy,Medium,9,0,7.8,216.0,0
ORD-102494,Hyderabad,Patna,Home & Kitchen,5695.0,1485.8,Standard,Regular,Thursday,March,Clear,Low,1,0,4.4,205.0,0
ORD-102666,Kolkata,Kolkata,Books,722.0,25.9,Express,Regular,Saturday,July,Clear,Medium,1,1,14.9,86.0,0
ORD-104380,Mumbai,Ahmedabad,Electronics,10027.0,556.2,Economy,Regular,Friday,November,Storm,Medium,3,2,32.5,128.0,0
ORD-104688,Bengaluru,Nagpur,Groceries,613.0,1126.1,Express,Premium,Saturday,March,Storm,Low,3,2,4.4,266.0,0
ORD-104446,Bengaluru,Ahmedabad,Clothing,2602.0,1544.0,Standard,Regular,Monday,August,Rain,Medium,5,1,2.1,228.0,0
ORD-104291,Mumbai,Coimbatore,Home & Kitchen,2673.0,1278.8,Express,Regular,Thursday,October,Clear,High,2,1,26.3,260.0,0
ORD-102335,Delhi,Chennai,Clothing,6446.0,2133.7,Standard,Regular,Sunday,November,Clear,High,3,0,12.6,283.0,0
ORD-103549,Mumbai,Indore,Clothing,2509.0,643.9,Standard,Regular,Monday,January,Clear,Medium,2,0,17.7,117.0,1
ORD-104639,Mumbai,Jaipur,Clothing,4472.0,1106.6,Priority,Premium,Friday,May,Clear,Low,3,3,8.6,365.0,0
ORD-102501,Mumbai,Ahmedabad,Sports,9570.0,527.9,Economy,Regular,Friday,April,Clear,Medium,2,1,15.8,115.0,0
ORD-103620,Hyderabad,Lucknow,Home & Kitchen,2005.0,1295.9,Express,Regular,Wednesday,July,Cloudy,Medium,1,2,11.2,229.0,0
ORD-101466,Chennai,Ahmedabad,Home & Kitchen,5513.0,1672.9,Economy,New,Sunday,April,Clear,Low,3,1,10.4,221.0,0
ORD-104023,Delhi,Coimbatore,Electronics,13184.0,2407.5,Economy,Regular,Sunday,March,Cloudy,Low,2,1,30.3,244.0,1
ORD-104097,Bengaluru,Ahmedabad,Clothing,2128.0,1513.6,Economy,Regular,Wednesday,February,Cloudy,Medium,3,1,8.9,149.0,0
ORD-104895,Chennai,Kolkata,Sports,,1679.6,Economy,Regular,Wednesday,August,Clear,Medium,2,1,7.1,172.0,0
ORD-100116,Kolkata,Mumbai,Sports,1724.0,2075.2,Express,Regular,Saturday,September,Rain,Low,2,1,18.2,385.0,1
ORD-101822,Bengaluru,Jaipur,Electronics,3881.0,1940.8,Standard,Regular,Friday,March,Clear,Low,1,3,10.9,260.0,0
ORD-101495,Delhi,Patna,Electronics,10227.0,1072.7,Standard,Regular,Tuesday,April,Clear,Medium,2,1,38.0,153.0,1
ORD-102402,Kolkata,Chandigarh,Electronics,15680.0,1815.5,Economy,New,Thursday,July,Rain,Low,2,2,12.7,195.0,1
ORD-103875,Hyderabad,Chandigarh,Sports,2121.0,1815.9,Express,Regular,Sunday,May,Fog,High,2,2,19.8,417.0,1
ORD-101233,Mumbai,Chandigarh,Groceries,2092.0,1761.3,Standard,Regular,Monday,April,Clear,Medium,6,3,5.3,306.0,0
ORD-102662,Delhi,Chennai,Sports,3263.0,2148.2,Standard,New,Friday,November,Clear,High,3,1,20.3,289.0,1
ORD-102818,Bengaluru,Mumbai,Electronics,11760.0,1025.2,Express,New,Wednesday,August,Rain,,2,0,27.3,281.0,0
ORD-101196,Mumbai,Pune,Groceries,3339.0,146.6,Standard,Regular,Saturday,April,Clear,Low,2,1,12.5,81.0,0
ORD-105532,Kolkata,Bengaluru,Home & Kitchen,6102.0,2076.7,Express,Regular,Friday,June,Cloudy,High,2,1,21.3,416.0,1
ORD-101154,Mumbai,Jaipur,Clothing,1397.0,1154.7,Standard,Regular,Friday,May,Cloudy,Medium,1,0,18.8,128.0,0
ORD-103910,Kolkata,Nagpur,Electronics,32743.0,1145.9,Economy,Regular,Friday,March,Clear,Medium,2,0,22.4,174.0,0
ORD-104935,Chennai,Delhi,Beauty,2668.0,2213.6,Standard,New,Thursday,February,Clear,Medium,1,1,3.7,249.0,0
ORD-105379,Mumbai,Kochi,Clothing,1285.0,1393.5,Economy,Regular,Tuesday,September,Rain,High,1,0,21.1,128.0,0
ORD-100058,Bengaluru,Jaipur,Electronics,33875.0,2027.6,Standard,New,Sunday,February,Clear,Low,3,0,23.6,313.0,0
ORD-104512,Bengaluru,Mumbai,Electronics,6725.0,1027.1,Priority,Premium,Tuesday,August,Rain,Medium,2,0,7.6,425.0,0
ORD-103884,Bengaluru,Delhi,Groceries,2211.0,2260.2,Express,Regular,Sunday,November,Cloudy,Medium,4,0,12.7,488.0,0
ORD-103062,Bengaluru,Pune,Groceries,1595.0,898.0,Economy,New,Tuesday,November,Clear,Medium,5,0,5.1,138.0,0
ORD-105847,Hyderabad,Mumbai,Home & Kitchen,9705.0,811.4,Express,Regular,Wednesday,December,Storm,High,4,0,31.7,,1
ORD-105995,Bengaluru,Bhopal,Electronics,12163.0,1489.4,Standard,Regular,Sunday,April,Clear,Low,6,1,18.2,295.0,1
ORD-101736,Chennai,Delhi,Groceries,2554.0,2234.3,Standard,Regular,Friday,November,Clear,Medium,4,2,21.8,303.0,0
ORD-105455,Hyderabad,Lucknow,Clothing,7246.0,1379.1,Economy,Regular,Sunday,November,Rain,Medium,3,1,27.5,168.0,0
ORD-102824,Hyderabad,Lucknow,Sports,2263.0,1372.3,Economy,Regular,Saturday,June,Rain,Low,2,1,23.3,149.0,0
ORD-102197,Mumbai,Kochi,Books,439.0,1264.3,Standard,Regular,Tuesday,October,Cloudy,Medium,1,2,28.9,161.0,0
ORD-100160,Kolkata,Pune,Sports,2062.0,2057.7,Express,Regular,Saturday,January,Cloudy,Low,2,1,16.6,444.0,0
ORD-104141,Delhi,Ahmedabad,Groceries,1609.0,965.0,Express,Premium,Friday,December,Fog,Medium,7,0,12.1,292.0,0
ORD-102476,Mumbai,Chennai,Clothing,2400.0,1367.0,Standard,New,Thursday,February,Fog,Medium,4,1,10.4,214.0,1
ORD-102565,Bengaluru,Delhi,Clothing,2220.0,1969.1,Standard,Premium,Sunday,November,Clear,High,4,1,16.5,248.0,1
ORD-104336,Mumbai,Pune,Clothing,2411.0,155.4,Economy,Regular,Tuesday,January,Cloudy,Medium,2,1,22.5,63.0,0
ORD-105098,Chennai,Kolkata,Electronics,9464.0,1602.6,Standard,Regular,Saturday,July,Rain,Low,1,2,12.0,238.0,1
ORD-104181,Chennai,Nagpur,Home & Kitchen,5557.0,1112.2,Economy,New,Tuesday,November,Storm,Low,4,1,7.8,126.0,0
ORD-102609,Chennai,Chennai,Groceries,2264.0,35.2,Standard,Regular,Friday,October,Clear,High,5,1,4.7,126.0,0
ORD-104682,Mumbai,Mumbai,Groceries,1080.0,30.6,Standard,Regular,Tuesday,November,Clear,Low,5,1,5.2,106.0,0
ORD-100708,Kolkata,Indore,Clothing,5521.0,1647.4,Express,New,Sunday,July,Cloudy,Low,4,1,22.7,386.0,0
ORD-103047,Bengaluru,Chennai,Sports,5624.0,355.4,Standard,New,Tuesday,September,Rain,Medium,4,0,29.4,150.0,0
ORD-105164,Delhi,Pune,Electronics,28291.0,1449.3,Express,Regular,Tuesday,May,Clear,Medium,2,1,12.1,405.0,0
ORD-101094,Delhi,Mumbai,Clothing,1905.0,1306.6,Standard,Regular,Saturday,June,Storm,Medium,4,1,32.7,193.0,1
ORD-104620,Bengaluru,Mumbai,Furniture,10332.0,1144.7,Express,Regular,Tuesday,April,Cloudy,Low,1,1,23.9,260.0,0
ORD-101377,Chennai,Bengaluru,Clothing,6466.0,367.1,Express,Premium,Sunday,November,Rain,Medium,4,1,24.2,187.0,1
ORD-105958,Mumbai,Bhopal,Electronics,5168.0,823.3,Standard,New,Monday,October,Storm,Medium,1,0,17.5,141.0,0
ORD-100073,Kolkata,Ahmedabad,Furniture,9868.0,1868.2,Standard,Premium,Monday,August,Clear,Medium,1,0,26.2,222.0,1
ORD-101923,Bengaluru,Mumbai,Clothing,1915.0,997.7,Standard,Regular,Thursday,July,Rain,Medium,5,1,1.0,212.0,0
ORD-104514,Mumbai,Delhi,Groceries,2810.0,1452.3,Express,Regular,Monday,November,Storm,Medium,7,0,13.1,433.0,0
ORD-105777,Chennai,Ahmedabad,Home & Kitchen,3682.0,1709.6,Standard,Regular,Saturday,December,Fog,Medium,2,1,21.9,204.0,1
ORD-101765,Mumbai,Kolkata,Clothing,650.0,2040.6,Standard,Regular,Thursday,June,Cloudy,Low,3,1,5.6,282.0,0
ORD-100744,Mumbai,Ahmedabad,Beauty,1265.0,544.2,Standard,New,Tuesday,February,Cloudy,High,2,1,17.6,109.0,0
ORD-104126,Mumbai,Coimbatore,Groceries,6061.0,1320.4,Standard,New,Sunday,March,Cloudy,Low,6,0,2.9,304.0,0
ORD-101006,Delhi,Hyderabad,Groceries,4089.0,1654.1,Standard,Premium,Thursday,March,,Medium,10,0,6.7,249.0,1
ORD-102669,Bengaluru,Kochi,Beauty,2980.0,505.4,Express,Regular,Saturday,February,Clear,High,2,1,19.0,187.0,0
ORD-101191,Bengaluru,Indore,Groceries,3721.0,1483.2,Standard,Regular,Wednesday,November,Clear,Low,8,0,9.1,262.0,0
ORD-104358,Delhi,Kolkata,Electronics,38553.0,1654.1,Standard,New,Wednesday,December,Clear,Medium,2,3,24.6,284.0,1
ORD-102602,Chennai,Bengaluru,Clothing,2791.0,356.7,Economy,New,Friday,November,Cloudy,Medium,4,0,28.2,120.0,0
ORD-101126,Bengaluru,Visakhapatnam,Electronics,9974.0,1004.7,Standard,Regular,Sunday,November,Clear,High,2,2,37.6,140.0,1
ORD-101242,Delhi,Chennai,Groceries,560.0,2113.4,Standard,Regular,Saturday,January,Fog,High,2,0,14.7,228.0,1
ORD-105644,Delhi,Kochi,Home & Kitchen,6420.0,2378.8,Standard,Premium,Sunday,December,Storm,Low,5,0,19.9,253.0,1
ORD-105426,Chennai,Kolkata,Beauty,2406.0,1733.0,Standard,Regular,Wednesday,May,Cloudy,High,2,0,,269.0,0
ORD-105604,Hyderabad,Visakhapatnam,Home & Kitchen,4096.0,646.7,Standard,Regular,Sunday,August,Rain,Medium,1,3,5.4,112.0,0
ORD-105707,Hyderabad,Indore,Clothing,3591.0,833.9,Standard,Premium,Thursday,July,Rain,Low,4,0,6.5,154.0,0
ORD-103352,Mumbai,Indore,Electronics,12249.0,653.2,Express,New,Friday,December,Cloudy,Low,2,1,39.3,186.0,0
ORD-100999,Hyderabad,Nagpur,Beauty,2196.0,524.5,Standard,New,Thursday,October,Clear,Low,1,0,26.2,86.0,0
ORD-104505,Mumbai,Mumbai,Home & Kitchen,1673.0,24.5,Priority,Premium,Thursday,December,Clear,Low,2,0,14.4,146.0,0
ORD-103825,Chennai,Delhi,Clothing,4099.0,2159.6,Economy,Premium,Tuesday,February,Fog,Medium,2,0,3.5,197.0,0
ORD-104009,Mumbai,Chandigarh,Home & Kitchen,6429.0,1879.4,Standard,New,Wednesday,November,Clear,High,1,1,33.9,198.0,1
ORD-103239,Delhi,Mumbai,Sports,9024.0,1401.4,Standard,Regular,Sunday,May,Clear,Low,4,2,17.8,208.0,0
ORD-102685,Delhi,Chennai,Books,2060.0,2208.0,Standard,Premium,Saturday,November,Cloudy,High,3,0,10.9,258.0,1
ORD-105245,Bengaluru,Mumbai,Beauty,3130.0,1015.2,Economy,Regular,Saturday,September,,Medium,2,0,20.3,113.0,0
ORD-101578,Kolkata,Ahmedabad,Furniture,17352.0,1920.0,Economy,Premium,Sunday,July,Storm,Low,1,2,23.7,184.0,1
ORD-103907,Kolkata,Jaipur,Home & Kitchen,7616.0,1578.0,Standard,New,Friday,March,Cloudy,High,2,2,16.6,245.0,1
ORD-103730,Chennai,Pune,Electronics,33136.0,1191.0,Standard,Premium,Monday,July,Rain,Low,2,0,9.8,211.0,0
ORD-103669,Delhi,Pune,Sports,3250.0,1426.4,Express,Regular,Friday,September,Clear,Medium,3,0,5.1,332.0,0
ORD-105799,Chennai,Bhopal,Furniture,16756.0,1593.6,Standard,Regular,Monday,July,Rain,Medium,1,0,20.0,188.0,0
ORD-101827,Bengaluru,Mumbai,Electronics,36234.0,1057.1,Economy,Regular,Tuesday,February,Fog,High,1,0,23.8,162.0,1
ORD-101344,Bengaluru,Bengaluru,Electronics,20574.0,10.2,Priority,Premium,Sunday,January,Clear,Low,2,2,10.5,211.0,0
ORD-103265,Delhi,Bhopal,Beauty,2591.0,748.9,Standard,New,Sunday,August,Clear,High,1,0,16.6,131.0,0
ORD-104667,Kolkata,Coimbatore,Electronics,13625.0,2207.7,Economy,Regular,Monday,March,Clear,Medium,2,1,17.5,206.0,1
ORD-105000,Bengaluru,Patna,Clothing,2773.0,2032.4,Standard,Premium,Sunday,February,Fog,Medium,4,0,5.3,242.0,0
ORD-100441,Kolkata,Hyderabad,Electronics,10843.0,1472.0,Express,New,Friday,January,Fog,Medium,1,0,31.1,298.0,0
ORD-101783,Delhi,Indore,Clothing,3764.0,933.7,Standard,New,Thursday,June,Clear,Medium,2,1,7.7,153.0,0
ORD-101101,Mumbai,Delhi,Beauty,3722.0,1414.1,Standard,Regular,Friday,September,Cloudy,Low,1,1,18.7,156.0,0
ORD-102638,Mumbai,Delhi,Groceries,5319.0,1467.2,Standard,Regular,Tuesday,August,Rain,Low,5,0,9.3,,0
ORD-104259,Hyderabad,Delhi,Groceries,2666.0,1465.3,Standard,Regular,Tuesday,April,Cloudy,High,8,0,21.2,295.0,0
ORD-100650,Mumbai,Coimbatore,Groceries,2604.0,1229.0,Economy,New,Thursday,June,Clear,Medium,5,0,1.0,173.0,0
ORD-101547,Delhi,Indore,Clothing,1178.0,903.0,Standard,Regular,Sunday,April,Clear,Low,2,1,4.6,137.0,0
ORD-103232,Mumbai,Mumbai,Home & Kitchen,3883.0,40.7,Standard,Regular,Friday,September,Storm,Low,1,0,8.7,53.0,0
ORD-105298,Delhi,Patna,Home & Kitchen,4334.0,1154.9,Standard,New,Thursday,June,Rain,Low,3,0,18.0,187.0,0
ORD-104602,Hyderabad,Mumbai,Groceries,2033.0,759.2,Standard,Regular,Wednesday,August,Rain,High,6,1,13.2,156.0,1
ORD-104619,Bengaluru,Visakhapatnam,Groceries,776.0,981.7,Standard,Regular,Wednesday,December,Clear,Low,3,2,4.2,164.0,0
ORD-105428,Kolkata,Bhopal,Furniture,6970.0,1400.5,Standard,Regular,Wednesday,October,Clear,Low,1,0,30.5,173.0,0
ORD-102853,Kolkata,Bhopal,Clothing,3652.0,1309.4,Standard,New,Monday,October,Clear,Low,3,0,13.3,202.0,0
ORD-103504,Chennai,Chandigarh,Clothing,6115.0,2534.4,Express,Regular,Tuesday,November,Clear,Low,5,3,10.0,546.0,0
ORD-104354,Mumbai,Lucknow,Sports,2261.0,1432.6,Standard,New,Wednesday,October,Cloudy,Low,1,0,14.2,176.0,0
ORD-100631,Hyderabad,Kolkata,Electronics,17737.0,1454.2,Standard,New,Tuesday,July,Cloudy,High,1,0,6.3,191.0,1
ORD-101250,Hyderabad,Kochi,Books,754.0,1058.6,Standard,Regular,Wednesday,May,Clear,Medium,2,0,8.8,144.0,1
ORD-104130,Hyderabad,Delhi,Books,1905.0,1574.7,Express,Regular,Sunday,January,Storm,Low,3,1,10.0,318.0,0
ORD-100483,Bengaluru,Nagpur,Clothing,9518.0,1146.4,Economy,Regular,Thursday,December,Cloudy,High,2,1,10.8,137.0,1
ORD-101585,Bengaluru,Jaipur,Beauty,2703.0,2093.0,Economy,Regular,Friday,June,Cloudy,High,3,0,7.7,206.0,1
ORD-101463,Mumbai,Ahmedabad,Books,996.0,529.5,Standard,Premium,Tuesday,May,Cloudy,Medium,3,0,20.5,90.0,0
ORD-103041,Delhi,Bengaluru,Groceries,3474.0,2129.8,Standard,Regular,Thursday,December,Fog,Medium,6,1,29.0,333.0,1
ORD-104656,Kolkata,Chennai,Electronics,11631.0,1779.9,Priority,Premium,Tuesday,August,Clear,Medium,2,1,19.2,521.0,0
ORD-103274,Chennai,Kochi,Home & Kitchen,5222.0,676.8,Standard,New,Monday,December,Cloudy,High,2,0,38.1,124.0,1
ORD-103684,Bengaluru,Chennai,Electronics,7043.0,350.7,Standard,Regular,Thursday,May,Cloudy,Medium,2,1,5.7,118.0,0
ORD-104258,Bengaluru,Delhi,Beauty,2819.0,2041.1,Economy,Regular,Wednesday,July,Rain,High,4,1,8.1,186.0,1
ORD-103226,Kolkata,Mumbai,Beauty,1266.0,2034.4,Standard,Regular,Friday,August,Cloudy,Medium,1,1,23.1,232.0,1
ORD-101073,Bengaluru,Coimbatore,Books,353.0,299.3,Standard,Premium,Sunday,December,Cloudy,Low,1,1,24.0,73.0,0
ORD-102632,Bengaluru,Indore,Electronics,8297.0,1349.7,Standard,Regular,Sunday,September,Storm,Medium,3,2,13.5,251.0,0
ORD-101661,Mumbai,Hyderabad,Clothing,1841.0,743.4,Priority,Premium,Saturday,February,Clear,High,4,0,11.8,346.0,0
ORD-102426,Chennai,Jaipur,Beauty,2046.0,2210.4,Standard,Premium,Tuesday,December,Cloudy,Low,2,1,8.5,263.0,1
ORD-105103,Mumbai,Kolkata,Electronics,15589.0,1995.9,Standard,Premium,Wednesday,October,Clear,High,1,0,33.5,210.0,1
ORD-103098,Delhi,Delhi,Sports,743.0,30.5,Express,Regular,Saturday,October,Clear,Medium,1,0,7.5,86.0,0
ORD-103977,Mumbai,Lucknow,Sports,,1477.9,Economy,Regular,Wednesday,January,Clear,Low,2,1,12.4,177.0,0
ORD-105420,Delhi,Pune,Electronics,17894.0,1441.2,Economy,New,Thursday,September,Storm,Low,1,0,30.8,155.0,1
ORD-105753,Chennai,Kochi,Clothing,5192.0,664.6,Standard,Premium,Friday,August,Clear,Low,4,0,4.1,119.0,0
ORD-101075,Kolkata,Mumbai,Sports,5904.0,2144.3,Standard,New,Friday,July,Rain,,2,0,12.9,246.0,1
ORD-104798,Bengaluru,Coimbatore,Electronics,9455.0,279.6,Economy,New,Monday,April,Cloudy,Low,1,1,10.9,63.0,0
ORD-101409,Kolkata,Kochi,Clothing,19727.0,2581.4,Standard,New,Monday,June,Cloudy,Low,3,1,15.1,298.0,0
ORD-101846,Chennai,Chennai,Clothing,1206.0,12.4,Express,Premium,Wednesday,October,Cloudy,Medium,2,0,6.9,96.0,0
ORD-101799,Bengaluru,Delhi,Clothing,3234.0,2250.9,Standard,Regular,Thursday,December,Fog,Low,3,1,8.7,,0
ORD-103958,Hyderabad,Bhopal,Electronics,21134.0,834.2,Express,New,Friday,December,Fog,Low,1,0,23.8,223.0,0
ORD-101476,Bengaluru,Indore,Electronics,21782.0,1319.4,Standard,Regular,Tuesday,October,Rain,High,3,0,11.2,210.0,1
ORD-100036,Mumbai,Patna,Furniture,14175.0,1816.6,Standard,New,Monday,July,Clear,Medium,1,0,22.6,254.0,0
ORD-100445,Delhi,Chennai,Clothing,1848.0,2206.5,Express,Regular,Sunday,July,Clear,Medium,4,0,23.1,440.0,0
ORD-102360,Mumbai,Bhopal,Clothing,,821.0,Standard,Regular,Thursday,April,Clear,Medium,2,0,15.3,134.0,0
ORD-103655,Delhi,Nagpur,Clothing,3726.0,1019.6,Economy,Regular,Saturday,November,Storm,Low,2,0,20.8,123.0,0
ORD-103180,Bengaluru,Ahmedabad,Books,374.0,1593.8,Standard,Regular,Monday,March,Clear,Medium,2,1,15.4,172.0,0
ORD-101287,Delhi,Mumbai,Clothing,1637.0,1483.4,Standard,Regular,Tuesday,April,Clear,Medium,3,1,15.3,216.0,0
ORD-105927,Kolkata,Delhi,Home & Kitchen,3529.0,1616.5,Priority,New,Thursday,December,Clear,Medium,1,1,15.5,500.0,0
ORD-103417,Chennai,Delhi,Sports,3836.0,2132.9,Economy,Regular,Saturday,May,Clear,High,2,1,12.5,194.0,1
ORD-102138,Kolkata,Bengaluru,Electronics,9378.0,1895.9,Standard,Regular,Friday,October,Clear,High,1,1,19.5,,0
ORD-102637,Bengaluru,Chennai,Beauty,1815.0,377.9,Standard,Regular,Monday,December,Cloudy,High,6,0,5.5,139.0,0
ORD-104017,Delhi,Kolkata,Beauty,1096.0,1644.3,Standard,Regular,Thursday,August,Storm,High,2,0,13.2,216.0,0
ORD-105854,Delhi,Patna,Electronics,6373.0,1027.9,Standard,Regular,Friday,July,Cloudy,Medium,2,0,22.6,175.0,0
ORD-101682,Kolkata,Kolkata,Clothing,2604.0,13.5,Priority,Premium,Monday,December,Fog,High,6,2,20.8,226.0,0
ORD-104402,Chennai,Bhopal,Books,2853.0,1492.1,Standard,Premium,Saturday,July,Clear,Medium,1,0,20.7,164.0,0
ORD-101693,Delhi,Delhi,Beauty,4238.0,12.1,Express,Regular,Wednesday,August,Rain,Medium,3,2,14.2,137.0,0
ORD-104468,Chennai,Chandigarh,Clothing,1722.0,2531.3,Economy,Regular,Friday,January,Fog,Medium,3,1,13.1,218.0,1
ORD-105202,Mumbai,Bengaluru,Clothing,2817.0,1043.4,Express,Regular,Friday,June,Cloudy,Medium,2,0,10.1,293.0,0
ORD-103636,Mumbai,Ahmedabad,Electronics,21004.0,479.9,Standard,Regular,Friday,August,Clear,High,2,0,10.2,,0
ORD-100373,Delhi,Visakhapatnam,Books,1224.0,1638.6,Standard,Premium,Saturday,March,Storm,Low,5,1,34.5,238.0,1
ORD-104650,Bengaluru,Chennai,Furniture,10845.0,360.9,Express,New,Tuesday,February,Storm,High,1,0,39.5,149.0,0
ORD-100141,Bengaluru,Chandigarh,Clothing,3498.0,2511.2,Priority,Regular,Wednesday,May,Cloudy,Low,3,1,10.3,731.0,0
ORD-105645,Chennai,Kochi,Clothing,1133.0,685.9,Standard,New,Wednesday,November,Clear,Medium,1,1,28.7,98.0,0
ORD-105340,Delhi,Chennai,Home & Kitchen,2907.0,2145.9,Economy,Regular,Saturday,October,Clear,Low,1,0,20.1,216.0,1
ORD-100715,Kolkata,Kolkata,Books,1197.0,13.6,Economy,Regular,Wednesday,October,Cloudy,High,4,1,11.0,78.0,0
ORD-103189,Mumbai,Mumbai,Electronics,10024.0,16.2,Priority,New,Tuesday,September,Clear,High,1,0,12.7,148.0,0
ORD-105345,Delhi,Kolkata,Sports,7751.0,1786.6,Priority,Premium,Monday,April,Clear,Low,3,0,9.7,603.0,0
ORD-104231,Hyderabad,Indore,Groceries,1503.0,829.8,Standard,New,Tuesday,November,Cloudy,Low,4,0,38.9,159.0,0
ORD-100407,Delhi,Visakhapatnam,Beauty,2370.0,1711.2,Priority,Premium,Sunday,October,Cloudy,Low,1,1,20.8,370.0,1
ORD-100021,Chennai,Visakhapatnam,Home & Kitchen,3212.0,746.2,Economy,New,Sunday,May,Clear,Low,4,0,20.1,114.0,0
ORD-101005,Chennai,Patna,Beauty,1468.0,1977.4,Economy,New,Thursday,March,Clear,Low,2,0,16.7,173.0,0
ORD-102412,Hyderabad,Indore,Clothing,1391.0,828.1,Express,Regular,Sunday,April,Clear,Low,5,1,4.1,258.0,0
ORD-102546,Delhi,Indore,Home & Kitchen,5477.0,817.9,Economy,Regular,Wednesday,January,Cloudy,Low,1,0,13.9,107.0,0
ORD-102391,Bengaluru,Kolkata,Furniture,12529.0,1947.8,Economy,Regular,Friday,August,Rain,High,1,1,32.6,212.0,1
ORD-104866,Mumbai,Chennai,Home & Kitchen,3801.0,1316.9,Priority,Regular,Friday,April,Clear,Medium,2,1,20.5,411.0,0
ORD-100043,Chennai,Mumbai,Home & Kitchen,5028.0,1338.6,Standard,Regular,Saturday,February,Clear,High,2,0,3.8,192.0,0
ORD-102831,Delhi,Bengaluru,Clothing,2531.0,2357.7,Express,Regular,Tuesday,June,Storm,Medium,4,0,27.0,480.0,1
ORD-103372,Mumbai,Bengaluru,Groceries,1013.0,1055.2,Standard,Regular,Tuesday,May,Clear,Medium,5,0,3.3,194.0,0
ORD-103023,Bengaluru,Patna,Sports,5587.0,1986.7,Economy,New,Tuesday,February,Storm,High,3,1,7.2,199.0,1
ORD-103365,Delhi,Mumbai,Sports,2835.0,1348.4,Standard,Premium,Wednesday,July,Clear,High,2,1,9.1,154.0,1
ORD-100012,Hyderabad,Kolkata,Books,559.0,1611.5,Express,New,Monday,September,Clear,High,4,0,3.6,328.0,0
ORD-101178,Delhi,Visakhapatnam,Groceries,2472.0,1705.3,Economy,Regular,Thursday,April,Clear,High,12,1,20.1,307.0,0
ORD-101948,Hyderabad,Delhi,Home & Kitchen,6788.0,1618.0,Standard,Regular,Friday,January,Fog,Low,3,1,12.0,206.0,0
ORD-102502,Chennai,Mumbai,Clothing,934.0,1359.1,Priority,Premium,Monday,August,Clear,Low,2,0,17.7,362.0,0
ORD-102864,Mumbai,Kochi,Books,419.0,1332.2,Standard,Regular,Saturday,April,Clear,Medium,1,1,8.5,184.0,0
ORD-103866,Delhi,Hyderabad,Home & Kitchen,5073.0,1580.6,Priority,Regular,Friday,July,Rain,Medium,3,1,12.8,557.0,1
ORD-101027,Hyderabad,Kochi,Sports,5146.0,1096.9,Standard,Premium,Sunday,October,Cloudy,Low,2,0,12.7,169.0,0
ORD-103849,Delhi,Delhi,Clothing,3968.0,44.7,Economy,New,Monday,August,Cloudy,Low,3,0,27.8,66.0,0
ORD-102990,Bengaluru,Delhi,Electronics,8085.0,2183.7,Express,Regular,Tuesday,January,Rain,Low,1,1,21.8,470.0,0
ORD-100962,Delhi,Chandigarh,Clothing,3399.0,286.2,Economy,New,Thursday,September,Clear,Low,1,0,11.9,68.0,0
ORD-102890,Mumbai,Ahmedabad,Electronics,5764.0,563.5,Economy,New,Thursday,December,Cloudy,Medium,2,0,34.4,92.0,0
ORD-103016,Chennai,Nagpur,Electronics,19750.0,1082.9,Economy,New,Friday,January,Clear,Low,1,0,8.5,124.0,0
ORD-103339,Delhi,Jaipur,Groceries,3140.0,291.4,Standard,Regular,Monday,December,Clear,Medium,4,1,10.1,96.0,0
ORD-104272,Bengaluru,Nagpur,Books,415.0,1095.3,Economy,Regular,Wednesday,February,Fog,Low,1,1,5.3,87.0,0
ORD-100736,Chennai,Visakhapatnam,Books,1097.0,792.3,Priority,Regular,Sunday,December,Fog,Low,3,1,11.4,299.0,0
ORD-101441,Delhi,Patna,Clothing,4612.0,1000.7,Economy,Regular,Sunday,January,Cloudy,Medium,3,0,24.6,138.0,0
ORD-102876,Mumbai,Coimbatore,Clothing,1547.0,1250.1,Economy,Regular,Saturday,July,Clear,High,3,2,14.9,159.0,1
ORD-103987,Delhi,Mumbai,Electronics,19248.0,1456.7,Economy,Premium,Thursday,November,Storm,High,2,0,22.3,154.0,1
ORD-100917,Mumbai,Delhi,Home & Kitchen,1283.0,1508.6,Standard,Regular,Friday,February,Fog,High,2,1,23.5,179.0,1
ORD-105051,Delhi,Bhopal,Books,1097.0,730.0,Economy,New,Saturday,October,Storm,Medium,2,3,4.3,92.0,1
ORD-104090,Mumbai,Hyderabad,Clothing,1021.0,798.3,Standard,Regular,Friday,February,Cloudy,High,4,2,21.7,155.0,0
ORD-105596,Chennai,Chennai,Groceries,2051.0,20.6,Priority,Premium,Monday,April,Clear,High,8,4,21.6,300.0,1
ORD-104731,Delhi,Indore,Clothing,3137.0,827.4,Express,Regular,Sunday,November,Clear,Low,4,2,14.1,217.0,0
ORD-102773,Hyderabad,Kolkata,Groceries,3756.0,1486.1,Economy,Regular,Saturday,December,Cloudy,Low,8,2,6.8,210.0,0
ORD-101625,Delhi,Hyderabad,Beauty,748.0,1590.5,Standard,New,Saturday,May,Cloudy,Low,1,1,11.5,179.0,0
ORD-105600,Bengaluru,Bengaluru,Sports,3324.0,25.6,Standard,Regular,Sunday,November,Clear,Medium,2,0,11.8,57.0,0
ORD-100822,Bengaluru,Pune,Sports,6178.0,934.3,Express,Regular,Saturday,February,Clear,High,5,1,5.1,343.0,1
ORD-101368,Mumbai,Mumbai,Groceries,2450.0,19.1,Standard,New,Saturday,July,Rain,Low,5,1,12.0,106.0,0
ORD-103713,Hyderabad,Nagpur,Electronics,21420.0,541.5,Standard,New,Monday,December,Cloudy,Medium,3,2,16.5,163.0,1
ORD-105444,Chennai,Bengaluru,Beauty,819.0,376.1,Priority,Premium,Friday,February,Cloudy,Low,3,0,9.8,185.0,0
ORD-100851,Mumbai,Visakhapatnam,Books,656.0,1424.0,Standard,New,Tuesday,June,Rain,High,1,0,9.1,189.0,0
ORD-101001,Mumbai,Lucknow,Groceries,2543.0,1405.2,Standard,Regular,Friday,July,Cloudy,Low,9,4,5.8,312.0,1
ORD-104503,Bengaluru,Chandigarh,Beauty,822.0,2348.6,Standard,Premium,Sunday,October,Clear,Medium,3,0,8.7,302.0,0
ORD-104115,Kolkata,Ahmedabad,Home & Kitchen,2791.0,1940.5,Standard,Regular,Sunday,January,Cloudy,Low,5,0,21.1,269.0,0
ORD-101638,Hyderabad,Pune,Furniture,31378.0,614.3,Economy,Regular,Saturday,April,Clear,Low,1,1,23.0,126.0,0
ORD-101668,Delhi,Delhi,Electronics,26959.0,42.3,Standard,Premium,Friday,November,Clear,,1,1,16.6,69.0,0
ORD-103174,Hyderabad,Bhopal,Furniture,31501.0,849.4,Standard,New,Monday,April,Rain,Medium,1,0,36.0,151.0,0
ORD-104606,Delhi,Bengaluru,Groceries,2610.0,2114.8,Standard,New,Tuesday,January,Clear,Medium,7,0,15.4,291.0,0
ORD-101348,Delhi,Hyderabad,Furniture,8926.0,1583.1,Priority,Premium,Thursday,May,Cloudy,High,1,0,28.2,430.0,1
ORD-104728,Delhi,Kochi,Books,613.0,2710.7,Express,New,Friday,December,Clear,Low,2,1,17.1,472.0,1
ORD-103231,Delhi,Bengaluru,Groceries,4218.0,2187.0,Express,Premium,Monday,June,Rain,Low,9,1,8.3,471.0,0
ORD-104252,Mumbai,Visakhapatnam,Groceries,1600.0,1387.2,Priority,Premium,Thursday,April,Clear,Low,5,0,1.1,382.0,0
ORD-104652,Kolkata,Hyderabad,Clothing,2194.0,1455.6,Standard,New,Friday,April,Clear,Medium,5,0,6.2,237.0,0
ORD-103233,Bengaluru,Kochi,Beauty,1090.0,453.1,Express,Premium,Thursday,March,Storm,Low,1,0,8.1,108.0,0
ORD-104950,Chennai,Chennai,Furniture,22476.0,14.8,Express,Regular,Saturday,October,Storm,Low,1,0,37.9,171.0,0
ORD-100704,Kolkata,Bengaluru,Clothing,4385.0,1897.5,Priority,Premium,Friday,December,Clear,Low,4,1,30.5,577.0,0
ORD-104827,Mumbai,Kolkata,Clothing,6441.0,2090.8,Standard,New,Tuesday,March,Cloudy,Medium,2,0,16.7,271.0,0
ORD-103292,Chennai,Nagpur,Electronics,16051.0,1127.0,Standard,New,Saturday,October,Cloudy,Low,2,0,11.1,170.0,0
ORD-103674,Delhi,Indore,Home & Kitchen,3095.0,822.0,Economy,Regular,Sunday,June,Clear,Low,3,2,9.4,114.0,0
ORD-102409,Delhi,Patna,Sports,2564.0,1019.3,Economy,New,Friday,June,Clear,Low,2,0,36.4,129.0,0
ORD-101328,Bengaluru,Hyderabad,Electronics,8262.0,647.7,Express,Regular,Thursday,December,Cloudy,High,3,0,23.2,220.0,1
ORD-105641,Delhi,Lucknow,Books,742.0,530.1,Express,Regular,Monday,May,Cloudy,Low,1,1,9.9,144.0,0
ORD-104960,Chennai,Visakhapatnam,Clothing,2146.0,772.7,Standard,Regular,Thursday,December,Cloudy,Low,4,2,4.7,141.0,0
ORD-105935,Delhi,Patna,Sports,1752.0,1064.8,Economy,Regular,Monday,October,Clear,High,2,2,17.6,118.0,1
ORD-100987,Delhi,Kochi,Books,502.0,2432.1,Express,New,Thursday,October,Cloudy,Low,2,2,16.2,477.0,0
ORD-105494,Delhi,Chandigarh,Beauty,3221.0,285.4,Standard,New,Wednesday,November,Cloudy,High,3,0,9.2,117.0,1
ORD-105205,Mumbai,Bengaluru,Clothing,2095.0,1097.9,Standard,Premium,Saturday,August,Cloudy,High,2,1,17.8,150.0,0
ORD-105013,Mumbai,Kolkata,Clothing,5986.0,2033.9,Standard,Premium,Friday,April,Cloudy,Medium,6,0,3.5,322.0,0
ORD-104050,Chennai,Kolkata,Home & Kitchen,2527.0,1608.3,Standard,New,Tuesday,September,Storm,Medium,1,1,13.0,213.0,1
ORD-103486,Chennai,Chennai,Home & Kitchen,2467.0,38.6,Express,Regular,Friday,February,Cloudy,Low,1,4,8.7,93.0,0
ORD-102475,Delhi,Chennai,Sports,11383.0,2175.9,Economy,Regular,Friday,September,Clear,Medium,1,2,22.3,229.0,0
ORD-103874,Mumbai,Chennai,Books,368.0,1199.5,Standard,Regular,Monday,December,Storm,Medium,1,1,11.9,174.0,0
ORD-101199,Delhi,Kolkata,Electronics,9982.0,1535.8,Express,Regular,Monday,March,Cloudy,Low,2,1,20.3,308.0,0
ORD-104182,Mumbai,Kochi,Electronics,20814.0,1269.5,Standard,Regular,Saturday,February,Clear,Medium,2,1,15.2,189.0,0
ORD-101519,Mumbai,Delhi,Clothing,2071.0,1415.6,Standard,Regular,Monday,July,Rain,Medium,1,1,18.9,202.0,0
ORD-101800,Chennai,Chennai,Beauty,549.0,30.4,Standard,New,Saturday,June,Clear,Medium,1,0,3.9,52.0,0
ORD-101015,Delhi,Chennai,Books,2605.0,2297.6,Express,New,Thursday,September,Cloudy,Low,4,1,13.0,424.0,0
ORD-100129,Mumbai,Indore,Home & Kitchen,3243.0,615.5,Standard,Regular,Sunday,November,Clear,Low,2,3,15.3,117.0,1
ORD-101365,Bengaluru,Chandigarh,Clothing,3580.0,2460.4,Economy,Regular,Saturday,August,Clear,Low,4,4,21.8,280.0,1
ORD-104657,Hyderabad,Kolkata,Clothing,3245.0,1406.0,Express,Premium,Sunday,December,Clear,Medium,2,0,4.8,258.0,0
ORD-100892,Hyderabad,Coimbatore,Home & Kitchen,3711.0,864.5,Express,Premium,Thursday,February,Cloudy,Low,5,0,12.1,281.0,0
ORD-102794,Hyderabad,Lucknow,Home & Kitchen,11696.0,1368.4,Standard,Premium,Monday,October,Clear,High,5,0,15.6,219.0,1
ORD-105082,Bengaluru,Kolkata,Books,1926.0,2043.4,Express,Regular,Sunday,June,Clear,Low,3,1,8.4,372.0,0
ORD-105772,Kolkata,Indore,Books,675.0,1665.9,Express,Regular,Wednesday,May,Rain,Medium,2,1,20.0,389.0,1
ORD-105190,Bengaluru,Delhi,Clothing,1724.0,2217.2,Express,Premium,Tuesday,June,Rain,Low,2,0,21.4,396.0,0
ORD-103250,Bengaluru,Mumbai,Books,1667.0,1044.0,Economy,Regular,Wednesday,April,,High,3,0,17.8,123.0,1
ORD-101209,Delhi,Chandigarh,Furniture,11858.0,286.2,Express,Premium,Friday,May,Clear,Low,1,3,28.1,143.0,0
ORD-103869,Chennai,Bhopal,Groceries,1654.0,1484.1,Standard,Regular,Monday,January,Cloudy,Medium,7,1,12.1,329.0,0
ORD-104066,Kolkata,Pune,Clothing,3119.0,1907.5,Economy,New,Monday,August,Clear,High,2,1,20.6,196.0,1
ORD-105622,Delhi,Delhi,Sports,3254.0,15.1,Standard,New,Sunday,April,Fog,High,2,0,17.9,85.0,0
ORD-101240,Mumbai,Nagpur,Home & Kitchen,8375.0,895.5,Express,Premium,Monday,January,Fog,High,3,1,28.1,233.0,0
ORD-102290,Delhi,Chennai,Beauty,5402.0,2269.1,Standard,Regular,Tuesday,February,Cloudy,Low,4,0,7.3,268.0,0
ORD-102741,Mumbai,Ahmedabad,Groceries,990.0,561.8,Standard,New,Saturday,October,Cloudy,Low,6,0,18.9,165.0,0
ORD-100276,Delhi,Lucknow,Groceries,6057.0,524.0,Standard,New,Saturday,November,Clear,Low,6,1,38.5,154.0,0
ORD-101036,Chennai,Kolkata,Home & Kitchen,4417.0,1762.9,Economy,New,Tuesday,September,Rain,Medium,3,1,16.0,202.0,1
ORD-101230,Mumbai,Visakhapatnam,Books,1625.0,1303.3,Economy,New,Monday,September,Rain,Medium,2,1,6.2,120.0,0
ORD-101009,Chennai,Ahmedabad,Books,557.0,1705.9,Standard,Premium,Sunday,February,Clear,High,3,1,2.2,196.0,0
ORD-103829,Hyderabad,Hyderabad,Electronics,5091.0,34.6,Standard,New,Friday,December,Fog,Low,1,0,15.8,63.0,0
ORD-102533,Chennai,Chandigarh,Clothing,3419.0,2494.7,Economy,Regular,Wednesday,September,Clear,Medium,3,1,10.4,251.0,0
ORD-101059,Bengaluru,Kochi,Furniture,48685.0,459.3,Standard,New,Sunday,November,Clear,Low,1,0,17.5,151.0,0
ORD-105663,Bengaluru,Coimbatore,Clothing,5596.0,297.1,Standard,Regular,Sunday,November,Clear,Medium,3,0,10.9,107.0,0
ORD-100282,Mumbai,Chennai,Electronics,31101.0,1373.8,Economy,New,Thursday,March,Clear,High,2,1,35.7,158.0,1
ORD-101044,Chennai,Chennai,Sports,,34.7,Express,Premium,Saturday,January,Fog,High,1,0,17.0,71.0,0
ORD-101317,Bengaluru,Nagpur,Clothing,1101.0,1167.3,Standard,Regular,Tuesday,December,Clear,Medium,1,1,21.7,173.0,0
ORD-100969,Bengaluru,Kochi,Groceries,5490.0,460.0,Express,Regular,Wednesday,January,Cloudy,High,8,1,18.9,257.0,0
ORD-102382,Delhi,Jaipur,Books,1544.0,297.8,Priority,Premium,Monday,November,Clear,Low,3,1,19.5,222.0,0
ORD-104833,Chennai,Coimbatore,Clothing,1931.0,518.3,Express,Premium,Monday,September,Cloudy,Medium,3,0,5.8,157.0,0
ORD-101940,Mumbai,Kochi,Home & Kitchen,4562.0,1308.5,Standard,New,Saturday,February,Storm,Medium,2,3,20.1,183.0,0
ORD-105678,Bengaluru,Pune,Books,2556.0,925.7,Standard,Regular,Friday,November,Cloudy,Medium,4,0,18.2,198.0,0
ORD-101275,Mumbai,Lucknow,Groceries,1345.0,1477.2,Standard,Regular,Wednesday,June,Clear,Medium,6,1,18.9,222.0,1
ORD-100620,Mumbai,Chennai,Groceries,876.0,1207.8,Standard,Regular,Tuesday,October,Clear,Low,4,0,28.7,202.0,0
ORD-104396,Delhi,Hyderabad,Clothing,6953.0,1565.5,Economy,New,Tuesday,December,Clear,High,4,2,14.1,180.0,0
ORD-101743,Mumbai,Mumbai,Sports,5929.0,31.3,Express,Regular,Thursday,November,Clear,Low,3,1,32.7,114.0,0
ORD-101391,Hyderabad,Chennai,Clothing,4152.0,623.9,Standard,Regular,Monday,October,Cloudy,Medium,3,0,35.0,144.0,0
ORD-104929,Chennai,Patna,Electronics,14312.0,1865.7,Standard,Regular,Friday,October,Clear,Low,2,1,24.7,298.0,0
ORD-101580,Kolkata,Delhi,Clothing,686.0,1698.6,Standard,New,Wednesday,November,Clear,Low,1,0,30.9,202.0,1
ORD-101656,Delhi,Mumbai,Clothing,1497.0,1371.6,Express,Premium,Thursday,June,Rain,Low,1,0,19.1,258.0,0
ORD-103569,Kolkata,Bengaluru,Sports,1368.0,1962.0,Standard,Regular,Thursday,August,Clear,Medium,1,0,26.9,227.0,1
ORD-102353,Delhi,Mumbai,Books,1308.0,1453.2,Standard,New,Thursday,August,Storm,High,3,0,17.0,214.0,1
ORD-102213,Kolkata,Kolkata,Electronics,11937.0,11.2,Express,Regular,Friday,July,Clear,Medium,1,1,16.2,115.0,0
ORD-102765,Mumbai,Delhi,Clothing,4304.0,1394.7,Standard,New,Thursday,May,Clear,Medium,2,0,4.8,188.0,0
ORD-103179,Mumbai,Mumbai,Home & Kitchen,5656.0,28.8,Economy,Regular,Tuesday,November,Clear,Low,2,2,12.8,64.0,0
ORD-103193,Bengaluru,Indore,Electronics,13145.0,1444.8,Standard,New,Thursday,January,Fog,Medium,5,0,35.8,286.0,1
ORD-101308,Chennai,Mumbai,Sports,1937.0,1290.5,Economy,Regular,Monday,August,Cloudy,,3,0,19.9,149.0,0
ORD-100576,Bengaluru,Kochi,Sports,2470.0,476.4,Standard,New,Monday,April,Clear,Low,1,0,25.3,92.0,0
ORD-102361,Kolkata,Chandigarh,Electronics,8407.0,1690.4,Standard,Regular,Friday,August,Rain,Medium,1,2,29.1,232.0,1
ORD-101281,Delhi,Lucknow,Clothing,2125.0,493.6,Express,Regular,Saturday,May,Clear,Low,3,1,13.5,198.0,0
ORD-104926,Delhi,Chandigarh,Clothing,5411.0,296.2,Economy,Regular,Sunday,February,Fog,High,7,0,5.8,147.0,0
ORD-105010,Delhi,Patna,Electronics,22433.0,1032.8,Economy,Regular,Saturday,September,Clear,Low,2,2,18.9,134.0,0
ORD-101994,Mumbai,Nagpur,Clothing,2517.0,822.3,Express,New,Saturday,November,Cloudy,Medium,1,1,39.7,179.0,0
ORD-102640,Mumbai,Ahmedabad,Electronics,27705.0,547.8,Express,Premium,Sunday,November,Clear,Low,2,1,11.7,196.0,0
ORD-100270,Mumbai,Ahmedabad,Groceries,1648.0,554.5,Economy,New,Sunday,March,Clear,Low,3,1,10.6,97.0,0
ORD-100630,Kolkata,Kolkata,Clothing,2464.0,35.3,Standard,Regular,Friday,December,Clear,High,1,1,12.2,54.0,0
ORD-104488,Mumbai,Bengaluru,Electronics,13181.0,1025.7,Standard,New,Thursday,July,Cloudy,Low,3,3,8.4,174.0,0
ORD-103082,Mumbai,Delhi,Groceries,1711.0,1465.5,Priority,Regular,Monday,May,Rain,Low,9,0,18.9,547.0,0
ORD-103467,Bengaluru,Chandigarh,Electronics,5437.0,2497.8,Economy,Regular,Thursday,February,Cloudy,High,1,0,14.7,207.0,0
ORD-105284,Delhi,Bengaluru,Sports,1679.0,2219.2,Express,New,Tuesday,November,Clear,Medium,2,0,13.2,377.0,1
ORD-104024,Hyderabad,Visakhapatnam,Groceries,6869.0,614.1,Economy,Premium,Wednesday,January,Cloudy,Medium,9,1,12.8,139.0,1
ORD-102047,Bengaluru,Lucknow,Clothing,2481.0,1983.5,Standard,New,Sunday,February,Clear,Low,3,0,8.9,236.0,0
ORD-104756,Bengaluru,Hyderabad,Beauty,899.0,616.2,Standard,Regular,Friday,October,Clear,High,2,0,11.0,98.0,1
ORD-102114,Bengaluru,Lucknow,Clothing,1603.0,2061.8,Standard,Premium,Monday,April,Clear,High,2,1,31.5,235.0,1
ORD-100028,Mumbai,Bengaluru,Beauty,1033.0,1083.7,Express,New,Thursday,April,Cloudy,Low,2,1,14.5,211.0,0
ORD-102041,Delhi,Chandigarh,Groceries,767.0,276.0,Standard,Regular,Tuesday,October,Cloudy,High,3,2,10.9,95.0,0
ORD-103929,Mumbai,Mumbai,Home & Kitchen,3564.0,22.1,Express,Regular,Thursday,September,Storm,High,4,2,24.4,160.0,0
ORD-105475,Chennai,Bengaluru,Sports,14219.0,362.4,Express,Premium,Friday,August,Rain,Medium,2,1,9.4,179.0,0
ORD-103217,Delhi,Visakhapatnam,Beauty,1769.0,1771.6,Economy,Regular,Tuesday,November,Cloudy,Medium,2,1,11.4,178.0,1
ORD-103815,Delhi,Visakhapatnam,Clothing,1309.0,1623.3,Standard,Regular,Sunday,March,Cloudy,Low,1,0,10.0,165.0,0
ORD-100130,Bengaluru,Bengaluru,Groceries,1968.0,40.2,Standard,Regular,Sunday,December,Fog,High,4,0,7.8,91.0,1
ORD-104491,Bengaluru,Chennai,Beauty,1256.0,366.7,Economy,Regular,Tuesday,October,Rain,Medium,2,2,6.3,66.0,1
ORD-105948,Chennai,Hyderabad,Groceries,1228.0,657.3,Standard,Regular,Sunday,June,Rain,High,11,0,20.0,241.0,1
ORD-100014,Kolkata,Kolkata,Home & Kitchen,4798.0,10.2,Standard,New,Friday,May,Clear,Medium,2,0,20.9,64.0,0
ORD-105191,Bengaluru,Delhi,Books,1913.0,2113.1,Standard,Regular,Thursday,July,Cloudy,Medium,2,2,6.5,272.0,0
ORD-101526,Mumbai,Chennai,Clothing,3317.0,1275.7,Express,Regular,Friday,April,Clear,Medium,4,0,3.3,304.0,0
ORD-102366,Chennai,Visakhapatnam,Beauty,1472.0,730.4,Standard,Regular,Sunday,June,Clear,Low,1,0,22.6,110.0,0
ORD-103053,Chennai,Pune,Electronics,26406.0,1183.0,Express,Regular,Monday,February,Cloudy,Medium,2,2,17.9,262.0,0
ORD-104006,Mumbai,Bhopal,Electronics,62500.0,795.0,Express,Regular,Saturday,June,Rain,Low,3,1,16.7,437.0,0
ORD-102341,Mumbai,Bhopal,Clothing,5354.0,872.6,Express,Premium,Friday,October,Clear,Low,2,2,16.8,233.0,0
ORD-100375,Mumbai,Chennai,Home & Kitchen,2461.0,1279.2,Standard,Regular,Friday,February,Clear,Low,2,1,31.5,159.0,0
ORD-104675,Chennai,Pune,Home & Kitchen,3862.0,1117.4,Standard,Premium,Sunday,October,Cloudy,Low,3,1,6.6,185.0,0
ORD-105201,Delhi,Lucknow,Home & Kitchen,2890.0,545.7,Express,Regular,Saturday,July,Cloudy,Low,4,1,22.2,238.0,0
ORD-100940,Mumbai,Chennai,Electronics,11496.0,1272.4,Express,Premium,Thursday,May,Cloudy,Low,3,1,10.0,,0
ORD-105801,Delhi,Mumbai,Clothing,2667.0,1377.3,Economy,Regular,Tuesday,November,Clear,Low,1,0,17.0,178.0,0
ORD-102148,Hyderabad,Chandigarh,Electronics,16679.0,1917.4,Economy,Regular,Saturday,September,Rain,Low,1,1,16.3,142.0,1
ORD-103592,Delhi,Bengaluru,Electronics,6496.0,2012.6,Economy,Regular,Sunday,October,Cloudy,Medium,1,0,22.0,171.0,0
ORD-105890,Mumbai,Ahmedabad,Electronics,12033.0,561.9,Standard,Regular,Sunday,October,Cloudy,Low,1,0,15.2,111.0,0
ORD-105090,Delhi,Kochi,Electronics,19258.0,2530.3,Economy,New,Saturday,January,Clear,Medium,2,1,16.1,261.0,1
ORD-103624,Kolkata,Lucknow,Books,954.0,1171.9,Standard,Regular,Tuesday,October,Rain,Low,5,1,8.6,220.0,0
ORD-100530,Delhi,Bengaluru,Home & Kitchen,3839.0,2305.1,Standard,Premium,Saturday,December,Cloudy,High,2,1,21.3,269.0,1
ORD-103715,Kolkata,Ahmedabad,Electronics,19937.0,1995.4,Economy,Premium,Wednesday,September,Cloudy,Medium,3,1,8.4,178.0,0
ORD-101270,Bengaluru,Delhi,Clothing,4162.0,2187.4,Standard,Regular,Wednesday,November,Clear,Low,2,0,7.5,242.0,0
ORD-104282,Delhi,Nagpur,Home & Kitchen,2380.0,1030.8,Priority,Premium,Wednesday,October,Clear,Low,1,1,36.1,236.0,0
ORD-101395,Kolkata,Nagpur,Beauty,399.0,1162.2,Standard,Premium,Sunday,May,Rain,Low,1,0,10.1,124.0,0
ORD-104010,Bengaluru,Coimbatore,Furniture,5447.0,283.4,Economy,Premium,Thursday,October,Fog,Medium,1,0,22.9,,0
ORD-101798,Delhi,Patna,Beauty,3082.0,1132.9,Standard,Regular,Friday,March,Clear,Medium,5,0,4.1,216.0,0
ORD-102980,Kolkata,Kolkata,Clothing,2427.0,30.4,Priority,Premium,Tuesday,November,Cloudy,Medium,3,3,40.4,151.0,0
ORD-101442,Mumbai,Mumbai,Groceries,5366.0,11.9,Express,Regular,Saturday,May,Clear,Low,14,0,7.3,358.0,0
ORD-104529,Delhi,Bengaluru,Furniture,30997.0,2281.7,Standard,New,Monday,February,Fog,Medium,1,1,37.7,378.0,1
ORD-105909,Delhi,Delhi,Electronics,23537.0,35.9,Standard,New,Friday,October,Rain,High,3,0,14.9,103.0,1
ORD-103812,Mumbai,Delhi,Books,795.0,1362.5,Standard,New,Saturday,July,Rain,Low,2,0,22.8,176.0,0
ORD-101274,Bengaluru,Chennai,Groceries,3964.0,366.1,Priority,Premium,Friday,March,Storm,Medium,8,0,9.9,329.0,0
ORD-101713,Hyderabad,Hyderabad,Groceries,2989.0,44.3,Express,Premium,Saturday,March,Cloudy,Medium,6,3,22.7,182.0,1
ORD-100956,Hyderabad,Hyderabad,Groceries,2150.0,19.1,Standard,Regular,Monday,April,Storm,High,10,1,18.0,150.0,0
ORD-105348,Chennai,Bengaluru,Beauty,2824.0,357.8,Economy,New,Thursday,September,Cloudy,Medium,3,1,13.7,91.0,1
ORD-104841,Kolkata,Mumbai,Clothing,3670.0,2015.9,Standard,Premium,Tuesday,April,Clear,Medium,3,0,14.4,213.0,0
ORD-105353,Chennai,Ahmedabad,Electronics,29461.0,1629.6,Express,Premium,Wednesday,November,Rain,Low,1,2,12.8,,0
ORD-100404,Mumbai,Indore,Groceries,3032.0,642.8,Express,Premium,Friday,January,Clear,Low,12,0,4.0,338.0,0
ORD-102072,Bengaluru,Indore,Electronics,16476.0,1411.3,Economy,New,Wednesday,October,Rain,Low,2,3,9.4,167.0,1
ORD-105849,Mumbai,Chandigarh,Books,2183.0,1668.4,Standard,Regular,Saturday,June,Rain,Low,5,2,13.6,265.0,1
ORD-101978,Hyderabad,Visakhapatnam,Clothing,2496.0,653.6,Standard,Regular,Friday,June,,Low,2,2,1.8,115.0,0
ORD-100159,Chennai,Ahmedabad,Groceries,6131.0,1674.5,Standard,Regular,Friday,July,Cloudy,Low,6,0,7.7,,0
ORD-103889,Hyderabad,Ahmedabad,Sports,2480.0,1147.1,Standard,Premium,Sunday,October,Storm,High,3,0,18.7,135.0,1
ORD-100903,Mumbai,Kolkata,Clothing,4548.0,1939.9,Standard,New,Sunday,March,Cloudy,Low,9,0,19.0,315.0,1
ORD-100353,Bengaluru,Mumbai,Electronics,11527.0,961.8,Standard,Regular,Friday,June,Clear,Low,2,0,8.9,171.0,0
ORD-104131,Chennai,Patna,Beauty,1107.0,1792.6,Express,Regular,Sunday,May,Clear,Low,3,1,21.4,382.0,0
ORD-100755,Chennai,Hyderabad,Electronics,11444.0,662.7,Standard,New,Sunday,March,Rain,High,5,0,27.0,152.0,1
ORD-102972,Chennai,Delhi,Books,1433.0,2108.5,Standard,New,Sunday,February,Cloudy,High,2,0,7.8,276.0,0
ORD-105626,Bengaluru,Coimbatore,Groceries,1217.0,274.5,Express,Regular,Tuesday,January,Cloudy,High,4,0,23.3,212.0,0
ORD-102921,Hyderabad,Delhi,Groceries,1481.0,1484.3,Economy,Regular,Thursday,November,Clear,Medium,6,1,14.4,167.0,0
ORD-100312,Delhi,Nagpur,Electronics,7797.0,1106.2,Standard,Regular,Sunday,February,Fog,Medium,1,2,14.6,165.0,0
ORD-100662,Hyderabad,Patna,Sports,4762.0,1409.3,Standard,Premium,Monday,July,Rain,High,4,2,11.6,212.0,0
ORD-101990,Mumbai,Nagpur,Furniture,11359.0,926.3,Standard,Premium,Thursday,December,Clear,Low,1,0,30.9,134.0,0
ORD-103666,Delhi,Lucknow,Groceries,3452.0,559.0,Standard,Regular,Sunday,March,Cloudy,Medium,7,0,31.5,166.0,0
ORD-100307,Delhi,Kolkata,Electronics,28941.0,1645.1,Standard,Regular,Monday,March,Cloudy,Medium,3,1,16.6,284.0,0
ORD-102336,Chennai,Kolkata,Electronics,8927.0,1726.5,Economy,Premium,Saturday,August,Rain,Medium,1,0,18.5,143.0,0
ORD-102357,Bengaluru,Kolkata,Home & Kitchen,5140.0,1995.9,Standard,New,Monday,May,,Medium,4,0,18.0,286.0,0
ORD-103703,Bengaluru,Visakhapatnam,Books,1184.0,976.0,Economy,Regular,Tuesday,April,Storm,Medium,6,1,10.7,148.0,0
ORD-103805,Mumbai,Chennai,Beauty,842.0,1273.0,Economy,Regular,Thursday,July,Rain,Medium,2,1,7.5,148.0,0
ORD-101928,Chennai,Hyderabad,Sports,3723.0,660.5,Express,Premium,Saturday,June,Rain,Low,2,0,11.2,163.0,0
ORD-103428,Kolkata,Hyderabad,Furniture,15751.0,1558.3,Economy,Regular,Monday,May,Clear,Medium,2,2,28.4,167.0,1
ORD-100750,Kolkata,Kolkata,Groceries,4797.0,20.6,Economy,Regular,Tuesday,August,Storm,High,7,1,19.2,124.0,1
ORD-103639,Kolkata,Kochi,Books,455.0,2347.0,Standard,Regular,Friday,February,Storm,High,2,1,13.5,243.0,1
ORD-104405,Bengaluru,Chennai,Beauty,2721.0,379.8,Priority,Premium,Monday,July,Rain,Low,2,0,18.0,204.0,0
ORD-101267,Mumbai,Coimbatore,Clothing,3418.0,1218.5,Economy,New,Sunday,May,Clear,Low,1,0,3.8,112.0,0
ORD-104597,Delhi,Chennai,Electronics,,2208.3,Express,Regular,Friday,November,Cloudy,,2,1,25.9,537.0,1
ORD-105351,Hyderabad,Bengaluru,Home & Kitchen,4100.0,601.7,Express,Regular,Sunday,December,Fog,Medium,4,0,33.8,225.0,0
ORD-103596,Hyderabad,Hyderabad,Books,1066.0,9.3,Standard,Regular,Saturday,November,Cloudy,High,4,1,12.3,70.0,1
ORD-102135,Bengaluru,Chennai,Furniture,17297.0,350.8,Standard,Regular,Tuesday,June,Clear,Medium,1,0,30.8,100.0,0
ORD-104110,Bengaluru,Delhi,Sports,4434.0,2209.6,Standard,Regular,Monday,June,Cloudy,Medium,2,0,27.5,250.0,0
ORD-100515,Delhi,Bhopal,Sports,1218.0,765.1,Priority,Regular,Friday,March,Rain,Low,1,2,8.5,257.0,0
ORD-105415,Chennai,Pune,Groceries,11136.0,1223.6,Express,Premium,Friday,July,Rain,Low,7,1,3.7,388.0,0
ORD-100410,Hyderabad,Chennai,Clothing,4858.0,608.5,Standard,Regular,Monday,September,Clear,Low,5,1,12.9,164.0,0
ORD-104519,Kolkata,Kochi,Sports,4985.0,2308.6,Economy,Regular,Sunday,August,Rain,High,4,0,25.6,239.0,1
ORD-100085,Mumbai,Bengaluru,Sports,3071.0,1110.6,Express,Premium,Sunday,October,Cloudy,Medium,1,0,18.4,208.0,0
ORD-105991,Mumbai,Pune,Sports,1948.0,159.0,Economy,New,Tuesday,March,Clear,Low,2,0,7.5,58.0,0
ORD-105244,Delhi,Kolkata,Groceries,3321.0,1633.0,Priority,Premium,Thursday,April,Clear,Medium,7,1,13.4,567.0,0
ORD-100208,Chennai,Chennai,Beauty,472.0,20.1,Standard,New,Sunday,June,Clear,High,1,1,29.1,50.0,0
ORD-100459,Kolkata,Indore,Home & Kitchen,1874.0,1514.3,Express,New,Monday,July,Clear,High,1,1,17.9,,1
ORD-102055,Delhi,Pune,Books,1172.0,1540.8,Express,Regular,Wednesday,December,Cloudy,High,6,1,12.7,483.0,0
ORD-102431,Kolkata,Ahmedabad,Groceries,5207.0,1943.8,Economy,Regular,Monday,April,Clear,Medium,7,2,18.9,236.0,0
ORD-100251,Chennai,Mumbai,Books,1433.0,1264.0,Economy,New,Thursday,March,Clear,Low,3,2,7.6,150.0,1
ORD-105168,Chennai,Patna,Beauty,1928.0,1859.1,Standard,Regular,Friday,March,Rain,Medium,3,1,10.7,217.0,0
ORD-101108,Delhi,Jaipur,Home & Kitchen,2531.0,293.8,Standard,New,Wednesday,March,Clear,High,2,0,26.6,91.0,0
ORD-105015,Mumbai,Visakhapatnam,Home & Kitchen,3784.0,1440.9,Express,Regular,Saturday,November,Cloudy,Low,3,0,21.5,268.0,1
ORD-101714,Hyderabad,Chennai,Electronics,13586.0,698.3,Priority,Regular,Friday,May,Rain,Medium,1,2,16.0,310.0,0
ORD-103912,Bengaluru,Kolkata,Clothing,2289.0,1889.2,Standard,New,Monday,June,Cloudy,High,4,0,2.1,275.0,0
ORD-100716,Mumbai,Nagpur,Electronics,9057.0,817.6,Economy,New,Thursday,September,Clear,Medium,1,0,25.5,148.0,0
ORD-100553,Mumbai,Nagpur,Books,486.0,916.4,Express,Regular,Sunday,June,Cloudy,Medium,2,1,15.8,281.0,0
ORD-101440,Hyderabad,Patna,Home & Kitchen,3272.0,1318.9,Express,Regular,Sunday,September,Cloudy,Medium,1,1,11.6,270.0,0
ORD-102271,Chennai,Hyderabad,Clothing,5226.0,635.6,Standard,Regular,Saturday,September,,Medium,4,1,7.6,171.0,0
ORD-103145,Kolkata,Bengaluru,Groceries,2465.0,1918.9,Express,Regular,Monday,July,Cloudy,High,4,0,28.0,364.0,1
ORD-105787,Kolkata,Kolkata,Sports,2782.0,22.5,Standard,New,Sunday,February,Cloudy,Medium,2,1,27.1,57.0,0
ORD-101926,Mumbai,Chandigarh,Electronics,19680.0,1634.8,Express,Regular,Sunday,November,Cloudy,Medium,2,1,20.4,386.0,0
ORD-100635,Mumbai,Mumbai,Home & Kitchen,6819.0,11.6,Express,New,Wednesday,October,Clear,High,5,1,22.3,175.0,0
ORD-100317,Delhi,Indore,Groceries,3309.0,840.0,Economy,Regular,Thursday,September,Cloudy,Medium,8,2,5.1,174.0,0
ORD-105692,Mumbai,Lucknow,Beauty,1283.0,1477.4,Standard,Regular,Tuesday,March,Cloudy,High,5,0,18.3,222.0,1
ORD-100428,Kolkata,Delhi,Home & Kitchen,,1595.0,Standard,Regular,Monday,June,Clear,High,2,1,13.5,203.0,0
ORD-105746,Mumbai,Patna,Clothing,2473.0,1750.0,Express,Regular,Monday,May,,Low,2,0,13.2,388.0,0
ORD-100106,Chennai,Visakhapatnam,Clothing,2267.0,786.1,Economy,Regular,Friday,October,Clear,Low,2,0,10.6,113.0,1
ORD-103042,Hyderabad,Bhopal,Groceries,5627.0,804.9,Standard,New,Wednesday,September,Rain,High,8,0,20.1,206.0,1
ORD-104239,Bengaluru,Delhi,Groceries,1205.0,2134.9,Priority,New,Sunday,August,Rain,Medium,5,0,24.9,744.0,0
ORD-102170,Bengaluru,Delhi,Groceries,3439.0,2067.8,Economy,New,Thursday,August,Cloudy,Medium,8,1,12.4,206.0,1
ORD-101710,Delhi,Kolkata,Books,514.0,1682.8,Standard,New,Monday,October,Clear,High,1,0,11.8,214.0,0
ORD-100090,Bengaluru,Lucknow,Electronics,5092.0,1972.6,Express,Premium,Saturday,October,Clear,Low,2,3,29.0,329.0,0
ORD-102242,Mumbai,Pune,Sports,2976.0,145.7,Standard,Regular,Monday,January,Fog,Low,1,1,21.2,63.0,0
ORD-103175,Chennai,Patna,Furniture,10523.0,1662.7,Priority,Regular,Saturday,August,Cloudy,Low,1,1,30.0,522.0,1
ORD-104555,Delhi,Mumbai,Home & Kitchen,2897.0,1423.2,Standard,New,Thursday,June,Rain,,2,1,16.7,206.0,1
ORD-101950,Hyderabad,Patna,Furniture,15574.0,1382.5,Standard,New,Sunday,March,Clear,Low,1,2,24.7,204.0,1
ORD-104045,Bengaluru,Coimbatore,Sports,2310.0,266.6,Standard,New,Saturday,April,Cloudy,Low,1,0,12.8,79.0,0
ORD-102849,Kolkata,Mumbai,Home & Kitchen,1640.0,2135.1,Economy,Regular,Friday,July,Rain,Medium,2,1,17.3,226.0,1
ORD-100002,Delhi,Bengaluru,Electronics,24158.0,2086.4,Standard,Regular,Saturday,April,,Low,2,1,13.7,279.0,0
ORD-104338,Mumbai,Pune,Clothing,2765.0,147.6,Standard,New,Tuesday,April,Cloudy,Low,2,2,4.9,82.0,0
ORD-100936,Mumbai,Kolkata,Clothing,983.0,2018.9,Priority,Premium,Monday,September,Rain,High,4,0,15.3,519.0,1
ORD-105182,Delhi,Ahmedabad,Sports,2069.0,962.0,Economy,Regular,Sunday,April,Clear,Low,3,0,14.7,141.0,0
ORD-102721,Bengaluru,Mumbai,Clothing,2783.0,1058.4,Priority,Regular,Tuesday,April,Storm,Medium,3,1,5.3,419.0,0
ORD-100592,Bengaluru,Kolkata,Clothing,2519.0,1942.0,Standard,Regular,Friday,February,Fog,Low,4,1,13.1,237.0,0
ORD-104541,Mumbai,Pune,Home & Kitchen,12401.0,160.4,Standard,Premium,Sunday,February,Cloudy,High,4,0,18.6,93.0,1
ORD-102937,Delhi,Chennai,Home & Kitchen,2115.0,2176.2,Standard,New,Sunday,January,Cloudy,High,4,0,21.5,238.0,0
ORD-102449,Bengaluru,Bengaluru,Clothing,1455.0,31.0,Express,Regular,Thursday,January,Fog,Medium,4,0,8.2,168.0,0
ORD-101577,Kolkata,Patna,Clothing,2617.0,579.9,Economy,Regular,Monday,April,Cloudy,Low,2,0,23.7,79.0,0
ORD-105548,Chennai,Delhi,Home & Kitchen,5822.0,2033.8,Economy,Regular,Friday,April,Clear,Medium,4,0,10.9,178.0,0
ORD-100214,Kolkata,Kochi,Clothing,5862.0,2432.8,Standard,Regular,Wednesday,December,Fog,Low,4,1,16.8,344.0,1
ORD-100779,Kolkata,Delhi,Groceries,2117.0,1742.3,Standard,Regular,Monday,September,Cloudy,Low,8,0,23.0,331.0,1
ORD-103497,Chennai,Bengaluru,Books,2390.0,353.2,Standard,New,Saturday,September,Cloudy,Medium,3,0,12.2,98.0,0
ORD-104751,Mumbai,Coimbatore,Home & Kitchen,5502.0,1280.1,Priority,Premium,Wednesday,July,Rain,Medium,2,1,17.9,345.0,1
ORD-102044,Hyderabad,Hyderabad,Clothing,4362.0,39.9,Standard,New,Tuesday,August,Storm,High,4,0,17.8,96.0,0
ORD-105492,Chennai,Ahmedabad,Beauty,818.0,1615.0,Economy,New,Friday,December,Fog,Low,2,1,26.8,143.0,1
ORD-101568,Mumbai,Kolkata,Groceries,3002.0,2248.1,Economy,Regular,Wednesday,June,Rain,High,7,3,5.2,303.0,1
ORD-100166,Delhi,Kolkata,Books,941.0,1558.7,Economy,Regular,Sunday,August,Cloudy,Medium,2,0,5.1,156.0,0
ORD-103567,Kolkata,Chennai,Beauty,2190.0,1763.1,Priority,Premium,Thursday,April,Clear,Medium,2,0,7.5,520.0,0
ORD-104636,Mumbai,Bengaluru,Books,1321.0,976.7,Express,Regular,Sunday,August,Rain,Low,1,0,7.5,232.0,0
ORD-105763,Chennai,Bengaluru,Electronics,3866.0,372.8,Economy,Regular,Saturday,September,Rain,Medium,1,1,13.9,90.0,0
ORD-102014,Bengaluru,Delhi,Sports,1478.0,2226.8,Standard,Regular,Monday,July,Cloudy,High,1,1,13.5,233.0,1
ORD-100274,Bengaluru,Ahmedabad,Electronics,9138.0,1635.0,Standard,New,Friday,April,Clear,High,3,0,6.9,205.0,0
ORD-103861,Bengaluru,Bhopal,Home & Kitchen,4547.0,1508.0,Economy,Regular,Saturday,May,Cloudy,Low,2,0,4.6,159.0,0
ORD-104168,Delhi,Mumbai,Clothing,7946.0,1538.9,Economy,New,Friday,March,Clear,Medium,2,0,6.3,142.0,0
ORD-104834,Chennai,Kolkata,Sports,8995.0,1748.7,Standard,Regular,Sunday,September,Rain,High,1,1,12.8,200.0,1
ORD-103789,Delhi,Chennai,Electronics,7214.0,2320.1,Express,Regular,Tuesday,December,Fog,Medium,1,0,22.8,437.0,0
ORD-100395,Mumbai,Kochi,Home & Kitchen,3677.0,1314.3,Standard,Regular,Saturday,June,Clear,Low,1,0,7.2,139.0,1
ORD-100584,Delhi,Chandigarh,Books,1439.0,271.6,Economy,Regular,Sunday,May,Clear,Medium,3,1,15.6,75.0,1
ORD-102859,Chennai,Chennai,Books,919.0,17.0,Economy,New,Monday,May,,High,1,0,11.1,38.0,0
ORD-105955,Delhi,Nagpur,Clothing,1637.0,1145.8,Economy,New,Sunday,November,Cloudy,Low,1,0,11.3,153.0,0
ORD-105797,Bengaluru,Hyderabad,Clothing,2837.0,637.0,Economy,New,Friday,October,Clear,Low,2,0,9.9,87.0,0
ORD-100521,Kolkata,Visakhapatnam,Beauty,837.0,991.7,Standard,Regular,Saturday,February,Fog,Medium,1,0,6.1,121.0,0
ORD-101764,Mumbai,Chennai,Clothing,1799.0,1310.2,Express,Regular,Friday,May,Cloudy,High,3,1,25.7,310.0,0
ORD-101876,Kolkata,Bengaluru,Clothing,1548.0,2091.5,Standard,Regular,Monday,November,Clear,Medium,2,0,29.5,231.0,0
ORD-103966,Mumbai,Ahmedabad,Groceries,1474.0,562.4,Standard,Regular,Friday,November,Rain,Medium,4,0,29.1,165.0,0
ORD-103345,Bengaluru,Kolkata,Clothing,5422.0,1997.0,Express,Regular,Wednesday,October,Cloudy,Low,2,0,5.4,417.0,0
ORD-102254,Bengaluru,Nagpur,Clothing,2729.0,1155.3,Standard,New,Friday,December,Fog,Medium,1,0,11.6,162.0,0
ORD-103225,Mumbai,Bengaluru,Electronics,,1048.8,Priority,Regular,Saturday,January,Cloudy,Medium,1,0,22.5,425.0,1
ORD-100527,Hyderabad,Coimbatore,Clothing,3104.0,927.6,Standard,Regular,Saturday,July,Cloudy,Low,4,3,17.0,152.0,0
ORD-102947,Delhi,Bengaluru,Home & Kitchen,2679.0,2143.0,Standard,Regular,Sunday,August,Rain,Medium,3,0,19.4,252.0,0
ORD-103900,Mumbai,Pune,Groceries,2742.0,144.7,Express,Premium,Sunday,June,Cloudy,Low,7,0,6.6,220.0,0
ORD-100693,Delhi,Patna,Clothing,1082.0,1093.4,Standard,Regular,Tuesday,December,Clear,Medium,1,0,41.9,140.0,0
ORD-105730,Delhi,Chandigarh,Sports,5304.0,291.5,Standard,Regular,Monday,January,Fog,High,2,0,5.7,97.0,0
ORD-104445,Mumbai,Jaipur,Groceries,2351.0,1140.6,Standard,Regular,Friday,November,Clear,Medium,7,0,11.7,248.0,0
ORD-103634,Delhi,Coimbatore,Sports,5911.0,2659.8,Express,Premium,Tuesday,October,Clear,Medium,4,1,37.0,431.0,1
ORD-101051,Chennai,Visakhapatnam,Groceries,2023.0,756.5,Standard,Regular,Saturday,April,Clear,Medium,8,1,4.8,215.0,0
ORD-100591,Hyderabad,Chennai,Clothing,2976.0,662.6,Standard,Regular,Sunday,October,Clear,Medium,3,0,16.6,129.0,0
ORD-100520,Kolkata,Coimbatore,Electronics,25726.0,2240.0,Standard,New,Saturday,August,Cloudy,Low,3,0,16.4,341.0,1
ORD-103381,Delhi,Hyderabad,Clothing,3210.0,1549.3,Economy,New,Saturday,June,Cloudy,Low,2,0,18.8,185.0,1
ORD-103677,Delhi,Kochi,Clothing,1190.0,2597.3,Priority,New,Thursday,June,Cloudy,Low,3,1,11.5,705.0,0
ORD-104986,Delhi,Chennai,Furniture,5049.0,2257.5,Economy,New,Saturday,May,Rain,Low,1,2,24.1,177.0,1
ORD-101608,Delhi,Bengaluru,Clothing,8389.0,2379.9,Standard,Regular,Friday,December,Fog,Medium,5,0,25.8,315.0,1
ORD-103611,Chennai,Pune,Beauty,538.0,1089.3,Standard,Premium,Tuesday,March,Clear,Low,2,0,13.8,159.0,0
ORD-105784,Kolkata,Kolkata,Books,1107.0,44.1,Express,Regular,Thursday,December,Clear,Medium,2,0,45.8,85.0,0
ORD-101810,Mumbai,Ahmedabad,Clothing,3729.0,545.3,Economy,New,Tuesday,December,Fog,Low,3,0,10.3,109.0,0
ORD-100792,Delhi,Coimbatore,Electronics,31285.0,2502.6,Express,Regular,Friday,April,Cloudy,Low,3,1,13.7,534.0,1
ORD-100793,Delhi,Lucknow,Clothing,2787.0,524.4,Standard,Regular,Friday,February,Clear,Medium,3,0,15.3,112.0,0
ORD-104976,Delhi,Chennai,Groceries,5312.0,2170.8,Priority,New,Friday,March,,Medium,3,0,6.8,682.0,1
ORD-101856,Hyderabad,Mumbai,Home & Kitchen,4497.0,807.7,Standard,Regular,Thursday,April,Cloudy,High,3,0,23.3,179.0,0
ORD-101981,Kolkata,Delhi,Clothing,5959.0,1711.2,Priority,Premium,Sunday,January,Fog,Medium,4,0,15.3,532.0,0
ORD-103234,Mumbai,Patna,Home & Kitchen,4031.0,1783.6,Priority,Premium,Sunday,April,Clear,Low,1,1,7.1,506.0,1
ORD-103599,Hyderabad,Lucknow,Groceries,2929.0,1335.8,Standard,Regular,Friday,March,Clear,Low,7,2,13.2,295.0,0
ORD-100934,Kolkata,Kolkata,Electronics,37596.0,35.5,Economy,Regular,Sunday,December,Fog,Medium,2,3,21.7,105.0,0
ORD-103964,Delhi,Visakhapatnam,Electronics,13260.0,1804.6,Priority,Premium,Tuesday,November,Clear,Low,1,2,12.3,475.0,0
ORD-105627,Chennai,Chennai,Electronics,36269.0,23.3,Standard,Regular,Monday,November,Clear,Medium,3,1,16.2,129.0,0
ORD-104180,Hyderabad,Kolkata,Sports,3044.0,1418.5,Express,Premium,Thursday,October,Rain,Medium,1,1,13.0,270.0,0
ORD-104027,Chennai,Pune,Books,1680.0,1176.6,Economy,Regular,Tuesday,August,Cloudy,Medium,3,1,7.2,142.0,0
ORD-104117,Bengaluru,Pune,Furniture,25327.0,935.2,Priority,Regular,Sunday,November,Cloudy,Medium,3,0,33.0,437.0,0
ORD-100989,Delhi,Ahmedabad,Books,834.0,961.8,Economy,Regular,Sunday,November,Clear,Medium,3,0,27.1,142.0,0
ORD-104672,Delhi,Mumbai,Clothing,2104.0,1314.0,Economy,Regular,Tuesday,February,Cloudy,Medium,2,1,19.7,149.0,0
ORD-103454,Mumbai,Kolkata,Electronics,12921.0,2191.7,Economy,New,Sunday,December,Fog,Low,1,1,17.2,207.0,1
ORD-105881,Delhi,Kochi,Groceries,3145.0,2792.5,Economy,Regular,Monday,March,Clear,Medium,3,0,2.7,250.0,0
ORD-103779,Chennai,Kolkata,Furniture,15600.0,1628.3,Economy,Regular,Tuesday,April,Cloudy,High,1,0,19.1,180.0,0
ORD-105078,Mumbai,Indore,Electronics,8706.0,626.4,Express,Regular,Tuesday,November,Cloudy,Low,1,1,15.6,206.0,0
ORD-103094,Hyderabad,Chennai,Furniture,19130.0,639.8,Standard,Regular,Friday,February,Rain,High,1,0,21.8,127.0,0
ORD-103156,Delhi,Patna,Electronics,8201.0,1078.9,Standard,New,Monday,January,Cloudy,Low,1,1,35.9,150.0,0
ORD-103202,Hyderabad,Visakhapatnam,Clothing,1044.0,619.4,Standard,Premium,Saturday,July,Rain,Low,2,1,12.2,116.0,0
ORD-104887,Mumbai,Indore,Groceries,1279.0,629.7,Economy,Regular,Wednesday,March,Storm,High,3,0,6.8,,1
ORD-101099,Kolkata,Chennai,Clothing,1111.0,1638.5,Standard,New,Friday,March,Cloudy,Medium,3,2,15.3,250.0,0
ORD-105028,Delhi,Mumbai,Beauty,2732.0,1479.9,Economy,Regular,Sunday,September,Clear,Low,2,3,13.9,160.0,1
ORD-102845,Mumbai,Mumbai,Electronics,12733.0,9.4,Standard,Regular,Monday,April,Fog,Low,2,1,10.1,74.0,0
ORD-100887,Delhi,Hyderabad,Furniture,31702.0,1519.4,Standard,Premium,Sunday,January,Rain,High,1,0,47.5,238.0,1
ORD-105979,Mumbai,Chennai,Electronics,9526.0,1317.0,Standard,Regular,Wednesday,November,Storm,High,2,0,18.6,200.0,1
ORD-104697,Delhi,Hyderabad,Clothing,1548.0,1511.6,Standard,New,Friday,June,Cloudy,High,2,0,13.5,209.0,0
ORD-100516,Mumbai,Hyderabad,Groceries,17534.0,770.7,Priority,Premium,Monday,March,Clear,Medium,12,0,5.7,552.0,0
ORD-105590,Bengaluru,Chennai,Home & Kitchen,6957.0,362.8,Standard,Regular,Monday,April,Clear,Low,3,0,19.6,122.0,0
ORD-101454,Hyderabad,Kochi,Clothing,1425.0,1152.4,Standard,New,Tuesday,December,Clear,Low,2,0,19.5,162.0,0
ORD-103554,Bengaluru,Bengaluru,Groceries,2158.0,32.1,Standard,New,Friday,October,Cloudy,High,6,0,36.4,113.0,0
ORD-103610,Delhi,Delhi,Home & Kitchen,7952.0,28.9,Express,Regular,Saturday,May,Rain,High,4,0,14.3,148.0,1
ORD-102507,Hyderabad,Jaipur,Electronics,11424.0,1311.0,Express,Premium,Tuesday,May,Fog,Medium,1,0,15.5,296.0,0
ORD-102995,Bengaluru,Hyderabad,Clothing,1969.0,606.8,Standard,Premium,Friday,October,Clear,High,4,0,21.2,129.0,1
ORD-104000,Mumbai,Hyderabad,Sports,1179.0,811.2,Economy,New,Saturday,December,Cloudy,Medium,1,0,10.0,98.0,0
ORD-105744,Hyderabad,Chennai,Home & Kitchen,7142.0,678.3,Priority,Regular,Tuesday,November,Fog,Medium,2,1,19.0,295.0,0
ORD-100907,Bengaluru,Lucknow,Electronics,17528.0,2010.2,Standard,Regular,Tuesday,August,Clear,Low,1,0,20.1,255.0,0
ORD-100029,Mumbai,Pune,Clothing,1956.0,157.9,Economy,Regular,Sunday,January,Cloudy,High,3,0,17.9,83.0,0
ORD-102508,Hyderabad,Chennai,Groceries,1166.0,649.7,Priority,Premium,Monday,August,Cloudy,High,5,0,7.8,315.0,0
ORD-102429,Chennai,Visakhapatnam,Clothing,1660.0,741.9,Standard,Regular,Tuesday,August,Clear,High,3,1,4.8,159.0,0
ORD-100763,Mumbai,Patna,Clothing,3444.0,1775.2,Standard,Premium,Thursday,June,Cloudy,High,2,0,33.7,146.0,0
ORD-103748,Kolkata,Patna,Electronics,19416.0,527.4,Standard,Regular,Saturday,June,Cloudy,Low,1,1,13.0,133.0,0
ORD-100285,Bengaluru,Nagpur,Home & Kitchen,1634.0,1164.3,Standard,Premium,Saturday,December,Fog,High,2,3,25.9,156.0,1
ORD-100687,Delhi,Pune,Groceries,1786.0,1474.8,Standard,Regular,Friday,November,Clear,Low,4,1,23.5,223.0,0
ORD-102354,Bengaluru,Chandigarh,Groceries,1973.0,2735.7,Express,Regular,Friday,September,Storm,Low,3,2,14.0,523.0,1
ORD-104873,Chennai,Mumbai,Home & Kitchen,2048.0,1289.5,Standard,New,Friday,May,Clear,Medium,1,0,18.6,191.0,1
ORD-100022,Delhi,Patna,Electronics,26658.0,1010.8,Standard,Regular,Friday,December,Fog,Medium,2,1,11.6,181.0,0
ORD-102753,Kolkata,Mumbai,Home & Kitchen,6558.0,1989.6,Standard,Regular,Wednesday,November,Clear,High,5,0,17.6,223.0,1
ORD-100886,Delhi,Pune,Furniture,12485.0,1424.3,Express,Premium,Saturday,August,Cloudy,Low,1,0,27.7,311.0,0
ORD-100918,Mumbai,Kolkata,Home & Kitchen,4191.0,2162.6,Standard,Regular,Thursday,April,Clear,High,1,1,29.6,262.0,0
ORD-101041,Mumbai,Kolkata,Home & Kitchen,1802.0,2177.1,Economy,New,Tuesday,November,Clear,Medium,3,2,9.6,198.0,1
ORD-101266,Kolkata,Bengaluru,Beauty,1401.0,2096.6,Economy,Regular,Monday,April,Cloudy,Low,4,0,16.3,208.0,1
ORD-105608,Bengaluru,Delhi,Furniture,9936.0,2238.3,Express,Regular,Sunday,November,Fog,Low,1,1,23.0,373.0,0
ORD-100278,Bengaluru,Kolkata,Clothing,2235.0,1887.6,Express,Premium,Thursday,March,Cloudy,Low,3,1,17.8,409.0,0
ORD-102085,Chennai,Bhopal,Groceries,2388.0,1539.6,Priority,Premium,Tuesday,June,Rain,High,6,0,4.7,459.0,0
ORD-101246,Delhi,Visakhapatnam,Sports,2184.0,1654.8,Express,Regular,Monday,January,Clear,Medium,1,3,18.8,299.0,0
ORD-102383,Mumbai,Bengaluru,Clothing,2037.0,1026.4,Standard,Regular,Tuesday,August,Cloudy,High,2,1,6.4,144.0,0
ORD-100572,Kolkata,Indore,Home & Kitchen,4404.0,1585.4,Economy,New,Thursday,June,Rain,Medium,3,0,26.2,162.0,0
ORD-101436,Hyderabad,Hyderabad,Clothing,2568.0,26.4,Standard,New,Monday,December,Fog,High,4,0,4.2,85.0,0
ORD-103903,Chennai,Lucknow,Home & Kitchen,1293.0,1838.4,Standard,New,Sunday,November,Clear,Low,1,1,16.5,218.0,1
ORD-101248,Mumbai,Chandigarh,Electronics,15727.0,1744.2,Standard,Regular,Monday,February,Clear,Medium,1,3,6.0,258.0,0
ORD-103527,Mumbai,Indore,Clothing,2155.0,650.1,Standard,Regular,Tuesday,June,Cloudy,Low,5,1,11.6,165.0,1
ORD-102515,Delhi,Delhi,Electronics,9475.0,28.4,Standard,New,Thursday,April,Clear,Low,2,0,12.3,,0
ORD-101008,Delhi,Bengaluru,Books,3534.0,2109.4,Priority,Premium,Saturday,September,Cloudy,Medium,6,0,,587.0,0
ORD-105243,Delhi,Indore,Beauty,3175.0,828.9,Standard,Regular,Sunday,June,Rain,High,2,1,9.3,142.0,1
ORD-102065,Delhi,Pune,Electronics,9866.0,1500.9,Standard,Regular,Friday,June,Rain,Low,1,0,25.7,218.0,0
ORD-104782,Hyderabad,Kochi,Electronics,27768.0,1120.7,Economy,New,Wednesday,November,Cloudy,Medium,2,0,22.4,145.0,0
ORD-101691,Kolkata,Ahmedabad,Clothing,3505.0,2061.5,Standard,Premium,Sunday,November,Cloudy,High,3,1,7.0,200.0,0
ORD-105224,Mumbai,Hyderabad,Sports,8167.0,734.6,Standard,New,Saturday,October,Clear,High,1,1,18.8,133.0,0
ORD-101986,Hyderabad,Chandigarh,Clothing,4769.0,1906.8,Express,Premium,Thursday,June,Rain,Low,3,2,5.5,380.0,0
ORD-100295,Kolkata,Bhopal,Clothing,4070.0,1440.6,Standard,Regular,Friday,June,Clear,Low,2,0,12.0,183.0,0
ORD-101548,Chennai,Bengaluru,Books,1950.0,355.6,Standard,Premium,Monday,July,Cloudy,High,3,2,14.0,95.0,0
ORD-102013,Mumbai,Kolkata,Electronics,18562.0,2195.8,Standard,New,Sunday,December,Clear,High,3,0,28.4,303.0,1
ORD-100589,Mumbai,Nagpur,Electronics,31405.0,878.8,Express,Premium,Tuesday,February,Clear,High,3,0,13.1,262.0,0
ORD-103330,Delhi,Kochi,Electronics,9022.0,2686.7,Priority,Premium,Thursday,September,Storm,Low,4,0,27.7,812.0,1
ORD-102404,Hyderabad,Nagpur,Books,961.0,487.1,Economy,Regular,Tuesday,October,Clear,Low,2,1,2.1,87.0,0
ORD-102130,Mumbai,Hyderabad,Electronics,14216.0,784.2,Express,Regular,Tuesday,November,Clear,Low,2,1,26.9,245.0,1
ORD-103999,Delhi,Delhi,Clothing,3590.0,35.7,Standard,Regular,Thursday,November,Rain,High,3,1,19.7,76.0,1
ORD-105301,Bengaluru,Indore,Home & Kitchen,4593.0,1399.6,Standard,Regular,Thursday,January,Cloudy,Medium,1,1,26.3,172.0,0
ORD-103742,Mumbai,Delhi,Groceries,1066.0,1452.4,Economy,Regular,Sunday,July,Rain,Low,10,0,4.6,210.0,1
ORD-103509,Chennai,Lucknow,Furniture,12630.0,2032.6,Standard,New,Saturday,January,Clear,Medium,1,0,19.9,198.0,1
ORD-102720,Bengaluru,Ahmedabad,Clothing,1856.0,1487.7,Standard,New,Friday,August,Clear,High,2,0,10.1,215.0,0
ORD-104522,Delhi,Lucknow,Clothing,8751.0,523.7,Economy,New,Sunday,August,Storm,Low,3,1,5.2,86.0,0
ORD-105515,Mumbai,Chennai,Home & Kitchen,6954.0,1261.5,Standard,New,Tuesday,August,Storm,High,2,1,4.7,207.0,1
ORD-105521,Bengaluru,Delhi,Electronics,9969.0,2306.8,Express,Regular,Friday,December,Clear,Medium,1,1,6.3,420.0,0
ORD-100557,Delhi,Nagpur,Clothing,4091.0,1063.6,Standard,Regular,Thursday,November,Storm,Low,3,0,21.7,170.0,0
ORD-102470,Delhi,Delhi,Home & Kitchen,2283.0,42.6,Express,Premium,Tuesday,July,Cloudy,Medium,2,0,17.4,98.0,0
ORD-103739,Kolkata,Kochi,Beauty,911.0,2462.8,Standard,Regular,Thursday,December,Clear,Low,2,1,7.2,252.0,0
ORD-104287,Hyderabad,Patna,Electronics,22269.0,1432.1,Express,Regular,Monday,February,Fog,Medium,3,0,11.2,335.0,0
ORD-105478,Bengaluru,Nagpur,Electronics,17057.0,1151.7,Express,Premium,Saturday,January,Cloudy,Low,2,3,15.8,309.0,0
ORD-101717,Delhi,Indore,Home & Kitchen,3034.0,834.3,Priority,Regular,Thursday,December,Rain,Medium,2,0,16.8,359.0,0
ORD-102605,Mumbai,Kolkata,Sports,2108.0,2000.8,Standard,Premium,Sunday,May,Clear,Low,4,1,9.2,248.0,0
ORD-104992,Kolkata,Lucknow,Electronics,7022.0,1088.4,Standard,Regular,Friday,May,Clear,High,1,1,11.6,155.0,0
ORD-101705,Bengaluru,Hyderabad,Sports,2313.0,636.1,Priority,Regular,Tuesday,March,Cloudy,Medium,2,0,21.6,234.0,0
ORD-102140,Kolkata,Coimbatore,Home & Kitchen,4046.0,2246.0,Economy,New,Saturday,May,Clear,Medium,3,0,21.9,250.0,1
ORD-103240,Delhi,Visakhapatnam,Beauty,1629.0,1632.5,Economy,Regular,Monday,May,Cloudy,Medium,3,0,8.7,158.0,0
ORD-102384,Mumbai,Coimbatore,Furniture,23142.0,1371.6,Economy,Regular,Thursday,October,Cloudy,Low,1,0,51.2,183.0,1
ORD-104312,Kolkata,Hyderabad,Furniture,13929.0,1418.4,Priority,Premium,Friday,May,Clear,Medium,1,1,38.9,390.0,0
ORD-101286,Hyderabad,Patna,Beauty,1211.0,1504.3,Express,Premium,Sunday,July,Rain,Low,2,0,9.4,283.0,0
ORD-105154,Mumbai,Mumbai,Groceries,2223.0,21.6,Express,Premium,Thursday,January,Clear,High,5,4,14.8,133.0,0
ORD-105411,Delhi,Bhopal,Furniture,16684.0,787.8,Standard,Premium,Thursday,May,Rain,Medium,1,1,32.3,128.0,0
ORD-103931,Bengaluru,Bengaluru,Beauty,2044.0,31.5,Express,Premium,Wednesday,August,Cloudy,Low,3,2,11.4,111.0,0
ORD-104582,Kolkata,Delhi,Home & Kitchen,3592.0,1644.7,Express,Premium,Friday,March,Cloudy,Medium,2,1,17.2,285.0,0
ORD-101592,Mumbai,Patna,Clothing,2486.0,1829.9,Standard,New,Tuesday,April,Clear,Low,4,0,7.7,275.0,0
ORD-105363,Mumbai,Patna,Furniture,29517.0,1914.6,Standard,New,Tuesday,December,Clear,Low,1,1,22.1,271.0,1
ORD-102163,Delhi,Chennai,Books,567.0,2265.3,Priority,Regular,Tuesday,February,Clear,High,2,0,32.1,620.0,1
ORD-102397,Delhi,Jaipur,Clothing,3353.0,289.8,Economy,Regular,Friday,October,Clear,Medium,3,1,13.5,74.0,0
ORD-100318,Chennai,Kolkata,Groceries,3861.0,1660.0,Standard,New,Tuesday,October,Fog,Low,10,0,9.2,332.0,0
ORD-105437,Kolkata,Delhi,Beauty,1719.0,1589.3,Standard,New,Thursday,April,Clear,Medium,6,0,20.6,262.0,0
ORD-103112,Delhi,Delhi,Clothing,4141.0,21.6,Standard,New,Monday,October,Cloudy,Low,2,1,36.8,70.0,0
ORD-104037,Delhi,Patna,Clothing,1627.0,1132.2,Standard,Premium,Friday,January,Clear,Low,3,2,7.2,146.0,1
ORD-100796,Delhi,Jaipur,Books,383.0,295.6,Economy,Regular,Monday,November,Clear,Medium,4,0,27.9,92.0,0
ORD-103021,Delhi,Coimbatore,Clothing,2505.0,2442.1,Standard,New,Monday,September,Storm,Low,4,1,4.8,255.0,1
ORD-101712,Delhi,Mumbai,Clothing,12494.0,1433.8,Express,Regular,Saturday,June,Clear,Low,3,0,6.1,315.0,0
ORD-103388,Hyderabad,Mumbai,Electronics,18394.0,723.8,Standard,Premium,Thursday,October,Cloudy,Medium,4,0,14.6,142.0,0
ORD-100037,Mumbai,Patna,Groceries,3314.0,1853.8,Standard,Premium,Friday,February,Fog,Low,10,1,4.6,279.0,0
ORD-104550,Delhi,Indore,Electronics,67774.0,895.2,Standard,Regular,Saturday,February,Cloudy,Medium,2,0,19.8,286.0,0
ORD-100914,Hyderabad,Lucknow,Sports,7117.0,1259.0,Standard,New,Tuesday,January,Rain,Low,3,0,26.3,193.0,0
ORD-103973,Bengaluru,Visakhapatnam,Electronics,9979.0,1022.0,Standard,Regular,Friday,February,Storm,Low,2,0,22.2,140.0,0
ORD-104134,Bengaluru,Nagpur,Electronics,12249.0,1130.2,Standard,New,Friday,July,Rain,Medium,2,0,11.0,193.0,0
ORD-100975,Delhi,Jaipur,Electronics,13061.0,296.1,Standard,Regular,Friday,January,Fog,Low,1,0,16.2,102.0,1
ORD-100984,Bengaluru,Mumbai,Home & Kitchen,5543.0,1068.5,Standard,Premium,Tuesday,February,Clear,Low,3,0,17.3,157.0,0
ORD-104941,Kolkata,Kolkata,Sports,7486.0,39.8,Express,Premium,Friday,March,Cloudy,Medium,4,0,29.7,147.0,0
ORD-101419,Hyderabad,Hyderabad,Books,1170.0,17.0,Express,Regular,Monday,October,Clear,Medium,2,4,5.5,86.0,0
ORD-101561,Hyderabad,Patna,Groceries,2445.0,1407.4,Express,Premium,Monday,November,Cloudy,Medium,8,0,2.6,348.0,0
ORD-104136,Mumbai,Chennai,Books,354.0,1309.4,Priority,Premium,Friday,July,Cloudy,Medium,1,2,2.1,314.0,0
ORD-104266,Bengaluru,Hyderabad,Groceries,1379.0,646.9,Priority,Premium,Friday,November,Cloudy,Low,2,0,8.2,231.0,0
ORD-101356,Mumbai,Delhi,Clothing,3238.0,1581.9,Priority,Regular,Saturday,November,Cloudy,Medium,3,0,19.0,581.0,0
ORD-105747,Mumbai,Chennai,Home & Kitchen,5517.0,1223.0,Standard,Regular,Tuesday,October,Clear,High,3,0,9.3,199.0,1
ORD-100988,Mumbai,Bengaluru,Groceries,975.0,1114.1,Standard,New,Thursday,December,Rain,Medium,5,0,13.8,186.0,0
ORD-102683,Mumbai,Mumbai,Clothing,3685.0,42.6,Standard,New,Monday,June,Rain,Medium,4,0,4.7,93.0,0
ORD-101641,Chennai,Ahmedabad,Electronics,14851.0,1687.8,Economy,New,Friday,April,Cloudy,Low,1,0,8.1,197.0,0
ORD-101291,Bengaluru,Delhi,Electronics,13951.0,2311.7,Standard,Premium,Monday,May,Fog,High,2,0,8.3,249.0,0
ORD-103682,Mumbai,Ahmedabad,Electronics,13220.0,561.2,Standard,New,Thursday,April,Clear,Medium,1,0,17.6,129.0,0
ORD-101381,Delhi,Delhi,Clothing,3201.0,17.6,Express,New,Tuesday,July,Clear,Low,2,0,20.6,117.0,0
ORD-101934,Kolkata,Chandigarh,Electronics,8614.0,1917.2,Economy,Regular,Monday,February,Clear,Medium,1,1,33.0,182.0,0
ORD-105094,Delhi,Delhi,Clothing,3386.0,11.6,Economy,Regular,Tuesday,April,Clear,High,3,0,12.2,72.0,1
ORD-103161,Hyderabad,Coimbatore,Home & Kitchen,4612.0,937.3,Economy,New,Tuesday,August,Rain,High,1,1,22.3,143.0,1
ORD-102031,Mumbai,Kochi,Furniture,14116.0,1352.1,Standard,New,Friday,December,Rain,Low,1,0,20.4,190.0,0
ORD-100893,Delhi,Bengaluru,Books,584.0,2103.0,Express,Regular,Tuesday,January,Clear,Medium,3,1,6.4,424.0,0
ORD-104070,Mumbai,Bengaluru,Electronics,7477.0,1114.0,Economy,New,Saturday,August,Rain,Medium,2,1,13.7,128.0,1
ORD-104256,Mumbai,Coimbatore,Electronics,15586.0,1182.3,Standard,Regular,Monday,June,Rain,Low,2,1,9.7,210.0,0
ORD-100003,Kolkata,Jaipur,Clothing,1560.0,1829.5,Standard,Regular,Sunday,September,Clear,Low,5,3,17.6,236.0,0
ORD-102110,Mumbai,Kochi,Groceries,4155.0,1446.2,Express,New,Tuesday,May,Clear,Low,6,1,21.2,446.0,0
ORD-100850,Hyderabad,Pune,Electronics,13591.0,625.5,Economy,Regular,Sunday,August,Rain,Medium,2,1,8.5,123.0,0
ORD-102738,Bengaluru,Delhi,Electronics,12522.0,2020.8,Priority,Premium,Sunday,July,Clear,Low,3,0,22.1,586.0,0
ORD-102467,Kolkata,Delhi,Clothing,3988.0,1639.3,Economy,New,Tuesday,November,Clear,Medium,7,0,17.2,213.0,1
ORD-101915,Mumbai,Patna,Sports,14681.0,1868.4,Standard,Regular,Saturday,January,Fog,Low,3,1,11.9,235.0,0
ORD-101597,Mumbai,Coimbatore,Electronics,23988.0,1252.9,Standard,Regular,Friday,February,Clear,Low,2,1,10.7,177.0,1
ORD-101914,Bengaluru,Nagpur,Furniture,12237.0,1126.2,Economy,New,Saturday,June,Cloudy,Low,1,0,29.2,119.0,1
ORD-105708,Kolkata,Bengaluru,Sports,1122.0,2010.4,Express,Premium,Sunday,May,Rain,Medium,1,0,19.1,352.0,0
ORD-102737,Mumbai,Indore,Electronics,13526.0,646.3,Economy,Regular,Tuesday,March,Clear,Medium,3,1,11.5,120.0,0
ORD-100727,Delhi,Ahmedabad,Electronics,21127.0,936.9,Economy,Regular,Sunday,September,Rain,Low,2,0,9.3,106.0,1
ORD-100054,Chennai,Chennai,Electronics,15585.0,24.2,Economy,Regular,Friday,September,Clear,Medium,3,1,7.7,60.0,0
ORD-101797,Bengaluru,Chennai,Electronics,29935.0,349.0,Economy,Regular,Saturday,November,Clear,High,2,1,28.4,111.0,0
ORD-103846,Bengaluru,Jaipur,Groceries,,1971.2,Express,Premium,Sunday,November,Cloudy,Low,6,0,11.0,449.0,0
ORD-102554,Hyderabad,Lucknow,Books,681.0,1342.0,Economy,Regular,Wednesday,September,Rain,High,1,0,4.3,128.0,1
ORD-102801,Hyderabad,Chandigarh,Electronics,11302.0,1872.5,Standard,New,Wednesday,November,Rain,High,1,1,22.3,199.0,1
ORD-100937,Hyderabad,Patna,Groceries,1319.0,1436.1,Standard,Regular,Thursday,January,Cloudy,Medium,7,2,8.7,222.0,0
ORD-104990,Mumbai,Patna,Electronics,9579.0,1912.4,Express,Regular,Sunday,August,Clear,Low,1,2,13.7,386.0,0
ORD-100825,Kolkata,Jaipur,Home & Kitchen,7124.0,1620.8,Express,Premium,Sunday,April,Fog,Medium,3,1,18.8,307.0,0
ORD-104322,Bengaluru,Indore,Sports,5459.0,1383.7,Standard,New,Monday,April,Storm,Low,4,0,13.2,205.0,0
ORD-103402,Kolkata,Kolkata,Beauty,1835.0,22.3,Priority,Regular,Monday,September,Rain,Low,1,0,5.5,123.0,0
ORD-101390,Mumbai,Chennai,Sports,3982.0,1340.9,Priority,New,Monday,February,Fog,Medium,3,0,10.1,444.0,1
ORD-103565,Hyderabad,Kolkata,Sports,1688.0,1414.5,Express,New,Saturday,November,Cloudy,Medium,4,0,10.9,359.0,0
ORD-100885,Mumbai,Pune,Home & Kitchen,735.0,154.5,Standard,Premium,Monday,February,Fog,Low,1,0,13.3,46.0,0
ORD-101869,Bengaluru,Kochi,Electronics,12787.0,447.0,Standard,New,Sunday,January,Clear,Medium,1,1,12.5,108.0,0
ORD-100011,Delhi,Mumbai,Electronics,10659.0,1450.2,Express,New,Friday,September,Storm,High,2,0,19.6,295.0,0
ORD-103416,Delhi,Jaipur,Home & Kitchen,8001.0,294.4,Economy,New,Saturday,April,Rain,Low,1,0,8.9,69.0,0
ORD-101464,Delhi,Patna,Electronics,13518.0,1125.8,Express,Premium,Monday,January,Cloudy,Medium,3,0,18.7,288.0,0
ORD-100807,Chennai,Indore,Home & Kitchen,8886.0,1382.4,Standard,Regular,Sunday,October,Clear,Low,7,2,15.5,236.0,0
ORD-104761,Bengaluru,Chandigarh,Home & Kitchen,2479.0,2364.8,Express,Regular,Monday,June,Rain,High,3,1,10.1,434.0,0
ORD-104069,Hyderabad,Chennai,Electronics,4832.0,667.0,Economy,Regular,Thursday,November,Cloudy,High,1,0,42.3,92.0,0
ORD-102109,Delhi,Kochi,Home & Kitchen,2876.0,2528.2,Express,Regular,Saturday,April,Cloudy,Low,2,0,22.1,455.0,0
ORD-105111,Mumbai,Delhi,Electronics,6208.0,1476.5,Standard,Regular,Tuesday,July,Rain,High,1,1,23.5,166.0,1
ORD-100880,Bengaluru,Bengaluru,Clothing,3898.0,19.6,Standard,New,Sunday,April,Clear,Low,3,3,15.0,81.0,0
ORD-102235,Chennai,Patna,Groceries,1461.0,1853.6,Economy,New,Tuesday,September,Storm,High,5,0,9.0,219.0,1
ORD-100964,Mumbai,Delhi,Electronics,15680.0,1410.1,Economy,Regular,Friday,November,Cloudy,Medium,1,1,14.8,196.0,1
ORD-104495,Delhi,Patna,Furniture,9791.0,1037.8,Express,New,Wednesday,July,Clear,Medium,1,0,19.1,246.0,0
ORD-102633,Hyderabad,Ahmedabad,Beauty,3226.0,1044.8,Standard,New,Monday,August,Storm,Medium,4,1,15.4,174.0,1
ORD-100705,Delhi,Hyderabad,Home & Kitchen,1908.0,1652.3,Standard,Regular,Sunday,October,Clear,Medium,1,0,21.7,179.0,1
ORD-100432,Kolkata,Hyderabad,Home & Kitchen,1159.0,1391.2,Express,Regular,Sunday,October,Clear,Medium,3,0,64.8,339.0,0
ORD-104389,Chennai,Bhopal,Clothing,2260.0,1500.6,Standard,New,Tuesday,November,Clear,Low,2,1,,190.0,0
ORD-100146,Delhi,Kolkata,Clothing,564.0,1563.7,Standard,Premium,Saturday,October,Clear,Low,1,1,20.9,189.0,0
ORD-102034,Delhi,Coimbatore,Groceries,8187.0,2509.8,Priority,Premium,Monday,October,Clear,High,5,0,17.1,694.0,0
ORD-105079,Delhi,Chennai,Books,819.0,2224.9,Standard,Premium,Thursday,September,Rain,Low,3,0,6.4,266.0,0
ORD-101166,Kolkata,Hyderabad,Sports,3218.0,1479.4,Express,Premium,Sunday,January,Storm,Low,4,1,6.8,265.0,0
ORD-103501,Delhi,Kolkata,Beauty,2542.0,1725.2,Economy,Regular,Friday,April,Clear,Medium,5,0,15.1,246.0,0
ORD-102051,Hyderabad,Delhi,Home & Kitchen,4554.0,1613.4,Standard,Premium,Thursday,October,Clear,High,3,1,21.1,197.0,0
ORD-103761,Hyderabad,Patna,Groceries,1187.0,1473.0,Economy,Regular,Friday,May,Clear,Medium,3,2,,156.0,0
ORD-102625,Bengaluru,Delhi,Electronics,31803.0,2306.0,Economy,Regular,Wednesday,April,Clear,High,2,0,7.4,239.0,0
ORD-104485,Kolkata,Chennai,Books,753.0,1830.5,Express,New,Friday,April,,High,2,1,8.3,312.0,0
ORD-104436,Bengaluru,Visakhapatnam,Home & Kitchen,3674.0,937.8,Standard,New,Tuesday,December,Clear,Medium,2,1,12.8,173.0,1
ORD-104824,Chennai,Hyderabad,Groceries,1152.0,628.4,Standard,Regular,Wednesday,January,Cloudy,Low,6,0,5.3,191.0,0
ORD-104694,Kolkata,Chennai,Groceries,2656.0,1829.9,Standard,New,Thursday,October,Cloudy,Medium,8,0,18.2,287.0,0
ORD-104362,Bengaluru,Indore,Groceries,3532.0,1343.8,Standard,New,Tuesday,December,Fog,Medium,5,0,4.0,216.0,0
ORD-102425,Hyderabad,Delhi,Furniture,19676.0,1592.0,Standard,Regular,Sunday,November,Clear,Medium,1,1,26.4,208.0,0
ORD-101263,Delhi,Jaipur,Furniture,16306.0,294.3,Economy,Regular,Wednesday,November,Cloudy,Medium,1,2,48.3,80.0,1
ORD-101772,Kolkata,Bengaluru,Electronics,6391.0,1926.8,Economy,Regular,Sunday,June,Clear,Medium,1,5,29.4,203.0,1
ORD-103512,Chennai,Hyderabad,Home & Kitchen,3018.0,683.5,Express,Regular,Thursday,January,Clear,Low,3,1,6.9,221.0,0
ORD-100272,Mumbai,Chennai,Home & Kitchen,2458.0,1276.0,Standard,Regular,Saturday,July,Rain,Low,4,3,29.8,184.0,1
ORD-100245,Bengaluru,Chandigarh,Books,1623.0,2527.1,Economy,Regular,Saturday,December,Cloudy,Low,4,1,12.7,235.0,1
ORD-105879,Chennai,Bengaluru,Groceries,1553.0,341.2,Economy,Premium,Wednesday,May,Storm,High,4,0,2.8,87.0,1
ORD-104573,Mumbai,Hyderabad,Groceries,1213.0,812.7,Economy,New,Saturday,September,Cloudy,High,5,0,3.2,134.0,1
ORD-102033,Delhi,Jaipur,Clothing,11464.0,310.3,Standard,Regular,Monday,December,Fog,Low,2,2,18.5,114.0,0
ORD-105891,Hyderabad,Hyderabad,Sports,5357.0,13.2,Economy,New,Thursday,September,Clear,Medium,1,0,30.6,48.0,0
ORD-100814,Bengaluru,Bengaluru,Furniture,34951.0,17.8,Standard,New,Sunday,October,Rain,Medium,1,1,49.5,104.0,1
ORD-103811,Bengaluru,Coimbatore,Beauty,1436.0,295.6,Economy,New,Tuesday,April,Rain,Low,2,0,4.2,73.0,0
ORD-105042,Mumbai,Coimbatore,Clothing,1919.0,1281.9,Priority,Premium,Saturday,November,Cloudy,Low,4,0,7.3,511.0,0
ORD-101805,Chennai,Chennai,Clothing,820.0,30.0,Standard,Regular,Monday,April,Clear,Medium,3,0,10.8,67.0,0
ORD-104347,Kolkata,Jaipur,Groceries,2712.0,1778.7,Standard,New,Sunday,September,Rain,Low,2,1,22.4,200.0,0
ORD-102462,Chennai,Kolkata,Electronics,12727.0,1625.9,Economy,Regular,Friday,April,Cloudy,Medium,1,1,22.3,162.0,1
ORD-100546,Bengaluru,Nagpur,Furniture,14173.0,1238.7,Express,Regular,Friday,September,Clear,Medium,1,1,36.0,246.0,0
ORD-103242,Bengaluru,Hyderabad,Sports,3665.0,604.2,Express,Regular,Saturday,January,Cloudy,Medium,2,0,6.0,179.0,0
ORD-100739,Delhi,Mumbai,Electronics,9821.0,1356.6,Standard,Premium,Thursday,December,Rain,High,1,2,37.4,170.0,1
ORD-100311,Bengaluru,Bhopal,Home & Kitchen,3824.0,1471.8,Standard,New,Sunday,November,,Low,2,1,27.2,179.0,1
ORD-103522,Kolkata,Kolkata,Electronics,11849.0,31.1,Standard,New,Saturday,October,Clear,Medium,1,1,18.5,80.0,0
ORD-101132,Bengaluru,Kolkata,Electronics,10310.0,2029.0,Priority,Premium,Saturday,March,Clear,Low,1,2,11.5,464.0,0
ORD-105967,Kolkata,Lucknow,Furniture,17692.0,1139.8,Express,Regular,Saturday,July,Clear,Low,1,0,29.7,319.0,0
ORD-104112,Kolkata,Coimbatore,Sports,568.0,2325.6,Economy,New,Monday,December,Clear,Medium,1,0,48.5,152.0,1
ORD-102770,Hyderabad,Bengaluru,Furniture,45907.0,648.7,Standard,Premium,Thursday,June,Rain,High,2,1,24.9,146.0,1
ORD-100921,Mumbai,Mumbai,Electronics,11332.0,28.6,Standard,Regular,Friday,August,Rain,Medium,2,1,15.5,74.0,1
ORD-103588,Bengaluru,Indore,Beauty,5745.0,1308.0,Express,Regular,Sunday,December,Cloudy,Medium,3,1,13.9,378.0,0
ORD-103960,Delhi,Delhi,Groceries,1688.0,12.6,Economy,Regular,Monday,March,Cloudy,Medium,5,0,11.9,85.0,0
ORD-100039,Delhi,Chennai,Home & Kitchen,2237.0,2005.6,Standard,Regular,Tuesday,August,Rain,Low,2,1,11.0,240.0,1
ORD-104460,Kolkata,Kolkata,Sports,4672.0,20.5,Economy,Regular,Saturday,July,Clear,Medium,4,3,10.0,61.0,1
ORD-104279,Delhi,Bengaluru,Home & Kitchen,4306.0,2168.5,Standard,Regular,Saturday,December,Cloudy,High,3,0,19.0,298.0,1
ORD-102984,Bengaluru,Mumbai,Groceries,2465.0,1057.5,Standard,Regular,Monday,October,Clear,High,6,2,21.2,219.0,0
ORD-103943,Mumbai,Mumbai,Books,990.0,17.3,Standard,Regular,Thursday,December,Storm,Medium,3,1,14.7,62.0,0
ORD-102668,Mumbai,Kolkata,Clothing,5665.0,2086.5,Economy,Regular,Monday,September,Storm,High,4,1,9.1,213.0,1
ORD-103224,Chennai,Kolkata,Sports,3594.0,1735.1,Economy,New,Saturday,April,Clear,Medium,2,0,33.6,186.0,0
ORD-101183,Mumbai,Kolkata,Furniture,51923.0,2106.8,Standard,New,Friday,January,Clear,High,1,0,23.1,283.0,0
ORD-100615,Delhi,Visakhapatnam,Clothing,3333.0,1684.3,Priority,Premium,Sunday,May,Cloudy,,1,2,17.2,422.0,0
ORD-105949,Delhi,Indore,Clothing,2613.0,795.0,Economy,Regular,Thursday,July,Rain,High,3,1,16.6,118.0,1
ORD-101467,Delhi,Chennai,Sports,2699.0,2183.1,Standard,Regular,Sunday,March,Rain,Low,1,0,31.7,277.0,0
ORD-104498,Bengaluru,Kolkata,Clothing,2496.0,2046.5,Standard,Regular,Sunday,July,Rain,Low,4,0,7.9,323.0,0
ORD-103043,Kolkata,Delhi,Groceries,2224.0,1720.9,Economy,Premium,Saturday,December,Clear,,3,2,13.7,143.0,0
ORD-100935,Kolkata,Kolkata,Home & Kitchen,2060.0,44.7,Standard,Regular,Thursday,June,Cloudy,Medium,2,0,19.2,60.0,0
ORD-102420,Hyderabad,Bengaluru,Groceries,3403.0,635.8,Standard,New,Tuesday,June,Cloudy,High,7,0,7.7,188.0,0
ORD-105465,Mumbai,Nagpur,Beauty,1426.0,873.2,Economy,New,Wednesday,May,Clear,High,2,1,31.1,125.0,0
ORD-104905,Chennai,Chennai,Electronics,4513.0,17.9,Standard,Regular,Monday,June,Clear,Low,1,2,19.3,62.0,0
ORD-100827,Bengaluru,Ahmedabad,Clothing,1481.0,1484.7,Priority,Regular,Wednesday,December,Clear,Medium,1,2,17.9,414.0,0
ORD-101522,Bengaluru,Delhi,Electronics,21586.0,2111.0,Standard,Regular,Sunday,October,Clear,Medium,1,0,22.5,236.0,0
ORD-102931,Bengaluru,Kochi,Beauty,1812.0,491.4,Standard,Regular,Tuesday,April,,Medium,3,0,15.6,101.0,0
ORD-104233,Chennai,Delhi,Furniture,15150.0,2186.8,Priority,Regular,Sunday,November,Clear,Medium,1,1,34.2,554.0,0
ORD-100629,Bengaluru,Chandigarh,Home & Kitchen,7399.0,2554.1,Standard,New,Monday,November,Cloudy,Low,5,0,17.8,319.0,0
ORD-104431,Delhi,Ahmedabad,Groceries,7104.0,967.9,Priority,Premium,Friday,June,Cloudy,Medium,6,1,19.4,378.0,1
ORD-103854,Delhi,Bhopal,Home & Kitchen,11240.0,727.4,Standard,New,Friday,August,Clear,Low,5,0,26.2,212.0,0
ORD-100391,Chennai,Bhopal,Electronics,11234.0,1400.6,Priority,Regular,Saturday,May,Clear,Medium,2,2,40.8,461.0,0
ORD-104346,Hyderabad,Nagpur,Home & Kitchen,3152.0,515.5,Standard,New,Friday,April,Clear,Medium,4,0,10.6,136.0,0
ORD-105910,Mumbai,Kochi,Groceries,1784.0,1371.3,Express,Premium,Sunday,March,Clear,Medium,7,0,8.8,355.0,0
ORD-103991,Hyderabad,Coimbatore,Home & Kitchen,7772.0,955.0,Priority,Regular,Thursday,December,Fog,Low,6,2,18.3,458.0,0
ORD-100401,Delhi,Bhopal,Home & Kitchen,1835.0,801.8,Standard,Premium,Wednesday,May,Cloudy,Low,1,0,11.1,111.0,0
ORD-103360,Chennai,Bengaluru,Home & Kitchen,8911.0,386.6,Standard,Regular,Monday,July,Rain,High,5,1,20.2,154.0,0
ORD-100047,Delhi,Delhi,Furniture,9978.0,30.4,Economy,New,Friday,December,Fog,Medium,1,0,40.8,54.0,0
ORD-105811,Bengaluru,Visakhapatnam,Beauty,2669.0,929.9,Standard,New,Monday,June,Clear,Low,4,1,,160.0,0
ORD-105970,Kolkata,Coimbatore,Beauty,3284.0,2202.0,Economy,New,Thursday,January,Clear,Low,2,0,7.8,206.0,0
ORD-103643,Kolkata,Patna,Home & Kitchen,13292.0,596.6,Economy,Regular,Saturday,February,Fog,Low,4,1,16.7,111.0,0
ORD-103727,Hyderabad,Chennai,Furniture,8161.0,653.1,Economy,Regular,Tuesday,March,Clear,High,1,0,15.4,84.0,1
ORD-105883,Kolkata,Kochi,Books,3353.0,2469.1,Express,Premium,Sunday,January,Fog,Medium,4,0,9.0,,1
ORD-102422,Mumbai,Nagpur,Beauty,3825.0,893.7,Standard,Regular,Monday,December,Storm,Medium,3,3,11.7,163.0,1
ORD-101751,Chennai,Nagpur,Home & Kitchen,8484.0,1100.9,Economy,Regular,Wednesday,November,Rain,Medium,3,2,31.2,161.0,1
ORD-105857,Bengaluru,Chennai,Electronics,7337.0,353.7,Express,New,Sunday,April,Clear,Low,1,1,16.3,141.0,0
ORD-104956,Delhi,Visakhapatnam,Clothing,6468.0,1871.6,Express,Premium,Saturday,November,Clear,Medium,7,1,8.3,453.0,0
ORD-104063,Mumbai,Mumbai,Beauty,1843.0,30.0,Priority,New,Wednesday,May,Cloudy,Low,1,0,14.0,132.0,0
ORD-100339,Mumbai,Bhopal,Home & Kitchen,5637.0,789.3,Express,Regular,Sunday,December,Cloudy,Medium,3,0,21.7,279.0,0
ORD-100216,Chennai,Bhopal,Sports,10513.0,1567.6,Express,Premium,Tuesday,June,Rain,High,2,0,15.6,332.0,0
ORD-103664,Chennai,Nagpur,Groceries,2567.0,1177.3,Priority,Premium,Thursday,July,Storm,Medium,6,1,12.2,452.0,0
ORD-101342,Kolkata,Chennai,Electronics,9467.0,1779.7,Standard,New,Friday,December,Clear,Medium,1,0,39.7,216.0,1
ORD-105538,Bengaluru,Bhopal,Electronics,18126.0,1434.9,Standard,New,Wednesday,February,Fog,High,1,1,11.8,230.0,0
ORD-103895,Hyderabad,Jaipur,Clothing,2397.0,1332.3,Standard,New,Wednesday,February,Fog,Medium,2,1,10.1,200.0,0
ORD-103641,Delhi,Lucknow,Electronics,7545.0,539.2,Economy,Regular,Thursday,March,Clear,Medium,3,2,19.8,103.0,0
ORD-100330,Delhi,Chennai,Home & Kitchen,3848.0,2022.3,Standard,Regular,Sunday,September,Clear,Low,1,0,24.7,250.0,0
ORD-103005,Mumbai,Ahmedabad,Electronics,16783.0,522.5,Standard,Regular,Tuesday,August,Clear,Low,3,0,11.9,149.0,0
ORD-105788,Kolkata,Coimbatore,Groceries,5597.0,2151.9,Standard,Regular,Sunday,January,Cloudy,High,5,0,12.2,296.0,0
ORD-103116,Chennai,Nagpur,Furniture,16866.0,1119.9,Economy,Regular,Friday,December,Cloudy,Low,2,3,38.0,162.0,0
ORD-105860,Delhi,Indore,Books,413.0,868.2,Standard,New,Friday,July,Cloudy,High,2,0,7.1,118.0,1
ORD-102323,Delhi,Bengaluru,Groceries,1172.0,2208.6,Standard,Premium,Sunday,December,Rain,Medium,7,3,8.9,315.0,1
ORD-104198,Hyderabad,Kolkata,Books,1073.0,1538.6,Standard,Regular,Thursday,March,Clear,High,1,1,3.6,193.0,1
ORD-103550,Kolkata,Bhopal,Electronics,,1345.4,Economy,Premium,Friday,August,Cloudy,Low,2,1,21.1,145.0,0
ORD-101459,Hyderabad,Bengaluru,Clothing,4442.0,638.5,Economy,Regular,Thursday,March,Rain,Medium,1,4,11.5,95.0,1
ORD-100172,Bengaluru,Hyderabad,Books,607.0,636.5,Standard,Regular,Friday,January,Clear,Low,3,0,1.0,157.0,0
ORD-104204,Bengaluru,Hyderabad,Electronics,20154.0,653.2,Standard,Regular,Thursday,September,Rain,Medium,2,2,16.6,161.0,1
ORD-105886,Mumbai,Delhi,Home & Kitchen,1463.0,1446.7,Standard,Regular,Friday,March,Clear,Medium,2,0,18.6,192.0,0
ORD-103570,Delhi,Kolkata,Groceries,4390.0,1646.0,Economy,Regular,Sunday,October,Clear,High,9,1,16.9,251.0,0
ORD-104227,Bengaluru,Lucknow,Electronics,9527.0,1953.9,Standard,Regular,Monday,May,Cloudy,High,3,1,10.5,233.0,1
ORD-104937,Delhi,Mumbai,Sports,9772.0,1481.2,Standard,New,Friday,November,Clear,Medium,1,0,23.4,217.0,1
ORD-104985,Delhi,Lucknow,Electronics,23683.0,490.2,Economy,Regular,Saturday,February,Fog,High,5,3,16.3,144.0,0
ORD-100939,Hyderabad,Bengaluru,Clothing,2341.0,644.5,Standard,New,Wednesday,March,Cloudy,Low,2,0,21.2,120.0,0
ORD-100061,Chennai,Kolkata,Electronics,34107.0,1601.9,Standard,New,Saturday,January,Cloudy,High,3,0,17.2,279.0,1
ORD-101241,Kolkata,Jaipur,Clothing,3631.0,1687.0,Economy,Regular,Thursday,March,Rain,Medium,1,1,18.4,171.0,1
ORD-105058,Bengaluru,Chennai,Electronics,15474.0,365.1,Express,New,Friday,December,Clear,High,4,0,11.6,213.0,0
ORD-102121,Delhi,Delhi,Sports,3744.0,25.6,Standard,New,Tuesday,November,Cloudy,Low,4,1,19.7,92.0,0
ORD-101525,Chennai,Chandigarh,Furniture,7443.0,2393.4,Economy,Regular,Monday,May,Clear,Medium,1,0,34.6,198.0,0
ORD-100154,Bengaluru,Chennai,Sports,6325.0,351.7,Standard,Regular,Sunday,November,Clear,High,5,0,13.0,142.0,1
ORD-100482,Mumbai,Hyderabad,Sports,1527.0,773.5,Standard,Regular,Sunday,May,Cloudy,High,2,1,9.0,130.0,1
ORD-104461,Delhi,Visakhapatnam,Clothing,3663.0,1664.3,Standard,Regular,Thursday,November,Cloudy,Low,4,2,6.2,233.0,0
ORD-103921,Mumbai,Chandigarh,Clothing,6868.0,1706.0,Standard,Regular,Sunday,December,Clear,Low,4,0,20.1,212.0,1
ORD-101763,Mumbai,Chennai,Books,471.0,1322.9,Standard,Regular,Monday,August,Clear,High,1,0,12.8,148.0,0
ORD-100751,Delhi,Ahmedabad,Clothing,1008.0,931.5,Priority,Regular,Saturday,June,Rain,Medium,3,0,7.5,334.0,0
ORD-101786,Kolkata,Visakhapatnam,Furniture,32169.0,919.2,Standard,New,Monday,January,Fog,Low,1,2,21.5,185.0,1
ORD-104502,Bengaluru,Bengaluru,Electronics,27213.0,14.4,Economy,New,Saturday,December,Cloudy,Medium,2,2,43.1,71.0,0
ORD-102712,Delhi,Bhopal,Clothing,5057.0,744.9,Express,Premium,Thursday,May,Clear,Medium,4,1,11.3,230.0,0
ORD-105800,Delhi,Chennai,Home & Kitchen,12249.0,2321.6,Express,Regular,Tuesday,October,Clear,High,4,1,19.4,430.0,1
ORD-104194,Kolkata,Hyderabad,Beauty,763.0,1484.7,Standard,Premium,Saturday,September,Clear,Medium,1,0,30.0,217.0,1
ORD-101334,Hyderabad,Kolkata,Beauty,1534.0,1506.2,Economy,Regular,Monday,September,Storm,High,2,1,6.5,169.0,1
ORD-105545,Bengaluru,Delhi,Home & Kitchen,3441.0,2099.4,Standard,New,Saturday,November,Cloudy,Low,3,0,55.6,262.0,0
ORD-102855,Chennai,Jaipur,Beauty,666.0,2003.9,Standard,Premium,Wednesday,September,,Medium,1,2,9.4,219.0,1
ORD-100187,Delhi,Lucknow,Beauty,1249.0,527.3,Economy,Regular,Thursday,July,Storm,Medium,3,0,18.7,109.0,0
ORD-101137,Bengaluru,Bhopal,Electronics,10945.0,1420.5,Standard,Premium,Tuesday,April,,Low,1,2,17.9,169.0,0
ORD-102059,Mumbai,Lucknow,Books,853.0,1488.6,Standard,Regular,Saturday,August,Cloudy,Low,1,1,10.5,193.0,0
ORD-105071,Delhi,Visakhapatnam,Clothing,5208.0,1630.6,Standard,Regular,Saturday,September,Storm,Medium,4,0,7.2,243.0,1
ORD-100149,Delhi,Pune,Home & Kitchen,2852.0,1391.0,Priority,Premium,Tuesday,January,Clear,Medium,1,1,20.8,346.0,0
ORD-104125,Hyderabad,Bhopal,Beauty,1199.0,800.9,Economy,New,Thursday,August,Cloudy,Medium,2,0,4.3,116.0,0
ORD-103364,Bengaluru,Indore,Clothing,4041.0,1432.3,Express,Regular,Tuesday,October,Clear,High,5,2,12.7,318.0,0
ORD-102867,Delhi,Bengaluru,Groceries,1332.0,2266.0,Priority,New,Friday,February,Fog,High,6,0,10.6,745.0,1
ORD-103777,Chennai,Bengaluru,Electronics,36944.0,358.8,Economy,Regular,Saturday,September,Rain,Low,1,0,11.9,105.0,1
ORD-101387,Chennai,Jaipur,Clothing,2810.0,1879.6,Express,Regular,Friday,November,Cloudy,Medium,4,1,19.0,344.0,0
ORD-105727,Chennai,Hyderabad,Home & Kitchen,6615.0,626.5,Standard,Premium,Saturday,August,Cloudy,Medium,3,0,16.9,105.0,0
ORD-105008,Chennai,Kolkata,Sports,7026.0,1716.3,Economy,New,Saturday,December,Clear,High,1,0,41.3,134.0,1
ORD-103630,Mumbai,Kolkata,Electronics,3916.0,2065.9,Standard,Regular,Tuesday,October,Fog,Medium,2,0,16.7,254.0,1
ORD-105450,Bengaluru,Jaipur,Sports,5243.0,1989.7,Standard,Premium,Sunday,October,Storm,Low,3,0,25.8,233.0,1
ORD-103029,Bengaluru,Ahmedabad,Clothing,6478.0,1545.0,Standard,Premium,Saturday,May,Cloudy,Medium,2,1,14.1,206.0,0
ORD-102970,Mumbai,Indore,Beauty,2505.0,644.7,Standard,Regular,Saturday,December,Rain,Medium,1,2,25.3,112.0,0
ORD-105258,Delhi,Delhi,Furniture,19928.0,20.0,Express,Regular,Friday,January,,Low,1,1,24.1,127.0,0
ORD-101709,Kolkata,Delhi,Beauty,2121.0,1568.1,Standard,New,Tuesday,October,Fog,Low,1,1,28.2,212.0,0
ORD-102954,Hyderabad,Visakhapatnam,Electronics,25543.0,627.0,Economy,New,Monday,September,Rain,Low,2,0,6.5,106.0,0
ORD-100455,Mumbai,Kolkata,Furniture,14908.0,2101.8,Standard,Regular,Thursday,January,Fog,High,1,3,27.9,300.0,1
ORD-100610,Bengaluru,Ahmedabad,Clothing,594.0,1560.2,Economy,New,Tuesday,November,Cloudy,Medium,1,1,6.0,154.0,0
ORD-104264,Kolkata,Chennai,Electronics,11587.0,1754.0,Economy,Regular,Wednesday,March,Clear,Low,2,0,31.2,190.0,0
ORD-105130,Hyderabad,Mumbai,Furniture,7235.0,757.6,Economy,New,Sunday,February,Clear,Low,1,1,14.5,95.0,0
ORD-102075,Delhi,Visakhapatnam,Clothing,4552.0,1705.8,Standard,Regular,Saturday,March,Rain,Medium,2,1,21.1,202.0,0
ORD-104053,Bengaluru,Kolkata,Sports,2222.0,2033.6,Economy,New,Monday,October,Storm,Low,1,0,26.0,184.0,1
ORD-104922,Mumbai,Kolkata,Furniture,9034.0,2040.4,Economy,New,Monday,June,Clear,Medium,1,0,28.6,186.0,1
ORD-101623,Kolkata,Bengaluru,Beauty,2026.0,1873.2,Priority,Regular,Thursday,April,Clear,Low,2,1,15.9,,0
ORD-104684,Chennai,Nagpur,Electronics,18249.0,1150.2,Priority,Premium,Friday,May,Clear,High,3,0,14.0,406.0,0
ORD-105303,Chennai,Visakhapatnam,Groceries,1280.0,727.6,Express,Regular,Wednesday,December,Clear,High,3,0,8.8,265.0,0
ORD-100041,Delhi,Hyderabad,Electronics,20905.0,1631.7,Standard,Regular,Sunday,November,Clear,Low,1,0,19.8,216.0,0
ORD-102090,Bengaluru,Bengaluru,Clothing,2452.0,15.0,Standard,New,Tuesday,October,Clear,High,2,0,23.7,63.0,0
ORD-103925,Mumbai,Bengaluru,Electronics,4696.0,1180.4,Standard,New,Saturday,August,Cloudy,High,1,1,12.5,154.0,1
ORD-102176,Bengaluru,Patna,Groceries,3425.0,1974.4,Standard,Regular,Sunday,July,Storm,Low,7,3,14.3,293.0,1
ORD-100075,Mumbai,Mumbai,Clothing,2554.0,28.6,Economy,Regular,Wednesday,June,Rain,Medium,4,2,20.3,75.0,0
ORD-104845,Delhi,Chennai,Electronics,8924.0,2291.9,Express,Regular,Friday,March,Clear,Medium,2,0,7.3,529.0,1
ORD-105977,Chennai,Bengaluru,Clothing,1679.0,386.7,Standard,New,Wednesday,August,Clear,High,4,0,13.8,110.0,0
ORD-102658,Bengaluru,Hyderabad,Home & Kitchen,2273.0,586.6,Standard,Regular,Saturday,September,Clear,High,4,1,5.5,147.0,0
ORD-103181,Hyderabad,Hyderabad,Books,663.0,25.0,Standard,Regular,Saturday,January,Cloudy,Medium,1,0,14.4,48.0,0
ORD-102077,Hyderabad,Ahmedabad,Electronics,20631.0,1030.1,Economy,Regular,Thursday,June,Cloudy,,2,2,17.9,139.0,0
ORD-100442,Mumbai,Patna,Groceries,2508.0,1841.8,Standard,New,Wednesday,September,Clear,Medium,4,0,2.0,302.0,0
ORD-102052,Mumbai,Mumbai,Clothing,2920.0,38.9,Economy,Regular,Monday,September,Cloudy,Low,2,1,7.6,59.0,0
ORD-102542,Delhi,Ahmedabad,Electronics,5399.0,998.3,Standard,Premium,Thursday,September,Cloudy,High,2,0,8.2,138.0,1
ORD-101302,Bengaluru,Kolkata,Groceries,1121.0,1847.4,Economy,Regular,Tuesday,December,Fog,Medium,4,1,16.9,200.0,0
ORD-103431,Bengaluru,Hyderabad,Furniture,18366.0,654.1,Economy,Regular,Sunday,November,Cloudy,Medium,1,2,27.7,88.0,1
ORD-101305,Kolkata,Indore,Home & Kitchen,3494.0,1686.2,Standard,Regular,Sunday,November,,High,1,0,9.7,206.0,1
ORD-100237,Bengaluru,Hyderabad,Groceries,5426.0,647.0,Express,Regular,Saturday,March,Clear,Medium,8,0,,289.0,0
ORD-105044,Delhi,Chennai,Electronics,34376.0,2265.5,Express,Premium,Sunday,November,Clear,Low,3,0,29.7,466.0,0
ORD-102600,Hyderabad,Delhi,Home & Kitchen,8268.0,1579.5,Standard,New,Sunday,October,Rain,Low,2,0,14.2,227.0,0
ORD-104617,Mumbai,Coimbatore,Electronics,13314.0,1217.6,Standard,New,Sunday,May,Cloudy,,3,1,17.7,217.0,0
ORD-102574,Kolkata,Delhi,Clothing,19234.0,1696.6,Priority,Regular,Wednesday,August,Storm,Medium,5,3,23.6,568.0,0
ORD-103281,Chennai,Pune,Books,1824.0,1181.5,Express,Premium,Friday,January,Clear,Low,3,0,9.3,231.0,0
ORD-103187,Chennai,Lucknow,Books,921.0,1936.8,Standard,Regular,Sunday,February,Cloudy,Medium,5,0,14.6,274.0,0
ORD-103954,Chennai,Hyderabad,Electronics,14913.0,705.6,Priority,Premium,Sunday,October,Clear,Low,2,0,18.9,284.0,0
ORD-102769,Kolkata,Jaipur,Sports,3928.0,1545.5,Standard,New,Tuesday,September,Cloudy,Low,1,1,15.8,200.0,0
ORD-104832,Delhi,Bengaluru,Sports,3325.0,2347.6,Economy,Regular,Sunday,March,Cloudy,Medium,1,0,7.0,193.0,1
ORD-104224,Mumbai,Kolkata,Electronics,48476.0,1995.5,Priority,Regular,Monday,October,Clear,High,2,1,10.7,699.0,1
ORD-102107,Chennai,Chennai,Home & Kitchen,2554.0,36.4,Standard,Regular,Friday,March,Fog,High,2,0,18.5,66.0,0
ORD-102680,Delhi,Kolkata,Groceries,1368.0,1549.0,Express,Premium,Sunday,June,Clear,Low,6,1,14.6,360.0,0
ORD-102762,Hyderabad,Bengaluru,Sports,907.0,612.5,Standard,Regular,Wednesday,March,Clear,High,1,3,13.6,102.0,0
ORD-104689,Kolkata,Hyderabad,Groceries,1253.0,1480.6,Standard,New,Wednesday,August,Cloudy,Medium,7,1,15.6,267.0,1
ORD-101388,Delhi,Bhopal,Groceries,2457.0,769.3,Priority,Premium,Tuesday,December,Fog,Medium,10,0,5.5,516.0,0
ORD-105687,Mumbai,Chandigarh,Electronics,23535.0,1729.2,Standard,Regular,Friday,April,Storm,High,2,3,12.6,238.0,1
ORD-105480,Hyderabad,Nagpur,Clothing,5917.0,548.5,Standard,Regular,Tuesday,October,Cloudy,Medium,4,1,14.9,144.0,0
ORD-101280,Bengaluru,Lucknow,Home & Kitchen,2500.0,1975.1,Express,Regular,Monday,May,Clear,Low,2,3,13.6,395.0,0
ORD-105939,Chennai,Delhi,Groceries,4908.0,2068.3,Standard,Regular,Monday,April,,Medium,6,2,4.8,286.0,0
ORD-101556,Kolkata,Pune,Groceries,2057.0,1951.0,Standard,Premium,Saturday,April,Clear,Low,5,0,15.9,226.0,0
ORD-105476,Mumbai,Ahmedabad,Clothing,673.0,580.5,Economy,Regular,Monday,October,Cloudy,Medium,3,0,16.7,117.0,0
ORD-103191,Mumbai,Hyderabad,Electronics,20711.0,798.0,Economy,Regular,Thursday,June,Clear,High,1,0,11.6,126.0,1
ORD-104567,Chennai,Chandigarh,Sports,3452.0,2537.2,Economy,New,Tuesday,January,Clear,Low,3,0,11.8,269.0,0
ORD-104803,Mumbai,Kochi,Electronics,24867.0,1413.1,Express,Premium,Saturday,March,Clear,High,3,0,20.3,311.0,0
ORD-105682,Delhi,Hyderabad,Electronics,8068.0,1569.9,Express,Regular,Wednesday,July,Rain,Low,1,4,33.9,278.0,0
ORD-104842,Delhi,Kolkata,Beauty,1726.0,1712.0,Standard,Regular,Wednesday,October,Clear,High,2,2,20.1,180.0,1
ORD-103595,Mumbai,Hyderabad,Home & Kitchen,2394.0,800.9,Priority,Premium,Friday,September,Rain,Medium,1,1,11.0,234.0,0
ORD-101921,Bengaluru,Kolkata,Home & Kitchen,2106.0,2017.8,Express,Regular,Thursday,June,Rain,Medium,1,1,16.0,304.0,0
ORD-100514,Delhi,Mumbai,Sports,6661.0,1431.5,Economy,New,Wednesday,December,Fog,Medium,2,4,17.3,147.0,1
ORD-104178,Hyderabad,Lucknow,Groceries,949.0,1439.6,Standard,Regular,Saturday,December,Cloudy,High,4,0,15.5,189.0,0
ORD-101309,Mumbai,Bhopal,Clothing,3024.0,787.6,Standard,New,Sunday,August,Cloudy,Low,3,0,10.1,142.0,0
ORD-100915,Hyderabad,Lucknow,Electronics,12530.0,1352.2,Standard,Premium,Thursday,May,Clear,Medium,1,3,8.9,172.0,0
ORD-103453,Mumbai,Mumbai,Groceries,1520.0,40.8,Standard,Regular,Thursday,March,Clear,Low,5,1,9.8,95.0,0
ORD-103696,Delhi,Delhi,Books,700.0,36.0,Standard,Regular,Saturday,October,Rain,Medium,2,0,12.5,58.0,0
ORD-104243,Bengaluru,Chennai,Sports,32184.0,361.5,Express,Regular,Monday,September,Rain,Medium,7,1,32.8,263.0,1
ORD-103157,Mumbai,Hyderabad,Electronics,22797.0,769.7,Standard,Regular,Thursday,November,Clear,High,2,1,19.4,140.0,0
ORD-102199,Delhi,Hyderabad,Books,1104.0,1650.3,Standard,Regular,Tuesday,March,Cloudy,High,3,0,13.8,244.0,0
ORD-100775,Mumbai,Indore,Beauty,2182.0,670.8,Standard,New,Sunday,August,Rain,Medium,2,0,3.0,139.0,0
ORD-104426,Delhi,Hyderabad,Clothing,2958.0,1632.2,Express,New,Wednesday,September,Clear,High,2,0,10.5,337.0,0
ORD-100944,Delhi,Kochi,Beauty,1112.0,2617.8,Economy,New,Thursday,December,Cloudy,Medium,1,0,34.3,214.0,0
ORD-100823,Delhi,Hyderabad,Groceries,1053.0,1505.9,Economy,Regular,Monday,March,Clear,High,5,1,12.2,175.0,1
ORD-104278,Kolkata,Hyderabad,Home & Kitchen,2495.0,1481.7,Standard,Regular,Sunday,August,Clear,Low,1,1,12.4,159.0,0
ORD-100165,Bengaluru,Patna,Electronics,5477.0,2145.7,Economy,New,Wednesday,May,Clear,Medium,1,0,19.1,196.0,0
ORD-104548,Delhi,Delhi,Clothing,3681.0,25.9,Economy,New,Thursday,December,Fog,Low,3,1,22.5,72.0,1
ORD-103984,Delhi,Kochi,Beauty,1810.0,2527.0,Standard,Premium,Tuesday,June,Cloudy,Low,2,1,29.9,231.0,0
ORD-102539,Mumbai,Bengaluru,Beauty,3614.0,1046.2,Express,Premium,Wednesday,February,Cloudy,Medium,2,1,12.1,264.0,0
ORD-105781,Hyderabad,Bengaluru,Electronics,31872.0,652.3,Standard,Regular,Friday,January,Clear,High,1,0,12.5,144.0,0
ORD-101312,Hyderabad,Chennai,Sports,6323.0,653.1,Economy,Regular,Tuesday,September,Storm,Medium,1,0,18.9,108.0,1
ORD-105504,Chennai,Kochi,Beauty,8544.0,744.0,Standard,New,Wednesday,June,Rain,Medium,2,1,29.0,144.0,1
ORD-105046,Hyderabad,Mumbai,Groceries,5968.0,774.7,Express,Premium,Sunday,February,Storm,High,7,1,7.3,291.0,0
ORD-105623,Chennai,Hyderabad,Sports,1664.0,651.6,Priority,Regular,Friday,February,Fog,Medium,2,1,14.8,280.0,0
ORD-103301,Hyderabad,Mumbai,Beauty,3728.0,745.6,Priority,Regular,Wednesday,October,Cloudy,High,5,1,25.5,407.0,1
ORD-103311,Hyderabad,Chennai,Groceries,7571.0,638.5,Standard,New,Friday,April,Cloudy,High,9,0,9.9,211.0,0
ORD-100328,Bengaluru,Jaipur,Books,240.0,1918.9,Express,Regular,Wednesday,December,Clear,Low,1,1,23.2,380.0,0
ORD-102491,Hyderabad,Chandigarh,Furniture,23937.0,1959.9,Standard,New,Wednesday,October,Clear,Low,1,0,,249.0,0
ORD-105985,Chennai,Chandigarh,Beauty,994.0,2444.1,Standard,Regular,Tuesday,March,Clear,Medium,1,1,15.2,229.0,0
ORD-104409,Kolkata,Kolkata,Sports,6130.0,36.2,Standard,New,Thursday,July,Storm,High,4,0,9.5,110.0,1
ORD-100833,Delhi,Chennai,Electronics,7436.0,2144.5,Standard,Premium,Thursday,July,Rain,Medium,1,1,18.4,217.0,1
ORD-103080,Delhi,Delhi,Electronics,17087.0,11.3,Priority,Premium,Thursday,July,Rain,Low,2,1,16.4,150.0,0
ORD-103463,Mumbai,Chennai,Home & Kitchen,4927.0,1390.9,Economy,Regular,Sunday,December,Clear,High,1,0,36.6,161.0,0
ORD-105304,Delhi,Nagpur,Clothing,3097.0,1122.1,Standard,Premium,Saturday,January,Fog,High,2,0,14.5,132.0,0
ORD-100055,Chennai,Ahmedabad,Electronics,16199.0,1776.5,Economy,Regular,Monday,January,Clear,High,1,0,11.3,226.0,1
ORD-104065,Mumbai,Jaipur,Groceries,1060.0,1153.9,Economy,Regular,Tuesday,January,Cloudy,Low,7,1,18.9,156.0,0
ORD-103452,Bengaluru,Chennai,Beauty,1585.0,360.5,Standard,New,Wednesday,March,Cloudy,High,2,0,14.8,92.0,1
ORD-101902,Mumbai,Kochi,Books,1429.0,1389.8,Economy,Regular,Monday,November,Clear,Low,3,0,11.4,175.0,0
ORD-101482,Mumbai,Patna,Books,1167.0,1974.9,Express,Premium,Saturday,November,Storm,Medium,3,2,17.0,358.0,1
ORD-104874,Bengaluru,Chennai,Groceries,2097.0,353.8,Express,Premium,Sunday,April,Cloudy,Medium,5,0,,167.0,0
ORD-104151,Delhi,Hyderabad,Furniture,12991.0,1607.8,Economy,New,Friday,December,Cloudy,High,1,1,31.3,146.0,1
ORD-103336,Delhi,Mumbai,Clothing,2071.0,1505.2,Express,Regular,Tuesday,July,Rain,High,2,2,5.5,371.0,0
ORD-100947,Chennai,Lucknow,Furniture,12261.0,1960.4,Standard,New,Saturday,October,Clear,Low,1,0,38.0,292.0,0
ORD-103294,Bengaluru,Bengaluru,Groceries,1453.0,26.9,Priority,Premium,Monday,September,Rain,Low,7,0,12.4,248.0,0
ORD-102162,Delhi,Jaipur,Electronics,10088.0,283.4,Express,Regular,Thursday,September,Clear,Medium,2,3,20.4,154.0,0
ORD-105230,Delhi,Lucknow,Electronics,33879.0,508.6,Express,Regular,Thursday,February,Clear,High,3,0,8.6,286.0,0
ORD-103058,Mumbai,Visakhapatnam,Home & Kitchen,4062.0,1368.9,Standard,New,Monday,September,Rain,High,3,0,8.9,236.0,0
ORD-100769,Mumbai,Mumbai,Furniture,19598.0,30.3,Standard,Premium,Wednesday,July,Cloudy,High,1,2,20.0,70.0,0
ORD-105696,Delhi,Nagpur,Sports,1794.0,1067.2,Standard,Regular,Saturday,January,Clear,Medium,1,0,12.8,156.0,0
ORD-103496,Kolkata,Bhopal,Clothing,2673.0,1502.8,Standard,New,Sunday,May,Clear,Low,2,1,20.1,192.0,1
ORD-100286,Delhi,Jaipur,Beauty,1031.0,300.1,Standard,New,Sunday,October,Rain,Low,3,1,11.7,102.0,0
ORD-105987,Mumbai,Bengaluru,Books,1253.0,1036.4,Standard,Regular,Wednesday,September,Rain,Low,3,1,11.5,179.0,0
ORD-104525,Chennai,Patna,Sports,,1770.5,Standard,Regular,Tuesday,May,Cloudy,Low,4,1,7.3,273.0,1
ORD-105385,Delhi,Delhi,Home & Kitchen,4838.0,13.6,Express,Regular,Thursday,September,Cloudy,High,2,0,20.2,115.0,0
ORD-102333,Kolkata,Bengaluru,Clothing,2122.0,1889.5,Economy,Regular,Monday,December,Fog,High,1,0,22.9,187.0,1
ORD-102718,Hyderabad,Bengaluru,Home & Kitchen,2796.0,673.0,Standard,New,Tuesday,October,Clear,Medium,2,1,16.6,116.0,1
ORD-102080,Mumbai,Visakhapatnam,Groceries,1046.0,1426.9,Standard,Regular,Sunday,October,Clear,Low,2,1,5.8,186.0,0
ORD-103390,Delhi,Ahmedabad,Clothing,2478.0,1029.8,Standard,Premium,Tuesday,August,Clear,Low,1,0,10.1,129.0,0
ORD-100723,Mumbai,Hyderabad,Beauty,5089.0,747.3,Standard,Regular,Friday,August,Cloudy,High,3,2,8.3,155.0,0
ORD-100952,Delhi,Visakhapatnam,Beauty,2444.0,1660.4,Express,New,Saturday,September,Rain,Low,2,1,18.7,363.0,0
ORD-105273,Kolkata,Visakhapatnam,Home & Kitchen,9848.0,947.6,Standard,Regular,Tuesday,December,Cloudy,Low,2,0,44.7,155.0,1
ORD-102263,Bengaluru,Mumbai,Electronics,10420.0,948.7,Standard,Regular,Friday,March,Clear,High,4,0,12.2,177.0,0
ORD-100990,Kolkata,Bengaluru,Clothing,2131.0,1909.8,Standard,Regular,Tuesday,February,Cloudy,High,4,2,21.1,276.0,0
ORD-103213,Kolkata,Bhopal,Home & Kitchen,5321.0,1464.2,Economy,Regular,Thursday,March,Clear,Medium,2,0,11.4,165.0,0
ORD-101760,Hyderabad,Jaipur,Clothing,4724.0,1424.2,Priority,Regular,Monday,April,Rain,Low,3,1,11.6,452.0,0
ORD-104968,Delhi,Pune,Electronics,17840.0,1452.6,Standard,Premium,Sunday,October,Cloudy,Low,2,0,24.8,216.0,0
ORD-104423,Bengaluru,Hyderabad,Clothing,3532.0,575.8,Express,Regular,Tuesday,December,Cloudy,High,3,0,9.9,198.0,0
ORD-101725,Bengaluru,Nagpur,Books,1067.0,1164.7,Economy,Regular,Wednesday,June,Rain,High,3,2,8.8,159.0,1
ORD-100342,Hyderabad,Patna,Beauty,3152.0,1439.8,Express,Regular,Friday,August,Clear,Low,2,2,10.3,313.0,0
ORD-103702,Delhi,Bengaluru,Electronics,24668.0,2256.8,Standard,New,Saturday,October,Clear,Medium,4,2,29.9,312.0,0
ORD-104244,Bengaluru,Delhi,Clothing,7085.0,2138.5,Standard,Premium,Friday,August,Cloudy,Low,3,1,8.7,261.0,0
ORD-100689,Chennai,Jaipur,Beauty,2519.0,1845.3,Standard,New,Wednesday,August,Clear,Low,4,2,9.9,292.0,1
ORD-103433,Hyderabad,Kochi,Clothing,2021.0,1067.6,Standard,Regular,Sunday,July,Rain,High,1,1,26.0,148.0,1
ORD-100967,Hyderabad,Indore,Sports,2175.0,774.3,Standard,Regular,Thursday,February,Cloudy,Low,1,3,4.3,137.0,0
ORD-105722,Mumbai,Jaipur,Furniture,11552.0,1181.2,Standard,Regular,Monday,June,Rain,Medium,1,0,33.0,152.0,1
ORD-102204,Mumbai,Kochi,Beauty,1598.0,1316.2,Standard,New,Saturday,July,Rain,Medium,3,0,8.5,169.0,0
ORD-102714,Mumbai,Lucknow,Beauty,969.0,1622.7,Standard,Regular,Sunday,September,Clear,Medium,1,2,12.7,167.0,1
ORD-104758,Hyderabad,Hyderabad,Beauty,1024.0,27.5,Standard,Regular,Thursday,September,Rain,Low,2,2,7.5,64.0,0
ORD-105331,Kolkata,Kochi,Clothing,2673.0,2359.2,Express,Regular,Thursday,February,Clear,Medium,1,0,32.9,353.0,0
ORD-105775,Delhi,Chennai,Clothing,4353.0,2277.5,Standard,Regular,Tuesday,November,Rain,Low,3,2,16.1,269.0,1
ORD-103573,Delhi,Hyderabad,Groceries,2676.0,1484.6,Priority,Premium,Wednesday,January,Fog,Medium,11,1,5.3,532.0,1
ORD-104806,Chennai,Kochi,Home & Kitchen,3298.0,651.0,Standard,Regular,Wednesday,December,Fog,Medium,1,1,30.7,105.0,0
ORD-101991,Mumbai,Jaipur,Electronics,7360.0,1197.3,Economy,Regular,Saturday,June,Storm,Medium,1,1,29.5,109.0,1
ORD-104121,Hyderabad,Bengaluru,Beauty,1991.0,625.2,Standard,Regular,Saturday,October,Fog,Medium,3,1,20.7,127.0,0
ORD-104760,Hyderabad,Patna,Groceries,1158.0,1348.3,Economy,Regular,Monday,June,Rain,High,4,1,10.1,164.0,1
ORD-104963,Bengaluru,Visakhapatnam,Clothing,2872.0,998.2,Standard,New,Saturday,June,Rain,Low,3,0,5.1,155.0,0
ORD-105543,Bengaluru,Hyderabad,Electronics,58670.0,648.6,Standard,Regular,Sunday,May,Clear,Medium,2,0,10.6,223.0,0
ORD-105741,Chennai,Jaipur,Clothing,5674.0,1935.7,Priority,Premium,Monday,April,Cloudy,Medium,1,2,2.4,589.0,1
ORD-103601,Delhi,Indore,Clothing,8389.0,766.6,Express,Premium,Monday,October,Storm,Medium,3,0,13.7,214.0,0
ORD-105526,Hyderabad,Mumbai,Electronics,25836.0,792.4,Standard,Regular,Friday,October,Clear,Low,3,1,34.3,187.0,0
ORD-104895,Chennai,Kolkata,Sports,,1679.6,Economy,Regular,Wednesday,August,Clear,Medium,2,1,7.1,172.0,0
ORD-104987,Chennai,Bengaluru,Books,993.0,359.1,Express,Regular,Saturday,May,Cloudy,Low,2,1,17.9,138.0,0
ORD-100386,Hyderabad,Patna,Home & Kitchen,5462.0,1444.5,Express,Regular,Tuesday,September,Storm,Medium,2,4,2.2,331.0,1
ORD-105279,Mumbai,Delhi,Clothing,3143.0,1476.0,Express,Premium,Friday,July,Rain,High,4,1,14.4,388.0,1
ORD-105528,Mumbai,Lucknow,Clothing,2096.0,1498.1,Economy,Regular,Saturday,December,Fog,Low,2,1,13.8,151.0,0
ORD-100537,Bengaluru,Bengaluru,Clothing,5986.0,18.8,Express,New,Saturday,April,Cloudy,Medium,6,0,4.3,172.0,0
ORD-105651,Hyderabad,Hyderabad,Groceries,3495.0,10.0,Standard,Regular,Tuesday,November,Storm,Medium,5,1,19.3,105.0,0
ORD-104213,Bengaluru,Ahmedabad,Electronics,15067.0,1567.1,Express,Premium,Wednesday,June,Rain,Medium,4,0,25.2,399.0,0
ORD-103508,Kolkata,Chandigarh,Sports,2882.0,1909.0,Standard,Regular,Monday,May,Clear,Low,1,0,16.4,255.0,1
ORD-100202,Hyderabad,Hyderabad,Clothing,3391.0,35.8,Standard,New,Sunday,August,Rain,Medium,2,0,8.9,57.0,0
ORD-101333,Bengaluru,Delhi,Sports,2016.0,2270.6,Standard,Regular,Tuesday,October,Rain,Low,5,0,6.5,304.0,0
ORD-103503,Mumbai,Kolkata,Electronics,15311.0,2062.5,Economy,New,Saturday,June,Rain,High,1,0,30.9,187.0,1
ORD-102709,Mumbai,Ahmedabad,Clothing,5681.0,560.1,Express,Regular,Thursday,June,Storm,High,5,0,6.6,302.0,1
ORD-104663,Bengaluru,Visakhapatnam,Books,314.0,973.7,Standard,New,Sunday,July,Rain,Low,2,0,2.3,165.0,0
ORD-104022,Mumbai,Chennai,Groceries,1517.0,1342.5,Standard,Regular,Friday,December,Cloudy,Medium,4,3,9.8,188.0,1
ORD-101855,Kolkata,Chennai,Sports,6474.0,1615.2,Priority,Regular,Thursday,July,Rain,Medium,2,3,5.1,570.0,0
ORD-105412,Kolkata,Bengaluru,Home & Kitchen,4075.0,1962.7,Standard,Regular,Sunday,November,Clear,High,3,2,19.2,241.0,1
ORD-102873,Mumbai,Ahmedabad,Clothing,1389.0,513.4,Express,Premium,Wednesday,March,Cloudy,Low,4,1,9.8,224.0,0
ORD-103031,Kolkata,Delhi,Electronics,8173.0,1645.1,Priority,Premium,Monday,April,Rain,Medium,2,1,17.3,483.0,1
ORD-101206,Mumbai,Delhi,Electronics,7637.0,1488.4,Economy,Premium,Sunday,June,Rain,Medium,1,0,23.6,139.0,1
ORD-101646,Bengaluru,Chennai,Electronics,8728.0,366.7,Standard,New,Thursday,September,Clear,Low,1,1,19.8,86.0,0
ORD-103418,Kolkata,Lucknow,Sports,3218.0,1111.4,Standard,New,Tuesday,October,Storm,Medium,2,0,14.8,151.0,1
ORD-103477,Kolkata,Jaipur,Clothing,2859.0,1625.4,Economy,New,Sunday,April,Clear,High,2,0,12.2,156.0,1
ORD-102862,Bengaluru,Delhi,Clothing,2611.0,2154.2,Economy,Regular,Monday,December,Fog,High,2,0,15.3,197.0,1
ORD-101793,Mumbai,Chandigarh,Electronics,28089.0,1636.8,Express,New,Thursday,April,Clear,High,2,0,13.2,421.0,0
ORD-103798,Kolkata,Chennai,Sports,2570.0,1723.5,Standard,Regular,Thursday,May,Clear,High,2,2,12.3,261.0,0
ORD-103369,Mumbai,Mumbai,Home & Kitchen,2666.0,19.0,Economy,Regular,Tuesday,June,Cloudy,Medium,3,2,16.2,64.0,0
ORD-103368,Chennai,Mumbai,Beauty,1955.0,1201.2,Standard,New,Friday,February,Cloudy,High,4,0,17.9,185.0,0
ORD-103534,Mumbai,Hyderabad,Sports,6774.0,718.8,Express,Regular,Sunday,October,Clear,Medium,2,1,24.8,243.0,0
ORD-105310,Delhi,Chennai,Sports,8832.0,2312.3,Standard,New,Tuesday,December,Clear,Low,2,0,16.4,290.0,0
ORD-103450,Kolkata,Delhi,Electronics,5559.0,1655.6,Standard,Regular,Tuesday,February,Fog,High,3,0,14.7,213.0,1
ORD-100604,Chennai,Bhopal,Electronics,6655.0,1450.5,Economy,Regular,Monday,August,Clear,Medium,2,0,12.0,158.0,0
ORD-103057,Bengaluru,Kolkata,Electronics,34512.0,1934.6,Economy,Premium,Thursday,January,Cloudy,Medium,2,1,29.8,228.0,1
ORD-105384,Mumbai,Indore,Books,878.0,597.1,Priority,Regular,Saturday,March,Fog,Low,3,2,16.8,291.0,0
ORD-100127,Delhi,Chennai,Electronics,11590.0,2227.1,Express,Regular,Thursday,December,Clear,High,2,0,33.9,355.0,1
ORD-103877,Mumbai,Mumbai,Home & Kitchen,2179.0,41.3,Standard,New,Sunday,June,Clear,Medium,1,0,23.0,50.0,0
ORD-102936,Bengaluru,Visakhapatnam,Clothing,2335.0,995.8,Express,Regular,Saturday,May,Clear,,3,1,19.0,301.0,0
ORD-104452,Hyderabad,Patna,Sports,6500.0,1409.5,Priority,Premium,Thursday,January,Fog,Medium,3,1,16.6,411.0,0
ORD-103532,Mumbai,Kolkata,Sports,2609.0,2081.5,Standard,Regular,Saturday,December,Rain,Medium,2,0,11.7,,1
ORD-102731,Mumbai,Chennai,Sports,3440.0,1306.1,Express,New,Thursday,February,Clear,Medium,3,2,,317.0,0
ORD-100828,Delhi,Nagpur,Clothing,1631.0,1055.3,Standard,New,Monday,April,Clear,Medium,3,0,6.7,166.0,0
ORD-101640,Chennai,Delhi,Books,875.0,2262.6,Priority,Premium,Wednesday,October,Clear,Low,3,0,22.3,483.0,0
ORD-100985,Mumbai,Coimbatore,Furniture,30053.0,1285.6,Standard,Regular,Monday,April,Clear,Low,1,4,28.8,197.0,1
ORD-103282,Mumbai,Visakhapatnam,Furniture,17186.0,1350.8,Standard,Regular,Thursday,March,Clear,Medium,1,0,21.2,176.0,0
ORD-103708,Chennai,Pune,Clothing,8445.0,1109.1,Priority,Premium,Wednesday,August,Clear,Low,2,1,7.0,311.0,0
ORD-102189,Delhi,Kochi,Beauty,1593.0,2571.9,Economy,New,Monday,October,Clear,Medium,2,0,14.8,254.0,1
ORD-105578,Chennai,Chennai,Groceries,3521.0,8.4,Standard,New,Monday,November,Cloudy,,6,1,22.2,124.0,0
ORD-102444,Bengaluru,Delhi,Clothing,3462.0,2221.2,Economy,Regular,Friday,October,Cloudy,High,1,0,25.3,171.0,1
ORD-100363,Mumbai,Indore,Electronics,9821.0,646.8,Standard,Premium,Sunday,September,Rain,,1,2,20.2,102.0,0
ORD-102350,Mumbai,Bengaluru,Electronics,13596.0,1064.8,Express,Premium,Saturday,September,Cloudy,Low,3,0,17.4,264.0,0
ORD-100346,Kolkata,Kolkata,Clothing,4757.0,23.5,Standard,New,Saturday,September,Rain,High,3,1,8.8,83.0,0
ORD-100815,Mumbai,Indore,Furniture,7147.0,664.7,Priority,Premium,Friday,January,Cloudy,Medium,2,0,40.1,205.0,0
ORD-104808,Bengaluru,Coimbatore,Groceries,2410.0,303.5,Standard,New,Friday,October,Clear,Low,7,0,8.0,154.0,0
ORD-103206,Delhi,Nagpur,Home & Kitchen,5191.0,1092.7,Standard,Regular,Friday,July,Rain,Medium,1,0,12.4,135.0,0
ORD-105027,Delhi,Ahmedabad,Clothing,1435.0,928.2,Economy,Regular,Saturday,January,Clear,Low,1,0,19.6,108.0,1
ORD-105806,Chennai,Kolkata,Beauty,874.0,1828.3,Express,Regular,Saturday,November,Clear,Low,4,1,25.3,409.0,0
ORD-103326,Kolkata,Indore,Groceries,3579.0,1629.1,Standard,Regular,Sunday,September,Rain,High,7,2,28.0,275.0,1
ORD-104107,Chennai,Coimbatore,Furniture,22914.0,546.7,Standard,Regular,Friday,May,Cloudy,Medium,1,0,15.4,157.0,0
ORD-102117,Delhi,Jaipur,Beauty,2379.0,323.0,Express,Regular,Wednesday,December,Clear,Medium,4,0,25.0,193.0,0
ORD-101835,Mumbai,Kochi,Beauty,306.0,1477.6,Economy,Regular,Sunday,November,Clear,Low,2,0,8.4,154.0,0
ORD-100794,Mumbai,Jaipur,Electronics,7153.0,1164.7,Economy,New,Tuesday,December,Clear,Low,1,0,45.9,128.0,1
ORD-105996,Delhi,Mumbai,Beauty,1269.0,1419.7,Priority,Premium,Friday,April,Clear,Medium,1,0,10.1,394.0,0
ORD-102675,Bengaluru,Bhopal,Groceries,3676.0,1411.1,Standard,Regular,Thursday,June,Rain,Medium,6,1,3.8,192.0,0
ORD-100095,Delhi,Visakhapatnam,Electronics,13880.0,1604.9,Standard,Regular,Thursday,January,Fog,Medium,2,0,9.2,213.0,0
ORD-104226,Kolkata,Lucknow,Clothing,2856.0,1084.5,Standard,Regular,Tuesday,September,Cloudy,Low,2,2,9.5,156.0,0
ORD-103757,Delhi,Lucknow,Groceries,1669.0,556.1,Express,Regular,Sunday,September,Rain,Low,7,0,19.2,304.0,0
ORD-102892,Hyderabad,Kolkata,Clothing,7935.0,1471.2,Standard,Regular,Sunday,June,Clear,Medium,2,1,10.6,200.0,0
ORD-102372,Delhi,Jaipur,Electronics,93437.0,303.1,Priority,Regular,Monday,June,Rain,High,4,2,12.7,562.0,0
ORD-105014,Chennai,Chennai,Beauty,1275.0,31.1,Economy,New,Sunday,January,Rain,High,2,1,6.0,53.0,1
ORD-105364,Hyderabad,Coimbatore,Clothing,5685.0,967.7,Express,Regular,Friday,February,,Medium,3,0,7.3,277.0,0
ORD-103229,Chennai,Mumbai,Home & Kitchen,7462.0,1287.1,Express,Premium,Saturday,November,Fog,Medium,1,0,13.4,236.0,0
ORD-105396,Delhi,Kolkata,Home & Kitchen,7992.0,1572.4,Economy,Regular,Sunday,June,Rain,Medium,2,0,10.7,163.0,0
ORD-102854,Delhi,Kochi,Groceries,2971.0,2650.5,Standard,Regular,Friday,December,Fog,Medium,6,0,11.0,332.0,0
ORD-102913,Bengaluru,Kochi,Sports,2130.0,467.8,Standard,Regular,Monday,October,Clear,Low,3,0,18.8,146.0,0
ORD-101866,Kolkata,Hyderabad,Home & Kitchen,11019.0,1511.1,Economy,Regular,Friday,June,Cloudy,High,4,1,13.2,174.0,1
ORD-104613,Chennai,Patna,Clothing,2766.0,1829.9,Express,Regular,Sunday,May,Cloudy,Low,3,0,11.0,324.0,0
ORD-101858,Delhi,Chennai,Electronics,,2140.1,Economy,Regular,Wednesday,April,Clear,Medium,2,2,17.7,242.0,1
ORD-102646,Hyderabad,Delhi,Clothing,810.0,1648.0,Standard,Premium,Saturday,January,Fog,Medium,1,0,11.6,172.0,0
ORD-102244,Delhi,Delhi,Electronics,14605.0,16.8,Standard,Premium,Monday,July,Rain,High,2,1,27.4,79.0,0
ORD-102337,Kolkata,Mumbai,Electronics,7183.0,2059.7,Economy,New,Tuesday,September,Rain,High,1,0,24.2,186.0,1
ORD-100951,Bengaluru,Kochi,Groceries,3813.0,430.5,Standard,Regular,Wednesday,April,Fog,High,9,1,18.7,171.0,0
ORD-103069,Chennai,Kolkata,Clothing,2542.0,1750.0,Express,New,Monday,July,Storm,Low,2,0,10.4,324.0,1
ORD-101121,Chennai,Delhi,Electronics,7368.0,2298.2,Standard,Regular,Saturday,June,Rain,High,3,0,8.2,257.0,0
ORD-102598,Delhi,Kolkata,Sports,1156.0,1515.3,Standard,Regular,Sunday,October,Cloudy,Low,1,1,20.1,212.0,0
ORD-102205,Delhi,Coimbatore,Beauty,800.0,2407.3,Express,Premium,Thursday,August,Rain,Low,1,1,10.7,326.0,1
ORD-100420,Hyderabad,Kolkata,Electronics,18283.0,1471.8,Standard,New,Saturday,October,Cloudy,High,5,0,14.4,268.0,0
ORD-100923,Bengaluru,Hyderabad,Beauty,2368.0,583.1,Standard,New,Tuesday,February,Clear,High,3,0,4.7,135.0,0
ORD-101255,Mumbai,Indore,Clothing,4236.0,659.1,Standard,Regular,Saturday,June,Rain,Low,2,1,17.5,117.0,0
ORD-100478,Bengaluru,Hyderabad,Home & Kitchen,3131.0,597.9,Standard,Premium,Monday,November,,High,1,0,16.1,89.0,0
ORD-102036,Kolkata,Nagpur,Clothing,1624.0,1235.0,Standard,New,Sunday,September,Rain,Low,2,0,20.8,201.0,1
ORD-101203,Kolkata,Ahmedabad,Groceries,2856.0,2118.8,Priority,Premium,Friday,November,Clear,High,6,0,12.8,563.0,0
ORD-102627,Bengaluru,Coimbatore,Sports,6573.0,288.8,Economy,New,Wednesday,November,Clear,Medium,5,1,22.1,93.0,1
ORD-105831,Chennai,Bhopal,Electronics,55837.0,1426.2,Express,Premium,Wednesday,January,Clear,Medium,4,1,49.8,434.0,0
ORD-101971,Delhi,Kolkata,Clothing,5890.0,1604.3,Standard,New,Saturday,March,Clear,Low,8,0,13.1,326.0,0
ORD-103111,Delhi,Visakhapatnam,Home & Kitchen,2957.0,1697.3,Standard,New,Wednesday,February,Cloudy,Medium,2,0,41.2,243.0,1
ORD-104019,Mumbai,Chennai,Groceries,1260.0,1369.7,Priority,Premium,Friday,August,Cloudy,Medium,9,2,7.3,514.0,0
ORD-102152,Mumbai,Indore,Electronics,8327.0,680.3,Standard,Regular,Friday,December,Fog,Low,1,0,24.0,138.0,0
ORD-103688,Hyderabad,Nagpur,Electronics,18174.0,525.6,Standard,Regular,Sunday,June,Cloudy,Low,1,1,17.9,113.0,0
ORD-104917,Chennai,Hyderabad,Sports,12049.0,655.4,Standard,Regular,Wednesday,November,Cloudy,High,4,0,14.9,171.0,0
ORD-101998,Delhi,Hyderabad,Sports,5021.0,1546.1,Economy,Regular,Sunday,July,Cloudy,High,2,2,12.7,143.0,1
ORD-104034,Bengaluru,Bengaluru,Electronics,16372.0,19.2,Economy,Regular,Thursday,November,Rain,Medium,1,1,13.6,57.0,0
ORD-105943,Mumbai,Chennai,Clothing,3370.0,1342.8,Economy,New,Saturday,June,Rain,Medium,4,0,8.5,178.0,0
ORD-103055,Bengaluru,Nagpur,Sports,5558.0,1182.0,Economy,Regular,Tuesday,April,Cloudy,Medium,1,1,13.1,111.0,0
ORD-101249,Hyderabad,Mumbai,Beauty,877.0,764.3,Express,Regular,Tuesday,November,Rain,High,2,1,13.5,198.0,0
ORD-102193,Chennai,Bengaluru,Electronics,6499.0,387.1,Express,Regular,Sunday,September,Clear,Medium,1,3,16.6,146.0,0
ORD-102713,Delhi,Mumbai,Sports,9336.0,1409.3,Standard,New,Monday,March,Clear,Low,3,1,8.0,216.0,0
ORD-100993,Kolkata,Patna,Books,618.0,558.1,Economy,Regular,Thursday,March,Rain,Low,5,2,14.1,94.0,0
ORD-102191,Mumbai,Kolkata,Groceries,1813.0,2013.5,Standard,Regular,Sunday,October,Cloudy,High,4,0,1.0,242.0,0
ORD-104671,Mumbai,Chandigarh,Furniture,10448.0,1658.6,Standard,New,Wednesday,October,Clear,High,1,0,29.1,196.0,1
ORD-103763,Mumbai,Lucknow,Sports,2308.0,1426.0,Standard,Regular,Monday,August,Rain,Medium,2,0,10.9,215.0,1
ORD-103598,Hyderabad,Delhi,Furniture,7758.0,1514.1,Standard,Premium,Monday,December,Fog,Medium,1,0,27.8,172.0,1
ORD-104712,Delhi,Hyderabad,Sports,3101.0,1667.1,Priority,Premium,Tuesday,September,Cloudy,High,2,1,23.8,456.0,1
ORD-101319,Chennai,Hyderabad,Home & Kitchen,15282.0,606.5,Economy,Regular,Tuesday,April,Clear,High,4,0,13.3,167.0,0
ORD-101864,Bengaluru,Hyderabad,Electronics,80774.0,674.8,Express,Premium,Wednesday,December,Clear,High,2,0,8.2,362.0,0
ORD-102344,Delhi,Delhi,Electronics,7057.0,22.3,Priority,Regular,Sunday,June,Rain,Medium,2,0,11.9,165.0,0
ORD-102450,Bengaluru,Mumbai,Groceries,2057.0,1046.4,Standard,New,Monday,May,Cloudy,Low,3,2,11.7,168.0,0
ORD-102137,Delhi,Jaipur,Groceries,659.0,297.1,Standard,New,Wednesday,October,Clear,High,2,0,19.6,82.0,0
ORD-101066,Hyderabad,Mumbai,Home & Kitchen,5139.0,805.9,Standard,New,Monday,May,Cloudy,Medium,2,1,17.8,139.0,0
ORD-105303,Chennai,Visakhapatnam,Groceries,1280.0,727.6,Express,Regular,Wednesday,December,Clear,High,3,0,8.8,265.0,0
ORD-104228,Mumbai,Bengaluru,Groceries,1468.0,1035.2,Standard,Regular,Monday,March,Cloudy,Low,4,2,8.7,171.0,0
ORD-102622,Hyderabad,Kochi,Groceries,2248.0,1080.2,Express,Premium,Friday,November,Rain,Low,6,0,6.1,291.0,0
ORD-100078,Chennai,Delhi,Books,1670.0,2244.1,Express,Premium,Saturday,October,Storm,Medium,2,0,29.9,402.0,1
ORD-102899,Chennai,Coimbatore,Electronics,13094.0,540.8,Standard,Regular,Sunday,November,Clear,Medium,2,2,10.7,118.0,1
ORD-104821,Chennai,Pune,Electronics,12329.0,1078.4,Economy,New,Thursday,October,Clear,Medium,1,0,17.0,103.0,0
ORD-101315,Mumbai,Coimbatore,Sports,2069.0,1211.5,Standard,Regular,Friday,September,,Medium,1,0,16.3,152.0,1
ORD-105282,Delhi,Kochi,Groceries,583.0,2488.7,Express,Premium,Tuesday,November,Clear,Medium,3,1,20.4,421.0,0
ORD-100873,Hyderabad,Hyderabad,Furniture,11882.0,8.9,Economy,New,Sunday,November,Clear,High,1,1,21.7,47.0,1
ORD-103851,Delhi,Chennai,Home & Kitchen,3018.0,2125.3,Express,New,Thursday,March,Clear,Medium,1,1,36.3,399.0,1
ORD-105796,Chennai,Lucknow,Electronics,29451.0,1833.3,Economy,Regular,Sunday,December,Fog,Low,2,1,69.9,191.0,1
ORD-102966,Bengaluru,Chandigarh,Electronics,9898.0,2255.2,Economy,Regular,Tuesday,June,Clear,Low,2,1,16.6,216.0,0
ORD-103392,Chennai,Nagpur,Electronics,18311.0,1167.7,Standard,Regular,Saturday,November,Clear,High,3,5,42.0,202.0,1
ORD-102561,Bengaluru,Coimbatore,Clothing,2263.0,284.2,Economy,New,Friday,January,Clear,High,2,0,29.9,80.0,1
ORD-105936,Bengaluru,Kolkata,Sports,4268.0,1849.3,Standard,Premium,Sunday,March,Clear,Low,3,0,15.3,233.0,1
ORD-102636,Delhi,Hyderabad,Furniture,38755.0,1632.5,Priority,Premium,Friday,December,Fog,Medium,2,1,43.3,489.0,1
ORD-103531,Mumbai,Indore,Groceries,2375.0,670.9,Standard,Regular,Saturday,March,Rain,Medium,3,3,,,0
ORD-100376,Mumbai,Chandigarh,Clothing,1397.0,1722.2,Standard,New,Saturday,November,Clear,Medium,1,1,8.6,208.0,0
ORD-101909,Kolkata,Indore,Books,1338.0,1607.5,Economy,New,Sunday,November,Clear,High,1,0,35.4,144.0,1
ORD-104430,Mumbai,Kochi,Home & Kitchen,2844.0,1421.4,Express,Regular,Thursday,March,Fog,Low,4,0,15.4,306.0,1
ORD-105867,Kolkata,Delhi,Groceries,2724.0,1639.0,Economy,New,Saturday,April,Cloudy,High,5,1,25.2,188.0,1
ORD-105291,Delhi,Nagpur,Clothing,2177.0,1059.5,Priority,Premium,Sunday,January,Clear,Medium,2,1,29.8,296.0,0
ORD-104028,Chennai,Bhopal,Home & Kitchen,7789.0,1422.2,Economy,New,Monday,November,Clear,Medium,3,0,15.1,176.0,1
ORD-101605,Delhi,Patna,Electronics,9884.0,1158.9,Express,Regular,Saturday,June,Clear,Low,1,0,14.7,315.0,0
ORD-101119,Delhi,Chennai,Sports,3705.0,2231.9,Standard,New,Thursday,May,Clear,High,3,0,18.6,280.0,1
ORD-103678,Bengaluru,Kolkata,Home & Kitchen,6019.0,1970.1,Standard,Regular,Wednesday,July,Cloudy,,2,0,16.1,248.0,0
ORD-103491,Bengaluru,Delhi,Clothing,3103.0,2249.9,Economy,New,Friday,July,Rain,Medium,2,1,29.6,181.0,1
ORD-105895,Mumbai,Ahmedabad,Clothing,2066.0,581.7,Standard,Regular,Saturday,October,Clear,High,4,1,29.0,117.0,1
ORD-102959,Delhi,Ahmedabad,Groceries,751.0,974.0,Priority,Premium,Friday,March,Fog,Medium,3,0,14.6,336.0,0
ORD-101995,Bengaluru,Bengaluru,Clothing,5719.0,22.1,Standard,Regular,Saturday,March,Rain,Medium,3,0,23.9,79.0,0
ORD-101169,Kolkata,Indore,Books,571.0,1575.1,Economy,Regular,Wednesday,July,Cloudy,Low,2,0,11.8,172.0,0
ORD-105257,Bengaluru,Chennai,Home & Kitchen,5320.0,363.0,Economy,Regular,Wednesday,June,Rain,Low,3,3,9.9,100.0,0
ORD-102377,Kolkata,Lucknow,Beauty,1346.0,1183.9,Standard,New,Monday,August,Clear,Medium,3,0,16.7,187.0,0
ORD-101343,Bengaluru,Patna,Home & Kitchen,4151.0,2143.4,Standard,Regular,Sunday,September,Cloudy,Low,2,1,31.6,279.0,1
ORD-100321,Hyderabad,Chennai,Clothing,1876.0,595.2,Standard,Regular,Wednesday,May,Rain,Low,1,1,12.8,113.0,0
ORD-101620,Mumbai,Nagpur,Beauty,1080.0,835.0,Priority,Premium,Sunday,October,Rain,Low,1,0,17.1,288.0,0
ORD-103714,Chennai,Mumbai,Furniture,8580.0,1217.6,Priority,Premium,Tuesday,May,Clear,Medium,1,2,24.0,343.0,0
ORD-102061,Hyderabad,Kolkata,Books,520.0,1523.8,Express,Premium,Friday,November,Rain,Medium,1,0,13.2,305.0,0
ORD-102220,Delhi,Mumbai,Groceries,3622.0,1489.0,Standard,Regular,Tuesday,February,Rain,Low,7,2,9.9,231.0,0
ORD-101674,Mumbai,Delhi,Electronics,28247.0,1369.1,Standard,Regular,Thursday,January,Cloudy,High,5,1,12.1,287.0,0
ORD-100261,Mumbai,Patna,Groceries,3259.0,1746.9,Economy,New,Wednesday,February,Fog,Low,8,1,17.8,247.0,0
ORD-105343,Kolkata,Coimbatore,Clothing,8260.0,2243.3,Standard,Regular,Friday,September,Cloudy,High,3,1,16.5,283.0,1
ORD-102040,Kolkata,Nagpur,Clothing,1254.0,1230.6,Standard,Regular,Wednesday,March,Clear,High,5,0,8.0,180.0,0
ORD-104786,Kolkata,Nagpur,Electronics,40263.0,1161.8,Express,Regular,Thursday,December,Clear,Medium,3,0,14.6,345.0,1
ORD-100902,Delhi,Indore,Sports,3863.0,828.6,Economy,New,Friday,December,Clear,Low,3,1,18.5,99.0,1
ORD-103745,Mumbai,Mumbai,Clothing,1219.0,10.9,Express,Regular,Tuesday,March,Cloudy,Medium,2,1,16.1,97.0,0
ORD-102027,Kolkata,Delhi,Clothing,1234.0,1655.4,Standard,New,Monday,January,Fog,High,4,1,21.0,267.0,1
ORD-104235,Mumbai,Mumbai,Books,1249.0,44.4,Economy,Regular,Sunday,January,Clear,Medium,1,0,13.5,39.0,0
ORD-101918,Chennai,Bengaluru,Home & Kitchen,1385.0,378.1,Economy,Regular,Saturday,June,Rain,High,1,0,15.4,62.0,0
ORD-101829,Hyderabad,Mumbai,Sports,,773.4,Economy,Regular,Friday,October,Clear,Medium,2,0,32.7,102.0,0
ORD-101574,Kolkata,Delhi,Sports,2879.0,1694.8,Standard,Premium,Friday,July,Storm,Medium,1,1,23.8,185.0,0
ORD-104416,Kolkata,Visakhapatnam,Clothing,3749.0,926.5,Standard,Regular,Sunday,January,Clear,Medium,6,0,7.1,167.0,0
ORD-104750,Mumbai,Bhopal,Electronics,24917.0,861.1,Standard,Regular,Thursday,August,Clear,Low,3,2,6.1,194.0,0
ORD-105311,Delhi,Delhi,Clothing,4048.0,34.1,Express,Regular,Saturday,December,Cloudy,High,4,0,5.9,150.0,0
ORD-104655,Delhi,Delhi,Clothing,3200.0,11.2,Standard,Regular,Saturday,April,Clear,Low,5,0,5.0,98.0,0
ORD-104209,Bengaluru,Chennai,Books,839.0,378.8,Standard,Regular,Friday,January,Clear,Medium,2,1,6.0,98.0,0
ORD-104628,Delhi,Bengaluru,Clothing,3930.0,2205.3,Standard,New,Saturday,December,Fog,Low,4,1,14.9,302.0,1
ORD-100225,Delhi,Indore,Clothing,6667.0,833.1,Express,Premium,Saturday,December,Cloudy,Medium,2,0,22.7,182.0,1
ORD-100724,Hyderabad,Bhopal,Electronics,19288.0,827.0,Standard,New,Monday,August,Clear,High,1,0,17.5,156.0,1
ORD-105432,Bengaluru,Ahmedabad,Groceries,2481.0,1541.8,Standard,Regular,Saturday,August,Cloudy,High,2,0,5.5,190.0,0
ORD-101142,Kolkata,Lucknow,Clothing,5722.0,1026.4,Standard,New,Monday,June,Rain,High,3,0,21.9,203.0,0
ORD-102763,Mumbai,Chennai,Home & Kitchen,3116.0,1272.7,Economy,Regular,Monday,July,Rain,Medium,2,1,7.7,169.0,0
ORD-100847,Delhi,Chennai,Books,287.0,2038.5,Economy,Regular,Sunday,April,Clear,Medium,1,0,5.7,203.0,0
ORD-104290,Bengaluru,Bhopal,Sports,2718.0,1388.5,Standard,Regular,Thursday,June,Rain,Medium,2,2,10.7,196.0,0
ORD-105043,Delhi,Lucknow,Groceries,1606.0,514.7,Priority,Premium,Monday,November,Storm,Low,8,1,29.8,325.0,0
ORD-102552,Bengaluru,Kolkata,Sports,2196.0,1989.5,Standard,Regular,Friday,October,Cloudy,High,2,2,9.2,239.0,1
ORD-102929,Delhi,Delhi,Books,1176.0,24.9,Standard,Regular,Tuesday,October,Clear,High,3,1,21.5,62.0,0
ORD-100118,Chennai,Bhopal,Groceries,2888.0,1382.8,Standard,Regular,Tuesday,July,Rain,Medium,5,1,6.5,231.0,1
ORD-100646,Kolkata,Bengaluru,Electronics,26247.0,1830.5,Standard,Premium,Saturday,January,Clear,Low,2,0,41.3,203.0,1
ORD-100004,Chennai,Bhopal,Sports,3518.0,1572.3,Express,Premium,Thursday,April,Cloudy,High,3,1,25.6,337.0,1
ORD-104171,Hyderabad,Indore,Groceries,3094.0,794.6,Standard,Regular,Thursday,October,Storm,Low,9,0,1.0,217.0,1
ORD-100468,Hyderabad,Lucknow,Clothing,6531.0,1397.4,Economy,Regular,Friday,December,Fog,High,2,0,22.5,160.0,1
ORD-100006,Hyderabad,Hyderabad,Beauty,4255.0,17.4,Economy,New,Thursday,February,Fog,Low,3,1,13.4,63.0,1
ORD-100920,Bengaluru,Kochi,Electronics,5131.0,459.2,Economy,Regular,Thursday,August,Clear,Low,1,1,9.2,70.0,0
ORD-102596,Hyderabad,Mumbai,Sports,9699.0,761.4,Standard,Premium,Thursday,October,Fog,Medium,2,2,4.6,175.0,0
ORD-104325,Mumbai,Chennai,Sports,4880.0,1200.4,Standard,Regular,Saturday,December,Fog,Low,2,2,13.0,162.0,0
ORD-101064,Chennai,Bengaluru,Clothing,1661.0,352.0,Standard,Regular,Sunday,March,Rain,Low,3,0,10.1,97.0,0
ORD-102591,Kolkata,Indore,Electronics,10029.0,1588.5,Express,Regular,Friday,April,Cloudy,Medium,2,0,13.1,341.0,1
ORD-100243,Delhi,Ahmedabad,Books,797.0,950.0,Priority,Premium,Thursday,June,Rain,Medium,1,1,23.1,270.0,0
ORD-105264,Hyderabad,Chennai,Clothing,2377.0,691.6,Economy,Regular,Thursday,November,Rain,High,2,0,2.8,118.0,1
ORD-101161,Mumbai,Kochi,Beauty,,1272.6,Express,Premium,Monday,March,Clear,Medium,6,1,13.7,266.0,0
ORD-102871,Chennai,Jaipur,Sports,1807.0,1937.5,Economy,New,Wednesday,May,Clear,Low,1,0,8.8,214.0,0
ORD-103736,Hyderabad,Kochi,Electronics,25390.0,1155.4,Express,Premium,Monday,September,Rain,High,2,1,14.2,313.0,1
ORD-102398,Mumbai,Mumbai,Electronics,39850.0,12.9,Standard,Regular,Thursday,October,Clear,Medium,2,1,28.4,120.0,0
ORD-103518,Mumbai,Delhi,Home & Kitchen,2504.0,1313.7,Express,Premium,Friday,July,Clear,Low,3,1,14.2,277.0,0
ORD-103422,Delhi,Ahmedabad,Clothing,6064.0,943.8,Economy,Regular,Saturday,November,Fog,Low,4,1,35.8,144.0,0
ORD-102564,Bengaluru,Chennai,Groceries,1734.0,341.8,Standard,Premium,Sunday,July,Cloudy,High,6,2,4.0,127.0,0
ORD-101606,Delhi,Visakhapatnam,Beauty,664.0,1679.7,Express,Premium,Sunday,August,Cloudy,High,2,2,14.3,281.0,0
ORD-105843,Delhi,Kolkata,Sports,5815.0,1665.4,Standard,New,Thursday,December,Clear,Medium,1,1,9.1,246.0,1
ORD-102325,Delhi,Nagpur,Electronics,24690.0,1088.1,Economy,New,Sunday,October,Clear,Medium,2,1,21.3,137.0,1
ORD-102710,Chennai,Delhi,Electronics,13791.0,1980.0,Standard,Regular,Tuesday,November,Rain,Medium,3,1,32.7,300.0,0
ORD-105317,Mumbai,Delhi,Groceries,3513.0,1534.2,Standard,Premium,Tuesday,June,Rain,Medium,7,0,5.4,204.0,0
ORD-101313,Bengaluru,Delhi,Beauty,2075.0,2100.5,Standard,New,Sunday,November,Clear,Medium,3,0,9.5,277.0,1
ORD-103449,Delhi,Chennai,Clothing,7460.0,2211.5,Economy,Regular,Friday,November,Clear,Medium,7,0,26.7,237.0,1
ORD-103813,Bengaluru,Kolkata,Electronics,31924.0,1828.4,Express,Regular,Friday,October,Cloudy,High,4,2,10.4,481.0,1
ORD-105635,Mumbai,Hyderabad,Home & Kitchen,5596.0,758.6,Priority,Premium,Wednesday,September,Clear,High,4,0,5.7,294.0,0
ORD-102363,Bengaluru,Hyderabad,Sports,1942.0,646.2,Standard,Regular,Monday,August,Clear,High,1,2,23.0,96.0,1
ORD-101976,Mumbai,Patna,Home & Kitchen,6048.0,1833.9,Priority,Premium,Friday,February,Clear,Medium,2,0,11.6,535.0,0
ORD-103515,Hyderabad,Chandigarh,Clothing,9378.0,1968.4,Economy,Regular,Sunday,June,Rain,Low,5,1,14.6,269.0,0
ORD-101762,Mumbai,Pune,Clothing,960.0,151.2,Economy,New,Sunday,November,Storm,Medium,3,1,,79.0,0
ORD-102740,Bengaluru,Kolkata,Beauty,2263.0,1892.4,Standard,New,Thursday,March,Cloudy,Medium,2,0,14.2,220.0,0
ORD-105642,Kolkata,Bengaluru,Groceries,4616.0,1875.9,Standard,New,Monday,May,Clear,Medium,7,0,6.3,325.0,0
ORD-102473,Chennai,Delhi,Home & Kitchen,1741.0,2242.5,Priority,New,Tuesday,May,Cloudy,High,1,0,35.2,594.0,1
ORD-104008,Mumbai,Visakhapatnam,Clothing,1777.0,1315.2,Express,Regular,Tuesday,January,Clear,Medium,3,0,14.1,306.0,0
ORD-104719,Bengaluru,Ahmedabad,Electronics,7695.0,1513.3,Priority,Premium,Tuesday,February,Fog,High,1,0,11.7,411.0,0
ORD-101494,Kolkata,Bengaluru,Clothing,3138.0,1951.7,Standard,Regular,Sunday,November,Clear,High,3,1,23.2,281.0,1
ORD-104207,Mumbai,Indore,Beauty,2417.0,630.2,Economy,New,Saturday,October,Clear,High,3,0,6.1,124.0,1
ORD-102159,Delhi,Chennai,Sports,948.0,2169.4,Priority,Premium,Wednesday,December,Fog,Medium,2,3,13.6,647.0,0
ORD-101170,Mumbai,Ahmedabad,Furniture,25603.0,544.9,Express,Regular,Friday,May,Clear,High,1,0,29.1,218.0,0
ORD-105469,Bengaluru,Mumbai,Groceries,2852.0,970.4,Express,Premium,Monday,April,Rain,High,5,2,23.2,288.0,0
ORD-100233,Hyderabad,Mumbai,Furniture,13177.0,785.9,Standard,New,Friday,December,Fog,High,1,0,25.8,129.0,1
ORD-100067,Bengaluru,Hyderabad,Electronics,39155.0,600.2,Standard,Regular,Wednesday,July,Clear,Medium,3,0,22.2,182.0,1
ORD-101604,Kolkata,Jaipur,Beauty,,1722.3,Express,Regular,Saturday,October,Cloudy,Medium,2,0,15.4,288.0,1
ORD-103284,Mumbai,Chandigarh,Electronics,14022.0,1743.0,Standard,Premium,Monday,November,Cloudy,High,1,0,19.5,186.0,1
ORD-103597,Kolkata,Chandigarh,Clothing,2423.0,1762.7,Priority,Premium,Friday,August,Rain,Medium,2,0,26.9,452.0,1
ORD-104633,Delhi,Visakhapatnam,Home & Kitchen,8757.0,1775.5,Priority,Premium,Saturday,November,Clear,Low,5,0,23.2,557.0,0
ORD-100126,Bengaluru,Coimbatore,Books,1291.0,283.7,Economy,New,Saturday,July,Cloudy,Medium,2,0,,74.0,0
ORD-101297,Mumbai,Kolkata,Beauty,6461.0,2062.6,Express,Premium,Thursday,October,Clear,High,3,1,19.2,402.0,1
ORD-101977,Bengaluru,Nagpur,Clothing,5971.0,1180.9,Priority,Premium,Saturday,April,Cloudy,Low,3,0,1.3,396.0,0
ORD-105470,Mumbai,Mumbai,Books,426.0,15.9,Economy,Regular,Monday,March,Cloudy,High,3,3,4.4,61.0,0
ORD-105427,Hyderabad,Nagpur,Beauty,5036.0,527.1,Standard,Premium,Saturday,February,Fog,Low,3,1,9.3,130.0,0
ORD-102076,Bengaluru,Hyderabad,Electronics,7501.0,616.6,Priority,Premium,Friday,September,Clear,High,1,1,7.0,197.0,0
ORD-104581,Chennai,Mumbai,Clothing,2492.0,1313.2,Express,Regular,Wednesday,August,Clear,Low,4,0,7.7,329.0,0
ORD-103087,Mumbai,Chennai,Clothing,3355.0,1299.1,Priority,Regular,Sunday,November,Clear,Low,4,1,22.0,520.0,1
ORD-105247,Bengaluru,Chennai,Groceries,4478.0,386.0,Standard,Regular,Thursday,November,Clear,Medium,6,1,3.0,154.0,0
ORD-103346,Chennai,Jaipur,Electronics,11877.0,2028.2,Express,New,Tuesday,April,Fog,Medium,1,0,20.9,395.0,0
ORD-105407,Delhi,Kolkata,Home & Kitchen,1653.0,1589.8,Standard,Premium,Saturday,April,Cloudy,Medium,1,1,31.5,184.0,1
ORD-102798,Delhi,Kochi,Beauty,505.0,2593.9,Economy,New,Thursday,October,Clear,Low,1,0,18.6,206.0,1
ORD-100919,Delhi,Chennai,Groceries,3122.0,2111.5,Standard,New,Tuesday,November,Clear,Medium,7,2,28.8,306.0,1
ORD-101647,Delhi,Bengaluru,Electronics,12176.0,2119.6,Express,Regular,Wednesday,January,Cloudy,Low,1,0,36.5,389.0,0
ORD-105123,Delhi,Kolkata,Clothing,1979.0,1537.1,Standard,Regular,Monday,October,Clear,,2,1,18.6,214.0,0
ORD-105127,Delhi,Delhi,Home & Kitchen,2859.0,20.2,Standard,New,Thursday,December,Fog,Medium,1,0,21.1,58.0,0
ORD-104979,Kolkata,Indore,Home & Kitchen,12935.0,1508.4,Economy,Regular,Tuesday,April,Clear,High,5,1,16.0,171.0,1
ORD-104622,Hyderabad,Hyderabad,Furniture,9149.0,25.1,Economy,Regular,Thursday,November,Clear,Low,1,0,35.4,48.0,0
ORD-100365,Chennai,Nagpur,Beauty,2352.0,1103.3,Standard,Premium,Monday,August,Rain,Medium,3,1,10.4,152.0,1
ORD-103288,Delhi,Jaipur,Groceries,2453.0,305.1,Standard,Regular,Monday,August,Storm,High,5,2,11.1,116.0,1
ORD-102126,Delhi,Delhi,Clothing,808.0,42.8,Express,Premium,Wednesday,November,Rain,High,2,0,16.1,108.0,1
ORD-104124,Delhi,Bhopal,Clothing,2336.0,752.3,Standard,Regular,Thursday,May,Cloudy,Medium,2,2,24.9,142.0,0
ORD-104570,Bengaluru,Pune,Clothing,4127.0,949.3,Standard,New,Monday,December,Fog,Low,2,1,22.1,183.0,1
ORD-100526,Delhi,Visakhapatnam,Beauty,2464.0,1669.6,Priority,Premium,Saturday,July,Rain,Medium,4,0,16.6,483.0,0
ORD-104822,Delhi,Bengaluru,Clothing,5629.0,2258.0,Standard,Regular,Friday,May,Cloudy,Low,3,1,6.0,299.0,0
ORD-100056,Kolkata,Ahmedabad,Beauty,1663.0,2099.2,Standard,Regular,Tuesday,May,Fog,Medium,2,2,14.2,220.0,0
ORD-100639,Kolkata,Mumbai,Home & Kitchen,1334.0,2060.0,Economy,New,Thursday,July,Clear,High,2,0,13.1,195.0,1
ORD-100303,Bengaluru,Indore,Sports,5439.0,1274.2,Express,Regular,Thursday,October,Rain,Low,4,1,11.8,373.0,0
ORD-102767,Bengaluru,Mumbai,Electronics,22267.0,1055.6,Economy,Regular,Monday,February,Clear,Medium,1,2,13.7,134.0,0
ORD-101277,Mumbai,Delhi,Clothing,1878.0,1443.6,Standard,New,Monday,May,Cloudy,High,1,1,8.9,210.0,0
ORD-104721,Bengaluru,Chandigarh,Electronics,20049.0,2498.5,Standard,Regular,Thursday,October,Clear,Low,5,1,14.9,317.0,0
ORD-102056,Bengaluru,Kochi,Clothing,2219.0,461.4,Economy,Regular,Tuesday,September,Clear,Medium,3,1,12.6,93.0,1
ORD-105146,Kolkata,Kolkata,Home & Kitchen,1091.0,42.6,Standard,Regular,Thursday,July,Cloudy,Medium,3,2,,67.0,0
ORD-104433,Kolkata,Chennai,Books,615.0,1693.4,Economy,Regular,Saturday,March,Rain,Low,2,1,34.7,145.0,0
ORD-103645,Mumbai,Nagpur,Beauty,2662.0,870.9,Standard,New,Wednesday,December,Fog,Low,2,0,17.3,133.0,0
ORD-104144,Delhi,Bhopal,Home & Kitchen,2613.0,740.2,Economy,New,Friday,January,Cloudy,Medium,3,0,7.9,104.0,0
ORD-102879,Bengaluru,Chandigarh,Beauty,2596.0,2398.4,Standard,New,Friday,March,Storm,Medium,3,1,19.2,336.0,1
ORD-104203,Mumbai,Hyderabad,Beauty,1489.0,764.5,Standard,Regular,Sunday,August,Storm,High,2,0,16.7,122.0,0
ORD-105176,Mumbai,Indore,Beauty,2577.0,589.3,Standard,New,Wednesday,October,Cloudy,Low,4,0,20.1,152.0,0
ORD-102287,Hyderabad,Delhi,Clothing,1581.0,1477.6,Standard,Regular,Saturday,June,Rain,High,1,0,9.7,143.0,1
ORD-102262,Hyderabad,Bengaluru,Home & Kitchen,4868.0,656.2,Standard,Regular,Monday,June,Cloudy,Medium,4,0,18.0,152.0,0
ORD-102297,Chennai,Kolkata,Clothing,2113.0,1694.9,Express,Premium,Wednesday,October,Clear,Medium,3,0,13.1,292.0,0
ORD-101754,Kolkata,Nagpur,Electronics,19134.0,1255.9,Standard,Regular,Friday,March,Cloudy,Low,1,2,16.8,,0
ORD-105198,Delhi,Chandigarh,Sports,2964.0,318.8,Priority,New,Wednesday,November,Clear,High,2,1,11.2,185.0,0
ORD-101969,Bengaluru,Bengaluru,Home & Kitchen,1962.0,16.4,Standard,Premium,Sunday,July,Rain,High,4,0,15.7,87.0,1
ORD-105253,Delhi,Chennai,Sports,9059.0,2157.3,Standard,Regular,Saturday,April,Fog,High,2,1,5.1,247.0,1
ORD-103118,Chennai,Jaipur,Clothing,5479.0,1926.8,Standard,Regular,Wednesday,July,Clear,Low,3,1,12.1,268.0,0
ORD-102394,Mumbai,Kolkata,Sports,6488.0,2065.5,Express,Premium,Thursday,October,Clear,High,3,0,22.7,379.0,0
ORD-100524,Bengaluru,Chennai,Sports,1798.0,396.8,Express,Regular,Friday,April,Clear,High,1,0,25.1,129.0,1
ORD-103901,Mumbai,Chennai,Home & Kitchen,2295.0,1256.4,Express,Regular,Sunday,August,Clear,Low,2,0,13.2,319.0,0
ORD-105647,Bengaluru,Jaipur,Books,516.0,1926.0,Standard,Regular,Thursday,November,Cloudy,Low,2,0,24.9,228.0,0
ORD-104700,Kolkata,Nagpur,Electronics,16497.0,1291.8,Economy,Regular,Friday,November,Clear,Medium,1,0,21.0,148.0,0
ORD-105339,Kolkata,Indore,Furniture,18512.0,1511.0,Standard,Regular,Monday,September,Rain,Medium,1,0,26.9,242.0,0
ORD-103123,Delhi,Nagpur,Electronics,6378.0,998.0,Standard,Regular,Friday,August,Clear,Medium,1,4,26.1,178.0,0
ORD-104157,Hyderabad,Hyderabad,Groceries,3901.0,17.4,Economy,Regular,Monday,July,Clear,High,10,2,11.6,110.0,0
ORD-101970,Bengaluru,Bengaluru,Books,304.0,37.6,Express,Regular,Saturday,November,Clear,Low,1,1,20.6,100.0,0
ORD-100672,Bengaluru,Coimbatore,Beauty,1014.0,277.2,Economy,New,Saturday,December,Fog,Low,2,0,21.2,69.0,0
ORD-104189,Mumbai,Chennai,Furniture,14982.0,1284.7,Express,Regular,Friday,June,Clear,Low,1,2,45.7,277.0,0
ORD-100667,Kolkata,Mumbai,Electronics,24946.0,2069.7,Standard,Regular,Monday,November,Cloudy,High,1,1,17.8,275.0,1
ORD-105239,Delhi,Lucknow,Books,879.0,505.3,Standard,Regular,Monday,November,Clear,Low,3,0,11.4,105.0,0
ORD-101888,Mumbai,Chennai,Sports,4233.0,1310.4,Standard,Regular,Friday,December,Cloudy,Low,1,1,23.2,177.0,0
ORD-103267,Mumbai,Hyderabad,Home & Kitchen,10045.0,785.4,Express,Regular,Saturday,August,Clear,Medium,1,0,13.4,195.0,0
ORD-100281,Mumbai,Mumbai,Electronics,22083.0,9.5,Standard,Regular,Sunday,August,Cloudy,Medium,2,0,17.8,87.0,0
ORD-101720,Kolkata,Hyderabad,Furniture,6561.0,1515.2,Express,Regular,Monday,April,Clear,High,1,0,23.8,319.0,0
ORD-102948,Kolkata,Lucknow,Electronics,15641.0,1081.6,Priority,Premium,Monday,March,Rain,Medium,1,0,11.4,354.0,0
ORD-104456,Delhi,Mumbai,Sports,1229.0,1404.7,Economy,New,Sunday,December,Cloudy,Low,1,1,24.5,152.0,0
ORD-100900,Bengaluru,Pune,Sports,3639.0,887.6,Express,Regular,Friday,March,Fog,Low,2,1,7.5,221.0,0
ORD-105873,Mumbai,Kolkata,Groceries,1523.0,2024.9,Standard,Premium,Wednesday,December,Fog,Low,2,0,22.4,277.0,0
ORD-100761,Chennai,Bengaluru,Home & Kitchen,2498.0,381.9,Express,New,Friday,April,Clear,Medium,1,0,7.0,160.0,0
ORD-101907,Bengaluru,Kochi,Home & Kitchen,8433.0,475.2,Express,New,Tuesday,September,Clear,Medium,3,1,11.2,162.0,1
ORD-104043,Mumbai,Kochi,Home & Kitchen,7062.0,1413.6,Economy,Regular,Tuesday,June,Clear,Medium,2,1,31.5,142.0,0
ORD-103824,Mumbai,Hyderabad,Electronics,15479.0,827.7,Economy,Regular,Sunday,April,Cloudy,Medium,2,0,12.2,142.0,0
ORD-104139,Chennai,Delhi,Clothing,1357.0,2226.0,Standard,Premium,Wednesday,May,Storm,Medium,4,1,16.3,268.0,0
ORD-103819,Chennai,Delhi,Home & Kitchen,22858.0,2293.9,Standard,Regular,Thursday,April,Clear,Low,4,0,16.2,369.0,0
ORD-104301,Bengaluru,Chennai,Clothing,6496.0,343.0,Standard,Regular,Friday,November,Clear,High,6,1,4.8,162.0,0
ORD-102594,Mumbai,Hyderabad,Groceries,1967.0,736.6,Standard,Regular,Friday,October,Cloudy,Medium,5,0,15.2,196.0,0
ORD-104165,Chennai,Bengaluru,Electronics,20505.0,367.1,Standard,Regular,Saturday,April,Cloudy,Medium,3,0,9.6,144.0,0
ORD-103032,Mumbai,Pune,Books,685.0,147.5,Economy,Regular,Wednesday,November,Cloudy,Low,2,1,9.8,58.0,0
ORD-103580,Mumbai,Bengaluru,Electronics,21496.0,1016.9,Standard,Premium,Wednesday,November,Clear,High,2,1,24.0,165.0,1
ORD-102833,Bengaluru,Bengaluru,Groceries,949.0,40.3,Standard,Regular,Sunday,May,Cloudy,Medium,5,1,31.8,110.0,0
ORD-103473,Bengaluru,Ahmedabad,Groceries,6865.0,1446.8,Standard,Regular,Tuesday,November,Cloudy,Medium,9,2,36.2,291.0,1
ORD-100138,Bengaluru,Chandigarh,Electronics,5154.0,2408.2,Standard,Regular,Thursday,March,Clear,Medium,3,0,31.0,333.0,0
ORD-104893,Bengaluru,Nagpur,Electronics,22494.0,1121.1,Economy,Regular,Thursday,August,Cloudy,High,3,1,23.2,175.0,1
ORD-102181,Kolkata,Chennai,Groceries,1682.0,1798.8,Standard,Premium,Saturday,July,Rain,Medium,5,1,8.0,277.0,0
ORD-102129,Mumbai,Kochi,Electronics,28095.0,1350.8,Express,Regular,Tuesday,February,Fog,Medium,2,0,26.9,322.0,1
ORD-103178,Delhi,Hyderabad,Clothing,1201.0,1603.3,Standard,Regular,Monday,September,Rain,High,1,0,13.3,242.0,0
ORD-104855,Mumbai,Patna,Home & Kitchen,1764.0,1762.8,Economy,Regular,Saturday,November,Clear,High,2,1,31.3,162.0,0
ORD-104638,Chennai,Patna,Books,1247.0,1969.1,Standard,Regular,Monday,August,Rain,Low,1,0,18.5,203.0,0
ORD-105116,Hyderabad,Hyderabad,Electronics,7185.0,38.5,Standard,Regular,Saturday,December,Cloudy,Medium,1,1,25.9,73.0,0
ORD-105274,Kolkata,Chandigarh,Clothing,1893.0,1700.2,Standard,New,Thursday,August,Cloudy,Low,3,0,11.5,208.0,0
ORD-104262,Hyderabad,Visakhapatnam,Groceries,2945.0,593.5,Express,New,Wednesday,February,Clear,Low,4,0,20.1,235.0,0
ORD-104345,Chennai,Delhi,Clothing,4550.0,2082.1,Economy,Regular,Friday,December,Clear,Low,2,2,,212.0,0
ORD-101332,Bengaluru,Patna,Groceries,,2044.4,Standard,Regular,Wednesday,November,Cloudy,Low,7,1,,310.0,0
ORD-102018,Mumbai,Lucknow,Books,746.0,1494.5,Economy,Regular,Tuesday,July,Cloudy,Medium,2,0,15.4,156.0,0
ORD-104543,Hyderabad,Bhopal,Books,983.0,865.8,Standard,Premium,Tuesday,July,Storm,High,3,2,14.4,144.0,1
ORD-102483,Mumbai,Mumbai,Clothing,1386.0,39.6,Priority,Premium,Sunday,January,Clear,Medium,3,1,6.7,146.0,0
ORD-101359,Chennai,Chennai,Home & Kitchen,6293.0,23.5,Standard,Premium,Friday,December,Cloudy,Medium,3,0,10.8,67.0,0
ORD-101330,Mumbai,Hyderabad,Beauty,2408.0,807.7,Standard,Regular,Saturday,September,Rain,High,2,2,10.5,106.0,0
ORD-105969,Chennai,Indore,Home & Kitchen,2614.0,1397.6,Economy,Regular,Thursday,September,Rain,Low,2,1,10.8,132.0,0
ORD-102151,Chennai,Indore,Books,760.0,1437.0,Standard,Premium,Wednesday,August,Rain,Low,1,0,5.8,168.0,0
ORD-104531,Kolkata,Kolkata,Electronics,19193.0,29.2,Economy,Regular,Tuesday,April,Rain,Low,1,0,29.0,66.0,0
ORD-102123,Delhi,Lucknow,Home & Kitchen,3904.0,540.3,Express,Regular,Tuesday,December,Clear,Medium,3,1,11.3,197.0,0
ORD-104674,Delhi,Mumbai,Furniture,10977.0,1479.0,Standard,New,Wednesday,January,Fog,,1,1,17.6,187.0,0
ORD-103982,Bengaluru,Ahmedabad,Home & Kitchen,3031.0,1495.5,Economy,Regular,Monday,December,Clear,Low,2,1,7.1,163.0,0
ORD-101253,Mumbai,Nagpur,Home & Kitchen,3525.0,930.7,Economy,Regular,Monday,September,Rain,Low,3,2,11.7,117.0,0
ORD-103279,Delhi,Coimbatore,Home & Kitchen,2469.0,2526.2,Standard,Regular,Monday,July,Clear,Low,1,0,19.2,286.0,0
ORD-103375,Bengaluru,Jaipur,Home & Kitchen,3899.0,1896.3,Standard,Premium,Sunday,March,Fog,Low,2,2,6.9,165.0,1
ORD-102815,Mumbai,Pune,Home & Kitchen,2453.0,147.7,Standard,Regular,Monday,November,Cloudy,Medium,1,1,22.6,62.0,0
ORD-104720,Mumbai,Jaipur,Beauty,2456.0,1134.5,Priority,Regular,Wednesday,November,Clear,Medium,2,0,21.8,382.0,0
ORD-101849,Delhi,Chennai,Home & Kitchen,4910.0,2172.9,Standard,Regular,Sunday,June,Rain,Low,4,0,13.9,287.0,0
ORD-104859,Mumbai,Kolkata,Books,3166.0,2192.5,Express,Regular,Thursday,October,Cloudy,Medium,3,1,20.0,465.0,0
ORD-103038,Mumbai,Jaipur,Sports,3319.0,1096.7,Express,Regular,Sunday,July,Storm,High,3,3,31.0,254.0,0
ORD-100389,Mumbai,Visakhapatnam,Home & Kitchen,3832.0,1411.0,Standard,Regular,Monday,October,Storm,High,1,0,24.2,155.0,0
ORD-100236,Kolkata,Bengaluru,Home & Kitchen,4363.0,1978.6,Standard,Regular,Friday,May,Clear,Medium,3,0,17.2,217.0,0
ORD-101078,Bengaluru,Visakhapatnam,Clothing,1277.0,1020.3,Priority,Premium,Sunday,March,Clear,Medium,2,1,11.1,319.0,0
ORD-101985,Bengaluru,Mumbai,Groceries,890.0,1004.4,Economy,New,Friday,November,Rain,High,7,0,17.1,183.0,1
ORD-104364,Hyderabad,Kolkata,Home & Kitchen,4253.0,1418.7,Standard,Regular,Wednesday,August,Cloudy,High,1,2,5.8,144.0,1
ORD-103963,Chennai,Bhopal,Electronics,30367.0,1561.4,Express,Premium,Monday,February,Rain,Medium,3,1,51.7,407.0,0
ORD-100771,Delhi,Delhi,Furniture,10192.0,28.4,Economy,Regular,Friday,February,Fog,High,1,2,23.6,53.0,0
ORD-102166,Delhi,Kolkata,Electronics,11483.0,1713.1,Standard,New,Wednesday,September,Rain,Low,1,1,18.1,195.0,1
ORD-104534,Bengaluru,Lucknow,Clothing,2403.0,2044.0,Express,New,Sunday,May,Cloudy,Medium,3,0,9.9,360.0,1
ORD-100674,Chennai,Hyderabad,Books,892.0,648.7,Economy,Regular,Sunday,January,Fog,Low,4,0,7.5,103.0,0
ORD-100250,Delhi,Delhi,Clothing,1438.0,23.5,Standard,New,Saturday,December,Clear,Low,2,1,13.2,69.0,0
ORD-101575,Mumbai,Ahmedabad,Electronics,13408.0,561.5,Economy,Regular,Wednesday,September,Rain,Medium,1,0,15.7,107.0,0
ORD-103420,Kolkata,Visakhapatnam,Home & Kitchen,8207.0,994.5,Economy,Regular,Sunday,October,Clear,Medium,3,2,27.0,139.0,0
ORD-102082,Mumbai,Kochi,Home & Kitchen,7609.0,1499.3,Standard,Regular,Tuesday,November,Clear,High,4,1,12.6,233.0,1
ORD-101824,Bengaluru,Chennai,Home & Kitchen,4157.0,374.4,Standard,Regular,Wednesday,February,Clear,Low,2,0,17.3,88.0,0
ORD-105605,Bengaluru,Chandigarh,Home & Kitchen,4078.0,2417.7,Standard,Regular,Wednesday,January,Fog,High,2,0,22.7,263.0,1
ORD-105953,Bengaluru,Bengaluru,Electronics,9272.0,11.3,Express,New,Tuesday,August,Clear,High,4,2,6.1,162.0,0
ORD-104545,Delhi,Chennai,Books,2991.0,2306.5,Priority,Premium,Sunday,January,Fog,Low,2,2,42.6,551.0,1
ORD-100717,Bengaluru,Lucknow,Sports,2997.0,2001.5,Priority,Premium,Tuesday,May,Clear,Low,1,1,7.9,524.0,0
ORD-105398,Delhi,Lucknow,Beauty,2607.0,519.2,Standard,Regular,Friday,September,Cloudy,High,3,1,8.1,122.0,0
ORD-105654,Delhi,Jaipur,Clothing,1812.0,310.3,Express,Regular,Saturday,April,Clear,High,2,0,14.2,131.0,0
ORD-102049,Mumbai,Jaipur,Books,1538.0,1090.8,Standard,Regular,Saturday,October,Rain,Medium,1,0,17.0,148.0,0
ORD-105265,Delhi,Bengaluru,Sports,5405.0,2223.3,Standard,Regular,Saturday,May,Clear,Low,1,0,29.4,266.0,0
ORD-104179,Chennai,Chennai,Clothing,3252.0,18.6,Express,Regular,Sunday,December,Cloudy,Low,4,3,12.3,129.0,0
ORD-104810,Bengaluru,Pune,Home & Kitchen,1768.0,934.5,Standard,Regular,Thursday,April,Clear,Low,1,0,20.8,126.0,0
ORD-102725,Mumbai,Indore,Clothing,2410.0,645.1,Economy,Regular,Saturday,September,Rain,Medium,6,1,6.0,140.0,0
ORD-105474,Mumbai,Bengaluru,Clothing,718.0,1062.4,Economy,Regular,Friday,December,Fog,Low,1,1,19.1,112.0,0
ORD-101461,Kolkata,Hyderabad,Beauty,2378.0,1386.6,Economy,Regular,Thursday,November,Clear,High,5,0,16.8,189.0,1
ORD-101669,Mumbai,Kolkata,Groceries,2556.0,2087.6,Economy,Regular,Sunday,April,Clear,Medium,5,1,14.0,259.0,0
ORD-102757,Kolkata,Chennai,Home & Kitchen,1955.0,1602.6,Priority,Regular,Monday,August,Cloudy,High,2,0,16.8,472.0,0
ORD-102001,Kolkata,Jaipur,Furniture,35995.0,1696.4,Standard,Regular,Tuesday,December,Cloudy,High,2,1,42.0,303.0,1
ORD-104572,Kolkata,Indore,Clothing,4787.0,1590.8,Standard,Premium,Saturday,September,Rain,High,2,1,26.9,182.0,0
ORD-104614,Bengaluru,Bhopal,Beauty,3841.0,1499.5,Standard,Regular,Sunday,July,Clear,High,2,0,9.3,195.0,1
ORD-100405,Hyderabad,Chandigarh,Sports,11191.0,1890.0,Standard,New,Friday,September,Storm,High,2,0,6.9,216.0,1
ORD-100385,Delhi,Chandigarh,Home & Kitchen,3945.0,323.2,Express,Regular,Friday,February,Fog,Low,3,2,13.3,191.0,0
ORD-105439,Hyderabad,Mumbai,Home & Kitchen,3555.0,803.7,Express,Premium,Thursday,July,Rain,High,3,1,25.4,248.0,0
ORD-102153,Kolkata,Jaipur,Home & Kitchen,5082.0,1606.5,Priority,Premium,Friday,October,Clear,Medium,3,0,12.6,579.0,0
ORD-101634,Chennai,Jaipur,Beauty,3413.0,2056.9,Standard,Regular,Saturday,October,Clear,Low,3,1,13.0,257.0,0
ORD-105549,Chennai,Chennai,Home & Kitchen,3450.0,28.1,Standard,Regular,Monday,December,Clear,Low,1,1,13.6,64.0,0
ORD-104785,Hyderabad,Visakhapatnam,Furniture,19773.0,588.8,Express,Premium,Thursday,March,Cloudy,,1,0,25.3,175.0,0
ORD-103926,Bengaluru,Visakhapatnam,Clothing,3192.0,994.0,Priority,Premium,Thursday,September,Clear,Medium,2,0,9.4,302.0,0
ORD-104159,Bengaluru,Coimbatore,Electronics,12148.0,260.0,Standard,Regular,Monday,December,Cloudy,High,2,0,19.2,93.0,0
ORD-104949,Chennai,Hyderabad,Books,1253.0,619.5,Standard,Regular,Friday,March,Clear,Low,3,1,11.4,129.0,0
ORD-100224,Hyderabad,Bhopal,Groceries,3209.0,757.8,Standard,Regular,Sunday,August,Cloudy,Low,5,0,1.3,151.0,0
ORD-102194,Mumbai,Pune,Home & Kitchen,10956.0,154.3,Express,Regular,Wednesday,July,Rain,Medium,4,0,11.4,219.0,0
ORD-103137,Kolkata,Hyderabad,Beauty,2042.0,1481.1,Economy,Regular,Sunday,August,Rain,Medium,2,3,31.9,157.0,1
ORD-104470,Delhi,Chennai,Beauty,988.0,2255.3,Express,Regular,Wednesday,June,Rain,High,1,0,15.8,359.0,1
ORD-101825,Chennai,Visakhapatnam,Clothing,1427.0,791.3,Priority,Regular,Sunday,August,Cloudy,Low,3,1,13.7,312.0,0
ORD-105564,Mumbai,Chandigarh,Electronics,43870.0,1664.9,Economy,Regular,Thursday,December,Fog,High,5,2,21.6,223.0,1
ORD-105125,Bengaluru,Pune,Electronics,23133.0,938.6,Standard,New,Thursday,February,Clear,Low,1,1,13.5,184.0,0
ORD-104973,Delhi,Patna,Groceries,3172.0,1094.1,Standard,Regular,Friday,December,Clear,Medium,3,0,23.5,192.0,1
ORD-100798,Mumbai,Chandigarh,Home & Kitchen,1960.0,1635.5,Standard,Regular,Friday,November,Clear,High,1,1,15.1,195.0,0
ORD-102872,Bengaluru,Nagpur,Sports,2197.0,1110.4,Standard,Regular,Saturday,December,Fog,Low,2,0,28.8,157.0,0
ORD-100010,Bengaluru,Nagpur,Clothing,1410.0,1213.3,Standard,Regular,Sunday,February,Clear,Low,3,2,12.3,166.0,0
ORD-101945,Kolkata,Kochi,Furniture,5173.0,2461.2,Standard,Regular,Monday,August,Rain,Low,1,1,26.7,334.0,1
ORD-101839,Kolkata,Lucknow,Furniture,14085.0,1175.2,Standard,Regular,Tuesday,November,Cloudy,Medium,1,1,34.2,163.0,0
ORD-104805,Kolkata,Jaipur,Clothing,4953.0,1776.1,Standard,New,Sunday,April,Cloudy,Medium,5,0,31.6,296.0,1
ORD-100256,Chennai,Pune,Beauty,2558.0,1179.6,Standard,New,Friday,March,Cloudy,Low,4,0,11.5,202.0,0
ORD-104486,Delhi,Kolkata,Electronics,21980.0,1629.4,Standard,Regular,Friday,December,Fog,Low,3,1,22.2,276.0,1
ORD-105456,Bengaluru,Ahmedabad,Home & Kitchen,3671.0,1547.6,Economy,Regular,Thursday,July,Cloudy,Low,3,0,3.8,175.0,0
ORD-101582,Delhi,Nagpur,Sports,3733.0,1013.7,Economy,Regular,Monday,January,Fog,Low,2,3,13.0,119.0,1
ORD-102957,Mumbai,Kolkata,Groceries,2870.0,1986.4,Economy,Regular,Thursday,September,Clear,Low,7,2,11.4,268.0,1
ORD-100925,Mumbai,Delhi,Electronics,39080.0,1437.2,Express,New,Saturday,March,Clear,Low,2,3,17.6,355.0,0
ORD-105361,Chennai,Mumbai,Clothing,3772.0,1292.3,Standard,Regular,Thursday,November,Clear,Medium,4,2,28.4,185.0,0
ORD-102509,Bengaluru,Pune,Electronics,15202.0,928.8,Standard,New,Saturday,September,Cloudy,Low,1,2,12.3,123.0,0
ORD-105025,Chennai,Chennai,Books,447.0,12.6,Express,Premium,Wednesday,May,Cloudy,High,2,0,11.3,80.0,0
ORD-105321,Mumbai,Delhi,Furniture,21615.0,1434.2,Express,Regular,Saturday,April,Rain,Low,1,2,28.3,341.0,0
ORD-103776,Bengaluru,Bengaluru,Furniture,40510.0,39.3,Standard,Regular,Thursday,May,Cloudy,Medium,1,1,20.9,113.0,0
ORD-104836,Kolkata,Bengaluru,Sports,1878.0,1986.5,Express,Regular,Saturday,November,Clear,Medium,2,1,11.6,326.0,1
ORD-104137,Bengaluru,Lucknow,Furniture,6264.0,1911.8,Economy,New,Thursday,March,Clear,High,1,0,29.8,174.0,1
ORD-104965,Delhi,Indore,Groceries,562.0,840.3,Standard,Regular,Saturday,December,Clear,High,2,1,6.0,138.0,0
ORD-102780,Mumbai,Chennai,Sports,3883.0,1302.6,Standard,Regular,Sunday,November,Storm,Medium,1,1,49.3,178.0,1
ORD-100540,Kolkata,Lucknow,Clothing,2771.0,1141.0,Express,Regular,Friday,October,Rain,Medium,3,0,17.5,261.0,0
ORD-102746,Kolkata,Delhi,Clothing,3181.0,1546.3,Express,Premium,Thursday,March,Cloudy,High,4,0,12.0,307.0,0
ORD-105445,Hyderabad,Chennai,Groceries,2110.0,641.9,Standard,Regular,Tuesday,February,Storm,Medium,8,1,12.1,168.0,0
ORD-105530,Kolkata,Kochi,Beauty,2115.0,2456.6,Standard,Premium,Sunday,March,Cloudy,High,3,0,9.8,242.0,1
ORD-101146,Delhi,Lucknow,Home & Kitchen,4057.0,529.5,Standard,New,Tuesday,October,Clear,Low,2,0,19.3,117.0,0
ORD-105128,Mumbai,Chennai,Furniture,16990.0,1342.2,Standard,New,Tuesday,January,Clear,Medium,1,1,29.7,222.0,0
ORD-104469,Hyderabad,Hyderabad,Clothing,1713.0,21.3,Standard,Regular,Saturday,January,Fog,Low,2,0,11.1,72.0,0
ORD-100668,Hyderabad,Hyderabad,Clothing,1344.0,33.8,Priority,Regular,Tuesday,October,Cloudy,Medium,1,0,18.1,128.0,0
ORD-103020,Delhi,Mumbai,Books,339.0,1425.1,Express,Premium,Friday,October,Clear,Medium,2,0,18.6,251.0,0
ORD-100358,Kolkata,Pune,Sports,3640.0,1918.4,Standard,Regular,Thursday,November,Cloudy,Low,1,3,13.5,209.0,1
ORD-105064,Mumbai,Chennai,Electronics,4525.0,1250.0,Economy,Regular,Tuesday,October,Cloudy,Medium,2,1,18.5,147.0,0
ORD-102832,Bengaluru,Jaipur,Clothing,470.0,1858.8,Economy,Regular,Thursday,November,Clear,Low,1,1,5.5,151.0,0
ORD-102784,Delhi,Chennai,Home & Kitchen,6229.0,2139.7,Priority,Premium,Wednesday,March,Clear,Medium,3,1,17.1,539.0,0
ORD-101354,Delhi,Jaipur,Clothing,4076.0,285.6,Economy,Regular,Thursday,July,Cloudy,Medium,3,3,3.7,75.0,0
ORD-105132,Mumbai,Chennai,Books,207.0,1306.3,Standard,Regular,Wednesday,March,Clear,High,1,1,21.1,192.0,0
ORD-100471,Delhi,Delhi,Electronics,14981.0,35.1,Economy,Regular,Sunday,December,Rain,Medium,3,0,26.1,57.0,0
ORD-102704,Kolkata,Delhi,Clothing,5756.0,1694.9,Standard,Regular,Thursday,June,Rain,Medium,6,0,9.7,231.0,0
ORD-103331,Hyderabad,Kochi,Clothing,1771.0,1125.9,Priority,Regular,Saturday,September,Rain,Medium,3,2,10.7,395.0,0
ORD-103638,Mumbai,Mumbai,Electronics,16275.0,17.1,Economy,New,Tuesday,July,Rain,High,3,0,26.6,75.0,1
ORD-101397,Bengaluru,Delhi,Sports,2202.0,2014.4,Economy,Regular,Wednesday,January,Cloudy,High,2,0,5.8,194.0,1
ORD-103585,Hyderabad,Mumbai,Beauty,1489.0,788.8,Standard,Premium,Thursday,April,Rain,Low,2,1,27.8,132.0,0
ORD-105433,Chennai,Lucknow,Electronics,11518.0,1813.8,Standard,New,Sunday,February,Clear,Medium,2,0,7.6,237.0,1
ORD-105263,Mumbai,Jaipur,Electronics,9871.0,1180.0,Standard,Premium,Saturday,July,Rain,Medium,2,2,16.8,161.0,0
ORD-103377,Mumbai,Visakhapatnam,Clothing,2768.0,1357.3,Economy,Regular,Thursday,August,Rain,Low,1,3,8.4,137.0,0
ORD-101257,Chennai,Hyderabad,Clothing,3474.0,651.0,Economy,New,Wednesday,January,Clear,Medium,4,0,9.4,133.0,0
ORD-103513,Hyderabad,Chennai,Books,601.0,616.2,Standard,Regular,Sunday,May,Clear,Medium,1,3,5.4,111.0,0
ORD-101251,Mumbai,Indore,Books,467.0,669.0,Express,Premium,Tuesday,July,Cloudy,Low,1,1,14.4,145.0,0
ORD-105349,Chennai,Hyderabad,Sports,7240.0,637.1,Standard,Regular,Saturday,January,Fog,Low,2,0,13.2,150.0,0
ORD-105820,Delhi,Hyderabad,Groceries,3875.0,1604.9,Standard,Regular,Monday,May,Rain,Medium,4,1,7.5,232.0,0
ORD-104299,Bengaluru,Jaipur,Clothing,3457.0,1944.9,Standard,Regular,Monday,May,Cloudy,Medium,2,0,,232.0,0
ORD-103285,Mumbai,Hyderabad,Furniture,13858.0,728.8,Standard,Regular,Thursday,May,Clear,High,1,0,40.1,133.0,0
ORD-102934,Hyderabad,Visakhapatnam,Books,830.0,658.8,Standard,Regular,Saturday,January,Fog,Low,4,1,6.5,144.0,0
ORD-104176,Bengaluru,Kolkata,Groceries,2698.0,2030.6,Standard,New,Sunday,December,Clear,Medium,6,0,19.7,383.0,0
ORD-105269,Hyderabad,Bengaluru,Furniture,11605.0,655.9,Standard,Regular,Wednesday,November,Cloudy,Medium,2,0,27.0,146.0,0
ORD-104911,Mumbai,Lucknow,Furniture,22037.0,1461.7,Standard,Premium,Tuesday,April,Clear,Medium,1,1,15.4,215.0,0
ORD-101853,Bengaluru,Jaipur,Electronics,11256.0,2062.8,Economy,Regular,Monday,November,Rain,High,4,1,12.7,248.0,0
ORD-105667,Delhi,Kolkata,Groceries,1842.0,1564.7,Standard,Premium,Wednesday,June,Clear,High,4,2,26.2,213.0,1
ORD-105901,Kolkata,Bengaluru,Furniture,8966.0,1899.5,Economy,New,Sunday,November,Cloudy,Low,1,2,32.4,181.0,0
ORD-102106,Chennai,Ahmedabad,Groceries,1501.0,1708.2,Economy,New,Thursday,April,Clear,Medium,5,1,3.6,197.0,0
ORD-100134,Delhi,Chennai,Beauty,613.0,2224.5,Economy,New,Saturday,May,Cloudy,Low,2,0,18.6,218.0,1
ORD-105237,Mumbai,Hyderabad,Sports,9881.0,793.3,Standard,Regular,Saturday,October,Cloudy,Medium,7,1,22.7,232.0,0
ORD-105030,Mumbai,Pune,Groceries,3182.0,150.5,Express,Regular,Wednesday,September,Storm,Medium,8,0,10.3,240.0,0
ORD-100929,Bengaluru,Coimbatore,Clothing,6945.0,299.1,Standard,New,Sunday,November,Clear,Low,4,0,10.6,128.0,0
ORD-100824,Chennai,Ahmedabad,Home & Kitchen,11588.0,1609.8,Express,Regular,Thursday,February,Cloudy,Low,4,0,7.0,401.0,0
ORD-105500,Delhi,Delhi,Home & Kitchen,4673.0,17.0,Standard,Regular,Tuesday,August,Rain,Medium,3,2,6.3,80.0,0
ORD-101532,Mumbai,Bengaluru,Furniture,31322.0,1101.6,Express,Regular,Tuesday,October,Cloudy,Medium,2,3,40.5,285.0,0
ORD-101215,Delhi,Mumbai,Sports,4724.0,1360.6,Standard,Premium,Wednesday,April,Clear,Medium,3,0,6.3,180.0,0
ORD-100505,Bengaluru,Mumbai,Sports,3861.0,1053.4,Standard,Regular,Sunday,June,Rain,Low,3,1,8.1,157.0,0
ORD-104286,Mumbai,Chandigarh,Home & Kitchen,3557.0,1773.1,Express,Regular,Thursday,July,Clear,Medium,3,0,16.1,432.0,1
ORD-101997,Delhi,Bhopal,Home & Kitchen,1815.0,722.4,Express,Premium,Saturday,February,Cloudy,Low,1,1,16.2,154.0,0
ORD-103073,Kolkata,Kolkata,Home & Kitchen,1122.0,14.4,Standard,Regular,Thursday,September,Cloudy,Low,1,0,10.2,47.0,0
ORD-101959,Kolkata,Bengaluru,Books,1005.0,1981.3,Priority,Premium,Wednesday,September,Rain,Medium,1,3,10.1,471.0,1
ORD-101385,Hyderabad,Bengaluru,Clothing,3951.0,609.5,Standard,Premium,Sunday,August,Cloudy,Medium,5,0,12.7,150.0,0
ORD-100895,Chennai,Bhopal,Electronics,14505.0,1454.2,Economy,New,Saturday,August,Clear,Medium,1,2,13.5,155.0,0
ORD-104925,Bengaluru,Coimbatore,Electronics,5980.0,289.5,Express,Premium,Saturday,June,Rain,Medium,1,0,7.2,108.0,0
ORD-100456,Mumbai,Lucknow,Clothing,1027.0,1448.7,Economy,New,Friday,April,Cloudy,Low,3,0,10.7,150.0,0
ORD-105613,Delhi,Chennai,Sports,2872.0,2235.2,Standard,Regular,Wednesday,November,Clear,Low,3,3,20.1,289.0,0
ORD-103710,Chennai,Kochi,Home & Kitchen,3687.0,712.5,Express,New,Saturday,December,Clear,Low,3,1,30.5,229.0,0
ORD-105588,Delhi,Chennai,Clothing,1880.0,2397.2,Standard,Regular,Sunday,November,Rain,Medium,3,0,38.5,284.0,1
ORD-104850,Kolkata,Indore,Clothing,4054.0,1573.2,Express,Premium,Monday,October,Clear,Low,5,0,20.2,281.0,0
ORD-104749,Kolkata,Hyderabad,Sports,3180.0,1429.9,Standard,Premium,Thursday,November,Cloudy,High,1,2,26.8,152.0,1
ORD-104269,Kolkata,Mumbai,Electronics,17176.0,2110.1,Standard,Regular,Tuesday,January,Cloudy,High,2,0,19.3,265.0,1
ORD-103523,Mumbai,Ahmedabad,Home & Kitchen,2125.0,563.5,Express,Regular,Friday,November,Cloudy,Low,1,1,9.1,173.0,0
ORD-104135,Bengaluru,Jaipur,Clothing,2947.0,1909.0,Standard,Regular,Tuesday,May,Clear,Medium,3,2,6.3,234.0,1
ORD-103603,Bengaluru,Kolkata,Electronics,8018.0,2023.7,Standard,New,Thursday,April,Clear,High,1,2,21.0,239.0,1
ORD-100714,Hyderabad,Kolkata,Home & Kitchen,2448.0,1433.8,Express,Premium,Saturday,November,Clear,Medium,2,3,35.8,297.0,0
ORD-104187,Mumbai,Jaipur,Books,1047.0,1147.2,Standard,Regular,Wednesday,March,Clear,High,1,1,7.2,178.0,0
ORD-102215,Hyderabad,Chennai,Clothing,1405.0,674.9,Priority,Premium,Sunday,January,Fog,Low,2,1,2.4,261.0,0
ORD-105302,Bengaluru,Visakhapatnam,Groceries,6584.0,1055.0,Express,Premium,Monday,January,Fog,Low,11,1,2.4,296.0,0
ORD-102924,Chennai,Delhi,Groceries,2710.0,2228.4,Standard,Regular,Thursday,October,Clear,High,6,0,29.8,330.0,0
ORD-101811,Delhi,Bhopal,Clothing,1746.0,721.7,Economy,Regular,Wednesday,October,Storm,,3,2,14.3,98.0,1
ORD-103487,Chennai,Kolkata,Sports,4853.0,1661.4,Standard,Regular,Friday,August,Rain,Low,2,2,18.7,212.0,0
ORD-103142,Mumbai,Pune,Sports,1943.0,144.2,Standard,Regular,Thursday,November,Rain,Low,1,1,19.6,60.0,0
ORD-101828,Bengaluru,Bhopal,Clothing,3468.0,1402.1,Standard,New,Sunday,August,Rain,Low,1,1,19.5,192.0,0
ORD-101156,Mumbai,Lucknow,Home & Kitchen,8283.0,1482.4,Economy,Regular,Monday,June,Rain,High,1,4,13.2,156.0,1
ORD-101325,Delhi,Lucknow,Groceries,3094.0,519.3,Economy,New,Monday,October,,Medium,7,1,20.4,128.0,0
ORD-104313,Delhi,Jaipur,Groceries,5552.0,286.3,Express,Regular,Sunday,January,Clear,Low,7,0,29.2,233.0,0
ORD-100511,Mumbai,Mumbai,Electronics,17464.0,8.2,Standard,Regular,Monday,October,Cloudy,Medium,1,2,13.1,73.0,0
ORD-101681,Chennai,Visakhapatnam,Sports,4950.0,734.8,Express,Regular,Tuesday,January,Cloudy,Low,1,0,33.9,184.0,0
ORD-100500,Bengaluru,Kochi,Beauty,2646.0,485.7,Economy,Regular,Monday,August,Rain,Low,3,1,20.2,95.0,0
ORD-105491,Delhi,Bengaluru,Electronics,20375.0,2085.6,Economy,Regular,Sunday,March,Clear,Low,3,0,24.8,230.0,0
ORD-101857,Delhi,Chandigarh,Electronics,7263.0,304.7,Express,New,Monday,September,Cloudy,Medium,3,1,21.0,172.0,0
ORD-101389,Hyderabad,Ahmedabad,Groceries,1465.0,1099.8,Economy,Regular,Tuesday,March,Clear,Low,4,0,8.8,120.0,0
ORD-103720,Bengaluru,Ahmedabad,Sports,1103.0,1422.0,Express,New,Friday,May,Cloudy,Low,3,0,19.3,347.0,0
ORD-102387,Hyderabad,Visakhapatnam,Electronics,8911.0,642.1,Standard,Regular,Friday,March,Clear,Medium,1,1,13.3,103.0,1
ORD-103237,Hyderabad,Delhi,Electronics,11335.0,1692.4,Standard,New,Saturday,November,Clear,Low,2,0,13.9,216.0,0
ORD-101541,Kolkata,Pune,Home & Kitchen,11511.0,1961.0,Standard,New,Friday,August,Clear,High,2,0,21.9,224.0,0
ORD-101218,Bengaluru,Lucknow,Electronics,19102.0,1911.2,Economy,Regular,Tuesday,September,,Low,2,0,18.1,204.0,0
ORD-102682,Kolkata,Kochi,Sports,4125.0,2404.9,Economy,New,Saturday,November,Clear,Low,1,0,11.9,224.0,1
ORD-102994,Bengaluru,Delhi,Beauty,2813.0,2117.6,Priority,Regular,Thursday,September,Rain,Low,2,0,16.5,475.0,0
ORD-101192,Delhi,Chennai,Beauty,2970.0,2203.8,Economy,Regular,Sunday,May,Cloudy,High,3,0,14.9,214.0,1
ORD-105294,Chennai,Jaipur,Beauty,1262.0,1969.2,Standard,Regular,Saturday,March,Clear,Low,2,3,22.8,240.0,0
ORD-101543,Delhi,Kolkata,Beauty,3312.0,1495.9,Economy,Regular,Sunday,August,Rain,Medium,3,2,7.0,165.0,1
ORD-103302,Delhi,Delhi,Beauty,1535.0,15.4,Standard,Regular,Thursday,April,Clear,Medium,2,0,11.1,57.0,0
ORD-103325,Bengaluru,Hyderabad,Beauty,1290.0,632.0,Express,Regular,Thursday,November,Clear,Medium,1,1,20.2,168.0,0
ORD-102540,Bengaluru,Chennai,Clothing,1653.0,370.8,Standard,Regular,Monday,August,Cloudy,Medium,3,1,20.7,133.0,0
ORD-100954,Mumbai,Kolkata,Groceries,710.0,2112.2,Economy,New,Tuesday,March,Clear,Medium,4,0,8.8,224.0,0
ORD-104847,Mumbai,Kolkata,Groceries,1174.0,2066.6,Economy,Regular,Friday,July,Clear,High,10,3,19.9,274.0,1
ORD-104331,Mumbai,Delhi,Sports,4451.0,1340.9,Express,New,Monday,July,Storm,Low,3,0,14.1,355.0,0
ORD-100733,Mumbai,Nagpur,Sports,917.0,842.1,Express,Premium,Wednesday,November,Cloudy,High,2,0,16.6,186.0,0
ORD-100927,Mumbai,Chennai,Groceries,1636.0,1299.2,Economy,Regular,Thursday,September,Rain,Medium,9,1,7.0,176.0,1
ORD-101157,Mumbai,Nagpur,Electronics,17286.0,908.6,Standard,Regular,Thursday,December,Cloudy,Low,1,0,20.1,,1
ORD-100997,Chennai,Lucknow,Clothing,7727.0,1954.6,Standard,Regular,Sunday,October,Cloudy,Low,4,0,49.5,247.0,1
ORD-103295,Bengaluru,Bhopal,Electronics,32970.0,1369.3,Standard,Regular,Thursday,May,Cloudy,High,3,1,23.8,238.0,1
ORD-102983,Mumbai,Kolkata,Sports,1921.0,2107.6,Standard,Premium,Saturday,June,Cloudy,Low,3,1,8.5,230.0,1
ORD-105306,Chennai,Jaipur,Beauty,2441.0,2210.0,Economy,Regular,Sunday,January,Cloudy,Low,2,2,22.1,209.0,1
ORD-105162,Hyderabad,Lucknow,Sports,3982.0,1317.8,Economy,New,Wednesday,March,Clear,Medium,3,0,17.3,173.0,0
ORD-102157,Mumbai,Nagpur,Home & Kitchen,4432.0,882.6,Express,Regular,Tuesday,March,Clear,High,3,2,,271.0,1
ORD-101063,Delhi,Chennai,Electronics,9486.0,2319.5,Standard,Regular,Monday,October,Rain,Medium,1,2,29.1,278.0,1
ORD-102617,Mumbai,Jaipur,Home & Kitchen,7828.0,1176.1,Priority,Regular,Monday,April,Rain,Low,2,1,37.0,411.0,1
ORD-101168,Bengaluru,Chandigarh,Sports,8613.0,2538.5,Economy,New,Sunday,August,Rain,Low,3,0,15.9,233.0,0
ORD-103223,Chennai,Delhi,Clothing,2030.0,2153.4,Standard,Regular,Saturday,April,Clear,High,3,1,5.2,310.0,0
ORD-103637,Kolkata,Jaipur,Clothing,621.0,1668.8,Standard,New,Tuesday,March,Storm,Medium,1,0,15.1,173.0,1
ORD-102939,Delhi,Hyderabad,Books,991.0,1417.6,Express,Regular,Wednesday,May,Clear,Medium,1,1,8.0,315.0,0
ORD-104492,Kolkata,Hyderabad,Groceries,2601.0,1539.9,Standard,Regular,Wednesday,April,Clear,Medium,7,1,7.8,263.0,0
ORD-103141,Delhi,Hyderabad,Beauty,3454.0,1594.6,Express,Regular,Tuesday,January,Clear,Medium,2,0,14.9,288.0,0
ORD-104981,Hyderabad,Delhi,Books,1301.0,1684.0,Economy,New,Sunday,December,Cloudy,Medium,4,0,15.0,189.0,1
ORD-100144,Bengaluru,Kolkata,Clothing,1490.0,1985.0,Standard,New,Tuesday,September,Cloudy,Low,3,1,1.0,217.0,1
ORD-103578,Delhi,Kolkata,Sports,3662.0,1701.7,Priority,Premium,Friday,December,Clear,Low,1,0,24.7,428.0,0
ORD-104947,Bengaluru,Visakhapatnam,Books,894.0,962.9,Economy,New,Sunday,August,Clear,Low,3,1,7.9,132.0,0
ORD-102783,Chennai,Pune,Electronics,11616.0,1176.7,Standard,Regular,Thursday,February,Fog,High,2,0,17.1,174.0,0
ORD-100718,Mumbai,Nagpur,Electronics,10695.0,814.0,Standard,New,Saturday,October,Cloudy,High,1,0,14.3,134.0,0
ORD-101820,Bengaluru,Hyderabad,Groceries,2515.0,621.6,Economy,Regular,Wednesday,November,Cloudy,Low,5,0,8.1,132.0,1
ORD-102503,Hyderabad,Bhopal,Electronics,19936.0,776.9,Standard,Regular,Tuesday,September,Cloudy,Low,1,2,15.9,151.0,0
ORD-104361,Delhi,Mumbai,Books,1091.0,1462.3,Express,Premium,Monday,November,Clear,Medium,2,2,26.4,331.0,0
ORD-104172,Chennai,Coimbatore,Books,1172.0,535.8,Standard,Regular,Saturday,November,Cloudy,Low,2,0,1.6,112.0,0
ORD-100396,Bengaluru,Mumbai,Clothing,8757.0,1136.2,Express,Regular,Saturday,October,Cloudy,Medium,4,1,2.9,300.0,0
ORD-105856,Kolkata,Coimbatore,Sports,6358.0,2373.5,Economy,Regular,Thursday,August,Cloudy,Low,2,0,26.3,214.0,0
ORD-104493,Hyderabad,Pune,Beauty,1516.0,632.7,Express,Regular,Friday,December,Clear,Low,3,2,18.3,232.0,0
ORD-101366,Bengaluru,Bengaluru,Electronics,13806.0,16.9,Economy,New,Tuesday,August,Rain,Medium,2,1,10.9,63.0,0
ORD-105517,Mumbai,Visakhapatnam,Groceries,2917.0,1411.0,Economy,Regular,Monday,September,Rain,Medium,6,0,25.7,184.0,1
ORD-100596,Delhi,Delhi,Electronics,12821.0,35.6,Express,Premium,Sunday,June,Rain,Low,1,1,27.0,129.0,0
ORD-103953,Hyderabad,Mumbai,Electronics,16188.0,791.3,Standard,Regular,Tuesday,October,Rain,High,4,0,19.4,150.0,0
ORD-105393,Hyderabad,Kolkata,Home & Kitchen,5960.0,1500.2,Standard,Regular,Saturday,February,Clear,High,4,2,7.0,200.0,1
ORD-104969,Mumbai,Kochi,Beauty,850.0,1265.2,Standard,New,Monday,May,Clear,Medium,1,1,18.0,199.0,0
ORD-102915,Bengaluru,Hyderabad,Clothing,1851.0,638.6,Express,Regular,Monday,March,Clear,Medium,2,2,4.2,222.0,0
ORD-102327,Mumbai,Kolkata,Groceries,1354.0,1999.6,Express,Premium,Wednesday,May,Cloudy,Low,2,1,4.0,365.0,0
ORD-103767,Bengaluru,Chennai,Groceries,3247.0,385.4,Standard,New,Tuesday,January,Cloudy,High,6,1,6.3,141.0,1
ORD-103441,Delhi,Jaipur,Electronics,18053.0,296.4,Economy,New,Sunday,February,Clear,Low,2,0,8.8,92.0,0
ORD-103852,Delhi,Kolkata,Electronics,15908.0,1656.4,Economy,New,Friday,December,Fog,High,2,0,11.1,185.0,1
ORD-104133,Delhi,Hyderabad,Electronics,7440.0,1619.4,Economy,Premium,Sunday,September,Rain,Medium,1,0,22.9,141.0,1
ORD-105554,Mumbai,Bengaluru,Home & Kitchen,11542.0,1072.6,Standard,Premium,Tuesday,August,Cloudy,High,7,1,12.5,202.0,1
ORD-102144,Kolkata,Delhi,Clothing,2359.0,1704.1,Standard,Regular,Monday,October,Clear,Medium,3,1,50.2,238.0,1
ORD-105585,Chennai,Nagpur,Electronics,13455.0,1182.8,Express,Premium,Thursday,November,Clear,Low,2,1,27.4,270.0,0
ORD-105074,Bengaluru,Coimbatore,Clothing,1332.0,282.4,Express,Regular,Saturday,February,Fog,Low,1,1,12.3,129.0,0
ORD-101572,Bengaluru,Pune,Groceries,1515.0,853.4,Standard,Premium,Friday,June,Rain,Medium,6,2,4.3,183.0,0
ORD-104080,Bengaluru,Lucknow,Clothing,1429.0,1870.1,Standard,New,Monday,May,Clear,Medium,2,0,9.7,230.0,0
ORD-101123,Kolkata,Pune,Groceries,1507.0,1912.0,Standard,Regular,Monday,October,Clear,High,3,0,,243.0,0
ORD-102787,Chennai,Kochi,Clothing,5612.0,663.6,Express,New,Saturday,February,Fog,Low,2,0,7.9,196.0,0
ORD-102968,Delhi,Coimbatore,Clothing,3006.0,2480.3,Standard,New,Sunday,July,Rain,Low,3,1,18.0,314.0,1
ORD-102505,Delhi,Kolkata,Home & Kitchen,4313.0,1619.0,Economy,Regular,Saturday,November,Clear,Medium,1,0,14.8,140.0,0
ORD-103466,Kolkata,Chennai,Sports,1823.0,1569.7,Express,Regular,Saturday,November,Clear,High,1,2,22.4,359.0,1
ORD-100676,Delhi,Bhopal,Groceries,2481.0,694.1,Standard,Regular,Sunday,December,Fog,Low,5,0,13.2,171.0,1
ORD-102809,Mumbai,Patna,Furniture,12227.0,1855.3,Express,New,Thursday,June,Rain,Low,2,0,19.1,338.0,1
ORD-103349,Kolkata,Kolkata,Clothing,2477.0,25.1,Priority,Premium,Saturday,February,Cloudy,Medium,3,0,10.4,170.0,0
ORD-100729,Bengaluru,Mumbai,Groceries,3442.0,1060.3,Standard,Regular,Friday,August,Cloudy,Medium,7,0,13.0,205.0,0
ORD-100413,Mumbai,Hyderabad,Electronics,8997.0,758.7,Standard,Regular,Saturday,June,Clear,Low,1,0,12.2,146.0,0
ORD-103147,Chennai,Chennai,Sports,5757.0,43.2,Economy,Regular,Saturday,June,Storm,Medium,1,2,6.7,47.0,0
ORD-101517,Mumbai,Nagpur,Books,1177.0,838.5,Express,Regular,Sunday,September,Rain,Medium,1,0,15.1,204.0,0
ORD-100826,Mumbai,Jaipur,Electronics,26524.0,1140.2,Express,Regular,Monday,December,Fog,High,4,2,22.2,404.0,0
ORD-103268,Kolkata,Nagpur,Clothing,3439.0,1247.7,Standard,Premium,Tuesday,December,Cloudy,Medium,2,1,16.0,167.0,1
ORD-103975,Mumbai,Kolkata,Electronics,24355.0,2068.3,Standard,Regular,Friday,March,Cloudy,Medium,2,1,11.9,310.0,1
ORD-100617,Chennai,Delhi,Clothing,2413.0,2166.8,Standard,New,Sunday,March,Clear,High,3,1,8.5,295.0,0
ORD-100115,Mumbai,Delhi,Furniture,30468.0,1472.7,Standard,New,Sunday,August,Rain,Medium,3,0,44.6,256.0,1
ORD-100418,Kolkata,Chandigarh,Electronics,13038.0,1914.9,Economy,Premium,Tuesday,December,Cloudy,Low,2,1,19.9,206.0,0
ORD-103070,Bengaluru,Delhi,Groceries,1546.0,2109.4,Express,Premium,Wednesday,August,Rain,Low,6,0,5.1,420.0,0
ORD-101626,Chennai,Bengaluru,Clothing,5544.0,356.2,Standard,New,Saturday,October,Rain,Low,2,1,20.1,105.0,0
ORD-106000,Kolkata,Kochi,Electronics,42036.0,2413.4,Standard,New,Monday,January,Cloudy,High,3,0,10.6,294.0,1
ORD-104186,Kolkata,Bengaluru,Beauty,1350.0,2103.8,Economy,New,Saturday,October,Cloudy,Medium,2,0,26.9,200.0,0
ORD-102897,Hyderabad,Chennai,Clothing,876.0,596.5,Economy,Regular,Monday,October,Clear,Medium,1,0,18.8,86.0,0
ORD-105657,Hyderabad,Delhi,Home & Kitchen,7177.0,1548.1,Standard,Regular,Saturday,October,Fog,Medium,4,2,8.8,273.0,0
ORD-102083,Chennai,Bengaluru,Beauty,562.0,349.6,Standard,Premium,Wednesday,October,Clear,Medium,1,0,10.3,57.0,0
ORD-100754,Bengaluru,Patna,Furniture,33482.0,1970.4,Standard,Regular,Thursday,February,Clear,High,1,0,16.9,223.0,1
ORD-102547,Hyderabad,Lucknow,Electronics,14378.0,1511.2,Standard,Regular,Saturday,September,Cloudy,High,1,3,22.9,185.0,1
ORD-103970,Mumbai,Indore,Electronics,15485.0,624.8,Priority,Regular,Monday,October,Rain,Medium,4,1,32.0,370.0,0
ORD-103374,Mumbai,Visakhapatnam,Clothing,936.0,1274.0,Standard,Premium,Saturday,February,Fog,Low,1,1,8.1,,1
ORD-104108,Chennai,Pune,Clothing,3578.0,1090.3,Standard,Regular,Wednesday,March,Cloudy,Medium,4,1,22.3,188.0,1
ORD-102445,Bengaluru,Nagpur,Sports,6512.0,1207.2,Standard,Premium,Saturday,May,Fog,High,4,1,21.7,193.0,0
ORD-104381,Bengaluru,Kolkata,Groceries,2596.0,2000.2,Standard,Regular,Sunday,August,Clear,High,7,1,2.8,293.0,1
ORD-101067,Delhi,Lucknow,Clothing,1973.0,549.8,Economy,New,Tuesday,November,Fog,Medium,2,0,29.8,77.0,1
ORD-103914,Delhi,Chennai,Books,2068.0,2162.4,Standard,Premium,Saturday,September,Rain,Low,2,0,14.8,218.0,0
ORD-105288,Bengaluru,Pune,Clothing,10257.0,937.7,Standard,Premium,Wednesday,April,Cloudy,High,3,1,10.3,143.0,0
ORD-105537,Delhi,Hyderabad,Books,563.0,1464.4,Express,Premium,Sunday,December,Clear,Medium,4,0,15.1,297.0,1
ORD-105388,Mumbai,Kolkata,Sports,2779.0,1963.2,Economy,Regular,Thursday,June,Cloudy,Low,1,1,13.3,225.0,0
ORD-103499,Delhi,Visakhapatnam,Books,2250.0,1691.5,Priority,Premium,Thursday,March,Cloudy,Medium,5,0,17.1,561.0,0
ORD-102739,Chennai,Mumbai,Books,878.0,1282.3,Standard,New,Tuesday,July,Clear,High,3,1,23.0,195.0,1
ORD-105053,Bengaluru,Nagpur,Books,788.0,1151.3,Express,Regular,Wednesday,June,Storm,Medium,2,0,20.0,271.0,0
ORD-104001,Chennai,Lucknow,Electronics,12313.0,2019.5,Economy,New,Tuesday,April,Rain,Low,2,0,9.9,189.0,1
ORD-101569,Bengaluru,Patna,Home & Kitchen,1987.0,1988.3,Express,New,Wednesday,December,Rain,High,2,1,10.8,402.0,1
ORD-102428,Chennai,Chennai,Books,1242.0,12.6,Express,Regular,Thursday,March,Cloudy,High,2,1,11.3,93.0,0
ORD-103747,Delhi,Kolkata,Groceries,1336.0,1569.8,Economy,Regular,Saturday,December,Cloudy,Medium,6,0,21.9,178.0,1
ORD-105616,Delhi,Bhopal,Sports,1860.0,735.0,Express,Regular,Monday,November,Fog,Medium,2,0,31.0,,0
ORD-101688,Bengaluru,Kolkata,Home & Kitchen,4160.0,1833.0,Express,Premium,Friday,October,Cloudy,Low,2,0,31.8,250.0,0
ORD-100852,Mumbai,Delhi,Home & Kitchen,2949.0,1520.2,Priority,Premium,Friday,May,Cloudy,Medium,1,1,16.8,398.0,1
ORD-103547,Bengaluru,Kolkata,Clothing,5369.0,1937.1,Standard,Premium,Wednesday,November,Clear,High,3,2,12.5,240.0,1
ORD-100896,Hyderabad,Bengaluru,Clothing,4558.0,619.5,Economy,New,Wednesday,December,Clear,Medium,4,2,17.8,119.0,1
ORD-104593,Chennai,Kochi,Beauty,1141.0,735.9,Standard,New,Tuesday,April,Clear,Low,1,0,12.1,108.0,0
ORD-100336,Bengaluru,Delhi,Books,288.0,2084.4,Priority,Premium,Wednesday,July,Cloudy,Medium,2,1,10.0,515.0,0
ORD-102840,Mumbai,Kolkata,Home & Kitchen,2971.0,2190.2,Economy,Regular,Monday,January,Cloudy,Low,5,0,9.3,231.0,1
ORD-103088,Bengaluru,Mumbai,Electronics,18964.0,1064.4,Standard,Regular,Monday,January,Fog,Medium,2,0,18.6,170.0,0
ORD-104612,Delhi,Chandigarh,Books,663.0,291.9,Standard,Regular,Tuesday,August,Rain,Medium,2,4,16.0,97.0,1
ORD-101349,Delhi,Chennai,Electronics,16473.0,2197.8,Standard,New,Thursday,December,Fog,High,3,1,19.0,284.0,1
ORD-101016,Mumbai,Visakhapatnam,Clothing,2522.0,1399.0,Express,Premium,Friday,February,Fog,Low,2,0,14.8,276.0,0
ORD-102817,Delhi,Nagpur,Groceries,1813.0,1007.7,Express,Premium,Monday,July,Clear,Low,6,1,7.1,324.0,0
ORD-101632,Kolkata,Kolkata,Furniture,39896.0,39.6,Economy,Premium,Saturday,November,Cloudy,Medium,1,0,25.5,89.0,0
ORD-102490,Bengaluru,Lucknow,Home & Kitchen,3161.0,1973.9,Priority,Regular,Saturday,November,Storm,Medium,2,0,12.7,490.0,1
ORD-103731,Hyderabad,Coimbatore,Sports,4622.0,903.1,Standard,Regular,Thursday,November,Clear,Medium,2,0,17.6,138.0,0
ORD-103252,Bengaluru,Delhi,Electronics,25014.0,2281.1,Standard,Premium,Friday,February,Fog,Medium,3,0,15.3,272.0,1
ORD-105610,Chennai,Ahmedabad,Clothing,,1689.4,Economy,Regular,Saturday,June,Clear,Low,4,1,17.4,184.0,1
ORD-102071,Kolkata,Hyderabad,Beauty,3092.0,1513.3,Standard,Regular,Saturday,April,Clear,High,1,3,13.2,194.0,0
ORD-104453,Chennai,Mumbai,Electronics,14028.0,1275.0,Express,New,Saturday,September,Clear,Low,2,2,20.7,296.0,0
ORD-105918,Kolkata,Kolkata,Clothing,5720.0,22.6,Economy,Regular,Monday,March,Clear,Low,2,0,9.5,57.0,0
ORD-105409,Delhi,Indore,Electronics,9676.0,807.3,Standard,Regular,Saturday,October,Clear,Medium,3,1,38.3,146.0,1
ORD-101636,Delhi,Ahmedabad,Books,322.0,1047.3,Economy,New,Wednesday,April,Cloudy,Medium,2,0,5.6,115.0,0
ORD-104647,Hyderabad,Hyderabad,Clothing,1722.0,34.1,Standard,Regular,Saturday,November,Clear,Medium,1,3,5.5,51.0,0
ORD-102480,Hyderabad,Mumbai,Electronics,8601.0,836.7,Express,Regular,Sunday,June,Cloudy,High,2,0,9.5,240.0,1
ORD-102266,Mumbai,Visakhapatnam,Groceries,1946.0,1404.3,Standard,New,Friday,May,Cloudy,Medium,2,0,,171.0,1
ORD-102960,Hyderabad,Kochi,Clothing,1342.0,1105.9,Standard,New,Friday,October,Fog,Low,4,1,2.4,208.0,0
ORD-105324,Mumbai,Nagpur,Furniture,10172.0,878.0,Express,Regular,Friday,December,Fog,Medium,2,2,48.1,281.0,0
ORD-105871,Chennai,Ahmedabad,Books,1283.0,1745.1,Standard,New,Saturday,December,Cloudy,Medium,2,0,5.0,237.0,0
ORD-103060,Delhi,Nagpur,Beauty,1828.0,1052.8,Express,Regular,Tuesday,December,Clear,High,1,0,9.5,239.0,0
ORD-105054,Mumbai,Hyderabad,Clothing,990.0,792.6,Express,Premium,Saturday,August,Cloudy,Low,3,1,13.2,200.0,0
ORD-102142,Delhi,Chennai,Groceries,1946.0,2138.9,Economy,New,Wednesday,November,Clear,Medium,4,1,4.9,225.0,0
ORD-105105,Kolkata,Nagpur,Groceries,1306.0,1181.6,Standard,New,Saturday,January,Cloudy,Low,5,0,8.9,272.0,0
ORD-103119,Delhi,Kochi,Clothing,,2621.8,Standard,Regular,Monday,November,Clear,Medium,3,1,22.3,319.0,0
ORD-105189,Hyderabad,Chennai,Clothing,2784.0,630.5,Standard,New,Friday,December,Fog,Medium,1,0,,117.0,0
ORD-105720,Mumbai,Visakhapatnam,Groceries,1491.0,1402.4,Express,Regular,Saturday,December,Fog,Medium,5,0,20.5,327.0,0
ORD-104046,Delhi,Hyderabad,Sports,1646.0,1616.3,Standard,Regular,Monday,October,Cloudy,High,1,0,21.4,177.0,1
ORD-103357,Bengaluru,Visakhapatnam,Beauty,3940.0,1057.8,Standard,Regular,Saturday,March,Rain,High,3,1,8.2,178.0,1
ORD-102745,Delhi,Jaipur,Furniture,50671.0,314.3,Priority,Premium,Wednesday,April,Rain,Medium,2,1,20.2,345.0,0
ORD-105093,Delhi,Kolkata,Electronics,20457.0,1684.3,Economy,Regular,Saturday,November,Rain,Medium,1,0,35.3,192.0,0
ORD-103507,Bengaluru,Jaipur,Clothing,2209.0,1980.0,Standard,Regular,Monday,February,Clear,Medium,6,0,10.8,341.0,0
ORD-101680,Bengaluru,Visakhapatnam,Sports,5345.0,944.6,Economy,Regular,Tuesday,December,Fog,High,1,0,8.9,120.0,0
ORD-104250,Kolkata,Pune,Electronics,87220.0,1887.9,Standard,Regular,Friday,November,Cloudy,Low,3,3,26.0,412.0,1
ORD-103148,Chennai,Hyderabad,Beauty,2729.0,629.2,Standard,New,Sunday,July,Storm,Low,3,1,7.6,131.0,0
ORD-102295,Delhi,Kolkata,Books,2061.0,1720.7,Economy,Regular,Monday,April,Clear,Medium,2,0,11.9,205.0,0
ORD-100581,Bengaluru,Mumbai,Home & Kitchen,6259.0,1029.6,Priority,Premium,Wednesday,September,Rain,Medium,2,1,13.5,303.0,0
ORD-101471,Hyderabad,Chandigarh,Clothing,1801.0,1894.1,Economy,New,Friday,June,Storm,Low,2,0,2.9,166.0,1
ORD-104800,Chennai,Nagpur,Electronics,13368.0,1135.8,Express,New,Saturday,April,Rain,Medium,2,2,15.5,266.0,1
ORD-104071,Delhi,Indore,Furniture,17736.0,812.9,Standard,Regular,Monday,August,,Medium,2,0,15.0,159.0,0
ORD-105309,Mumbai,Ahmedabad,Home & Kitchen,3313.0,545.7,Express,Premium,Monday,December,Cloudy,High,4,0,28.1,217.0,0
ORD-103344,Mumbai,Chandigarh,Clothing,4106.0,1631.7,Standard,Regular,Sunday,October,Storm,Low,4,0,12.9,232.0,0
ORD-104993,Chennai,Jaipur,Groceries,1523.0,1973.1,Standard,New,Tuesday,July,Rain,Low,7,1,16.0,301.0,0
ORD-104584,Hyderabad,Hyderabad,Books,3895.0,38.0,Standard,New,Monday,November,Cloudy,Medium,5,0,20.3,111.0,0
ORD-103673,Delhi,Pune,Clothing,986.0,1383.0,Express,Regular,Monday,December,Fog,High,1,2,11.5,259.0,1
ORD-100560,Bengaluru,Chennai,Groceries,2345.0,350.8,Standard,New,Friday,July,Rain,Low,4,1,7.8,112.0,0
ORD-105238,Mumbai,Mumbai,Beauty,2427.0,27.2,Express,Premium,Thursday,May,Clear,Medium,2,1,8.7,96.0,0
ORD-105216,Bengaluru,Bengaluru,Electronics,15225.0,26.7,Express,Regular,Monday,July,Cloudy,Medium,1,2,32.2,99.0,0
ORD-102850,Delhi,Visakhapatnam,Groceries,1298.0,1722.5,Standard,Regular,Saturday,September,Rain,High,7,0,11.4,265.0,0
ORD-100513,Mumbai,Chandigarh,Beauty,1007.0,1744.6,Economy,Regular,Saturday,November,Fog,Medium,1,0,19.0,171.0,1
ORD-104730,Delhi,Patna,Electronics,10436.0,1039.6,Priority,Premium,Friday,September,Rain,Medium,1,0,14.8,322.0,0
ORD-101082,Hyderabad,Nagpur,Sports,1295.0,541.0,Standard,Premium,Tuesday,October,Storm,Medium,2,2,9.7,96.0,1
ORD-101665,Hyderabad,Bhopal,Clothing,2117.0,810.2,Express,Regular,Friday,March,Clear,Low,6,0,10.3,303.0,0
ORD-101013,Bengaluru,Ahmedabad,Furniture,15065.0,1461.1,Standard,Regular,Thursday,March,Clear,Medium,2,0,18.4,192.0,0
ORD-101932,Bengaluru,Jaipur,Home & Kitchen,3684.0,2112.4,Priority,Premium,Tuesday,April,Fog,Low,2,0,35.6,587.0,0
ORD-101151,Mumbai,Jaipur,Electronics,7595.0,1158.8,Express,Premium,Friday,September,Clear,High,1,1,19.4,257.0,1
ORD-102839,Delhi,Chandigarh,Home & Kitchen,4118.0,318.9,Standard,Regular,Monday,March,Clear,Low,2,1,23.9,98.0,0
ORD-100117,Chennai,Delhi,Furniture,9779.0,2357.2,Economy,Regular,Sunday,November,,Low,1,0,25.4,220.0,1
ORD-100741,Mumbai,Kochi,Books,955.0,1316.8,Standard,Regular,Monday,May,Fog,Low,5,0,6.9,191.0,0
ORD-105819,Delhi,Bengaluru,Clothing,2672.0,2180.2,Express,New,Friday,April,Cloudy,Medium,1,2,22.1,386.0,0
ORD-105178,Mumbai,Kolkata,Beauty,1456.0,2011.0,Economy,New,Friday,October,Clear,High,4,0,28.6,196.0,1
ORD-103676,Kolkata,Bengaluru,Furniture,4323.0,2001.2,Standard,Regular,Saturday,October,Cloudy,Medium,1,1,33.9,217.0,1
ORD-100831,Bengaluru,Hyderabad,Home & Kitchen,13776.0,608.5,Economy,New,Wednesday,July,Cloudy,Medium,3,1,11.9,116.0,0
ORD-100120,Chennai,Ahmedabad,Electronics,30850.0,1590.8,Standard,Regular,Wednesday,December,Rain,Low,1,0,14.1,221.0,1
ORD-104753,Delhi,Kolkata,Home & Kitchen,2680.0,1741.7,Economy,New,Thursday,April,Clear,High,2,0,25.4,142.0,0
ORD-105785,Delhi,Kolkata,Sports,3590.0,1578.9,Standard,Regular,Saturday,November,Clear,Medium,3,1,12.8,217.0,1
ORD-105737,Bengaluru,Mumbai,Clothing,941.0,1080.5,Standard,Regular,Wednesday,July,Cloudy,Low,1,1,4.1,146.0,0
ORD-105989,Hyderabad,Pune,Home & Kitchen,1302.0,636.4,Express,Premium,Saturday,April,Clear,Low,1,0,15.7,146.0,0
ORD-100636,Mumbai,Chennai,Home & Kitchen,1589.0,1304.1,Economy,New,Friday,March,Clear,,2,1,15.4,129.0,0
ORD-104466,Mumbai,Nagpur,Groceries,1515.0,919.5,Economy,Regular,Monday,March,Clear,Low,4,1,7.2,150.0,0
ORD-104365,Chennai,Bengaluru,Clothing,5009.0,348.6,Standard,Regular,Sunday,February,Cloudy,Low,1,0,3.4,75.0,0
ORD-104143,Mumbai,Coimbatore,Beauty,3215.0,1278.9,Standard,Regular,Saturday,October,Clear,Low,4,1,17.8,206.0,0
ORD-100992,Chennai,Chennai,Clothing,2826.0,23.7,Express,Premium,Saturday,November,Clear,High,3,0,24.0,106.0,0
ORD-100877,Delhi,Ahmedabad,Clothing,3789.0,938.5,Standard,Regular,Friday,February,Clear,Medium,1,0,12.7,117.0,0
ORD-104870,Chennai,Visakhapatnam,Furniture,11928.0,770.8,Standard,Regular,Monday,March,Clear,Medium,1,1,17.5,148.0,0
ORD-105316,Delhi,Chennai,Furniture,12604.0,2112.1,Express,Regular,Sunday,March,Rain,Medium,1,2,,394.0,1
ORD-105223,Mumbai,Bengaluru,Home & Kitchen,5629.0,1062.3,Standard,New,Friday,December,Storm,Medium,3,0,13.4,194.0,1
ORD-100005,Mumbai,Bengaluru,Home & Kitchen,5380.0,969.3,Economy,New,Friday,February,Clear,Medium,2,0,14.8,135.0,0
ORD-103052,Mumbai,Jaipur,Groceries,1088.0,1127.5,Priority,Premium,Monday,March,Clear,Medium,2,2,16.8,270.0,0
ORD-103125,Mumbai,Nagpur,Beauty,811.0,813.1,Express,Regular,Monday,August,Storm,High,1,0,9.0,215.0,0
ORD-102661,Kolkata,Chennai,Clothing,3488.0,1779.6,Economy,Regular,Saturday,December,Cloudy,High,3,1,33.8,183.0,1
ORD-102492,Delhi,Pune,Electronics,15572.0,1462.9,Economy,Regular,Friday,January,Cloudy,High,1,0,32.1,150.0,1
ORD-105174,Mumbai,Pune,Electronics,8104.0,156.1,Economy,Regular,Thursday,December,Cloudy,Medium,1,2,20.7,60.0,0
ORD-103855,Bengaluru,Bengaluru,Furniture,7279.0,43.8,Priority,New,Saturday,July,Cloudy,Medium,1,0,35.4,143.0,0
ORD-104934,Delhi,Indore,Electronics,26032.0,843.4,Standard,Regular,Tuesday,April,Clear,High,1,2,10.3,166.0,1
ORD-104778,Mumbai,Hyderabad,Sports,3484.0,755.2,Economy,New,Thursday,October,Clear,High,3,0,12.3,96.0,0
ORD-101716,Kolkata,Bengaluru,Furniture,6837.0,1830.5,Standard,Regular,Sunday,February,Fog,Low,1,0,25.5,230.0,0
ORD-101149,Bengaluru,Lucknow,Clothing,6239.0,1915.7,Economy,Regular,Friday,August,Storm,Low,2,1,23.0,182.0,1
ORD-103262,Chennai,Bengaluru,Furniture,7340.0,372.0,Express,Regular,Monday,May,Fog,Medium,2,1,20.3,149.0,0
ORD-100575,Kolkata,Hyderabad,Clothing,3919.0,1485.1,Express,Regular,Monday,May,Cloudy,High,5,0,26.1,362.0,0
ORD-103770,Chennai,Bengaluru,Groceries,1664.0,367.9,Express,Regular,Friday,November,Cloudy,Medium,10,1,5.0,298.0,0
ORD-103737,Delhi,Ahmedabad,Clothing,4755.0,962.4,Standard,Regular,Tuesday,October,Clear,Medium,3,1,29.5,194.0,0
ORD-104147,Mumbai,Ahmedabad,Beauty,1698.0,562.9,Economy,New,Sunday,April,Clear,Low,1,0,5.9,79.0,0
ORD-100854,Hyderabad,Delhi,Home & Kitchen,6714.0,1567.4,Standard,Regular,Sunday,October,Clear,Medium,1,0,26.9,258.0,0
ORD-101983,Kolkata,Pune,Electronics,15741.0,1959.6,Standard,Regular,Friday,April,Clear,Low,2,1,14.5,250.0,0
ORD-102775,Chennai,Kolkata,Clothing,3653.0,1584.0,Standard,Regular,Tuesday,September,Cloudy,High,3,0,20.1,219.0,1
ORD-104930,Delhi,Delhi,Electronics,18863.0,13.7,Express,Premium,Tuesday,December,Fog,High,3,1,12.5,142.0,0
ORD-105212,Delhi,Mumbai,Clothing,2434.0,1378.6,Express,Premium,Saturday,September,Rain,Medium,2,0,29.4,272.0,0
ORD-101167,Kolkata,Lucknow,Home & Kitchen,1442.0,1103.4,Standard,New,Sunday,November,Clear,Low,2,0,35.9,164.0,1
ORD-100972,Mumbai,Delhi,Clothing,1413.0,1475.3,Express,Premium,Saturday,November,Clear,High,5,0,14.1,392.0,0
ORD-102702,Bengaluru,Jaipur,Electronics,16416.0,1937.8,Standard,New,Tuesday,December,Cloudy,Medium,1,1,21.5,223.0,0
ORD-104496,Delhi,Nagpur,Furniture,42154.0,1017.4,Economy,Regular,Monday,December,Clear,Medium,2,2,20.2,175.0,0
ORD-103848,Chennai,Delhi,Home & Kitchen,4781.0,2191.1,Standard,Regular,Saturday,May,Clear,Medium,3,1,13.8,216.0,0
ORD-102369,Delhi,Delhi,Electronics,10478.0,42.5,Standard,New,Thursday,June,Cloudy,High,1,0,23.0,80.0,1
ORD-104116,Delhi,Hyderabad,Beauty,1403.0,1526.6,Express,Premium,Sunday,December,Fog,Low,2,2,12.9,259.0,1
ORD-104781,Delhi,Hyderabad,Groceries,348.0,1473.8,Standard,Regular,Thursday,September,Storm,High,1,1,23.3,195.0,1
ORD-104132,Chennai,Bengaluru,Beauty,1790.0,367.7,Standard,New,Monday,February,Clear,High,2,1,16.8,118.0,0
ORD-102951,Mumbai,Coimbatore,Clothing,1269.0,1259.6,Express,Regular,Monday,February,Fog,Low,1,0,24.4,242.0,0
ORD-105626,Bengaluru,Coimbatore,Groceries,1217.0,274.5,Express,Regular,Tuesday,January,Cloudy,High,4,0,23.3,212.0,0
ORD-100525,Mumbai,Delhi,Home & Kitchen,2358.0,1475.3,Standard,Regular,Friday,October,Cloudy,Medium,4,1,33.8,214.0,0
ORD-102456,Bengaluru,Bengaluru,Books,355.0,16.0,Standard,New,Saturday,November,Clear,Low,1,1,8.8,52.0,0
ORD-105017,Bengaluru,Indore,Furniture,18614.0,1375.9,Standard,Regular,Monday,February,Fog,Medium,2,2,22.4,219.0,0
ORD-101842,Bengaluru,Chennai,Sports,3626.0,359.4,Priority,Regular,Friday,November,Clear,Low,2,1,23.2,226.0,0
ORD-100538,Mumbai,Kochi,Clothing,2365.0,1387.7,Standard,Regular,Sunday,October,Clear,Medium,3,5,5.6,191.0,1
ORD-102807,Delhi,Ahmedabad,Sports,1504.0,908.7,Standard,Regular,Sunday,March,Rain,Low,1,1,16.5,141.0,0
ORD-105597,Hyderabad,Delhi,Books,4016.0,1610.0,Standard,Regular,Tuesday,February,Fog,Medium,1,4,1.0,,0
ORD-104342,Mumbai,Visakhapatnam,Electronics,15876.0,1375.6,Standard,Regular,Wednesday,February,Cloudy,Medium,1,2,8.5,176.0,0
ORD-103176,Mumbai,Visakhapatnam,Electronics,6125.0,1387.4,Priority,Regular,Wednesday,January,Storm,Medium,1,2,10.6,397.0,0
ORD-100785,Hyderabad,Kolkata,Books,1625.0,1503.2,Express,Regular,Saturday,September,Rain,Medium,3,1,17.2,304.0,0
ORD-104058,Hyderabad,Delhi,Home & Kitchen,3187.0,1538.2,Priority,Regular,Tuesday,April,Fog,High,2,0,18.4,451.0,1
ORD-101410,Chennai,Chennai,Clothing,1893.0,15.3,Standard,New,Wednesday,July,Rain,High,1,0,8.2,53.0,1
ORD-102538,Delhi,Pune,Sports,3371.0,1532.7,Express,New,Wednesday,June,Cloudy,High,3,1,8.1,287.0,0
ORD-100155,Mumbai,Hyderabad,Beauty,1470.0,759.0,Economy,Premium,Monday,December,Cloudy,Medium,2,1,11.6,121.0,0
ORD-103010,Chennai,Ahmedabad,Groceries,1994.0,1753.4,Economy,Regular,Thursday,November,Clear,Low,6,2,10.8,189.0,1
ORD-101687,Bengaluru,Hyderabad,Groceries,1812.0,628.5,Priority,Premium,Sunday,June,Rain,Medium,3,0,9.6,273.0,0
ORD-102902,Hyderabad,Patna,Electronics,17138.0,1492.2,Express,Regular,Friday,September,Rain,Low,3,3,8.1,398.0,0
ORD-105999,Kolkata,Mumbai,Beauty,1217.0,2125.8,Standard,Regular,Saturday,October,Clear,Low,1,0,19.8,248.0,0
ORD-104722,Bengaluru,Chennai,Furniture,16681.0,353.3,Standard,New,Friday,July,Rain,High,1,0,13.8,100.0,0
ORD-103864,Delhi,Pune,Beauty,1727.0,1503.4,Priority,Premium,Wednesday,September,Cloudy,High,3,1,21.6,426.0,0
ORD-102734,Delhi,Hyderabad,Groceries,3580.0,1494.8,Standard,Regular,Monday,September,Rain,Medium,5,1,30.5,231.0,1
ORD-101896,Mumbai,Kolkata,Electronics,51255.0,1956.0,Economy,Regular,Monday,February,Cloudy,Medium,2,1,21.6,248.0,1
ORD-105443,Kolkata,Chennai,Clothing,2606.0,1803.1,Standard,Regular,Monday,September,Cloudy,High,4,1,22.0,223.0,1
ORD-100570,Bengaluru,Patna,Sports,1050.0,2070.2,Standard,Regular,Friday,February,Clear,Low,3,1,2.3,275.0,1
ORD-101817,Kolkata,Jaipur,Electronics,28206.0,1690.5,Economy,Regular,Saturday,June,Clear,Low,2,1,19.4,212.0,0
ORD-102066,Hyderabad,Bhopal,Sports,3007.0,869.3,Standard,New,Saturday,January,Fog,Low,3,0,7.8,159.0,0
ORD-100128,Mumbai,Ahmedabad,Furniture,15993.0,558.6,Standard,New,Thursday,February,Clear,Low,1,0,31.1,112.0,0
ORD-103395,Chennai,Lucknow,Sports,3101.0,2061.6,Priority,Premium,Tuesday,December,Clear,High,3,1,53.4,596.0,1
ORD-103328,Kolkata,Bengaluru,Groceries,2525.0,1991.5,Priority,Premium,Sunday,February,Fog,Medium,7,0,2.3,560.0,0
ORD-102654,Chennai,Bengaluru,Home & Kitchen,4797.0,333.8,Express,Premium,Tuesday,February,Clear,High,3,1,18.2,152.0,0
ORD-102976,Kolkata,Bengaluru,Groceries,2078.0,1970.2,Standard,Regular,Friday,October,Cloudy,Low,7,1,9.0,320.0,1
ORD-100981,Hyderabad,Visakhapatnam,Clothing,13210.0,626.2,Express,Regular,Friday,November,Cloudy,Low,4,3,50.3,219.0,0
ORD-102301,Hyderabad,Kolkata,Electronics,10181.0,1471.2,Standard,Regular,Sunday,July,,Low,2,1,26.7,195.0,0
ORD-100191,Hyderabad,Nagpur,Furniture,13991.0,506.0,Standard,New,Friday,September,Clear,Low,1,0,31.6,141.0,0
ORD-101140,Chennai,Bhopal,Electronics,12637.0,1507.8,Standard,New,Wednesday,October,Storm,High,1,2,38.0,199.0,1
ORD-105089,Hyderabad,Nagpur,Clothing,1380.0,568.4,Priority,Regular,Tuesday,November,Storm,Medium,2,1,8.9,231.0,0
ORD-100700,Delhi,Jaipur,Clothing,3483.0,291.1,Economy,New,Thursday,March,Cloudy,Medium,4,0,8.1,81.0,0
ORD-105786,Chennai,Ahmedabad,Home & Kitchen,,1659.5,Standard,Regular,Tuesday,November,Clear,Medium,5,1,15.2,281.0,1
ORD-100607,Kolkata,Nagpur,Books,506.0,1208.7,Standard,New,Saturday,July,Cloudy,High,1,0,10.4,175.0,0
ORD-104277,Delhi,Lucknow,Electronics,15785.0,534.8,Express,Regular,Saturday,June,Storm,Medium,3,3,16.2,208.0,0
ORD-100302,Mumbai,Hyderabad,Groceries,1274.0,764.6,Express,Regular,Thursday,August,Cloudy,Medium,4,1,13.7,220.0,0
ORD-103421,Kolkata,Bengaluru,Beauty,2735.0,2012.7,Standard,New,Sunday,May,Cloudy,Low,1,0,26.0,250.0,0
ORD-105833,Delhi,Jaipur,Electronics,16305.0,310.3,Standard,New,Saturday,December,Fog,Low,5,1,16.4,156.0,0
ORD-101061,Hyderabad,Chandigarh,Electronics,19856.0,1962.2,Standard,Regular,Sunday,May,Cloudy,Medium,2,0,11.0,218.0,0
ORD-102566,Delhi,Delhi,Books,532.0,27.5,Economy,Regular,Friday,January,Fog,Low,1,1,17.8,39.0,0
ORD-101653,Delhi,Indore,Electronics,14479.0,846.0,Express,Premium,Friday,November,Clear,Low,3,0,16.9,266.0,0
ORD-101070,Delhi,Kolkata,Books,924.0,1499.8,Express,Premium,Saturday,December,Fog,Low,3,0,17.8,279.0,1
ORD-102525,Hyderabad,Bhopal,Home & Kitchen,4930.0,784.0,Standard,Regular,Friday,August,Rain,Medium,5,0,12.4,144.0,1
ORD-102206,Bengaluru,Delhi,Groceries,2524.0,2169.4,Express,Regular,Sunday,May,Cloudy,Medium,5,0,10.7,395.0,0
ORD-101244,Mumbai,Mumbai,Groceries,2459.0,13.8,Economy,New,Friday,July,Rain,Medium,8,1,7.5,94.0,0
ORD-100017,Bengaluru,Bhopal,Books,1291.0,1384.6,Priority,Premium,Sunday,April,Clear,Medium,3,0,1.0,414.0,0
ORD-103121,Mumbai,Kochi,Home & Kitchen,6184.0,1308.9,Economy,Regular,Thursday,August,,Low,3,1,14.0,159.0,1
ORD-102747,Mumbai,Kolkata,Books,326.0,2035.9,Express,Regular,Tuesday,July,Rain,Low,1,2,18.1,388.0,0
ORD-104643,Bengaluru,Mumbai,Clothing,3284.0,991.0,Priority,Regular,Sunday,January,Fog,Medium,5,1,12.1,403.0,0
ORD-104755,Hyderabad,Kolkata,Clothing,3169.0,1444.6,Standard,Premium,Wednesday,February,Clear,High,2,0,24.1,164.0,0
ORD-100816,Hyderabad,Chandigarh,Home & Kitchen,1049.0,1841.2,Standard,Regular,Friday,June,Cloudy,Medium,1,0,6.4,248.0,0
ORD-103068,Mumbai,Kochi,Clothing,1544.0,1315.4,Standard,Premium,Saturday,March,Storm,High,1,1,11.9,172.0,1
ORD-105791,Kolkata,Lucknow,Sports,3717.0,1086.2,Priority,Premium,Wednesday,August,Cloudy,Low,2,1,9.8,347.0,0
ORD-105601,Bengaluru,Nagpur,Clothing,3126.0,1097.2,Standard,New,Saturday,December,Fog,High,4,0,11.0,190.0,1
ORD-100960,Bengaluru,Patna,Sports,3882.0,1857.5,Economy,Regular,Saturday,May,Clear,High,1,1,17.1,191.0,1
ORD-104894,Delhi,Hyderabad,Furniture,20075.0,1619.4,Priority,Regular,Sunday,December,Rain,Medium,2,0,36.4,538.0,0
ORD-100226,Hyderabad,Bengaluru,Books,1730.0,604.8,Economy,New,Thursday,August,Cloudy,High,2,1,4.4,92.0,1
ORD-103355,Bengaluru,Kolkata,Clothing,1849.0,2032.0,Express,New,Saturday,November,Cloudy,High,2,0,10.2,374.0,0
ORD-102486,Delhi,Nagpur,Electronics,7614.0,1055.5,Standard,Regular,Tuesday,November,Cloudy,Low,1,1,17.4,164.0,0
ORD-100563,Kolkata,Bengaluru,Books,1194.0,1912.0,Express,New,Sunday,November,Cloudy,Medium,3,1,14.4,374.0,0
ORD-103437,Delhi,Chennai,Books,284.0,2065.5,Standard,Regular,Wednesday,June,Cloudy,High,2,1,23.2,249.0,1
ORD-101694,Chennai,Chennai,Electronics,17731.0,16.1,Priority,Regular,Sunday,November,Clear,Low,4,0,13.9,247.0,0
ORD-101046,Delhi,Visakhapatnam,Electronics,15990.0,1794.7,Standard,Regular,Friday,March,Clear,High,2,2,10.9,233.0,0
ORD-103447,Chennai,Jaipur,Electronics,6765.0,1948.6,Standard,Regular,Sunday,October,Clear,Medium,1,0,10.8,225.0,0
ORD-104566,Chennai,Hyderabad,Home & Kitchen,,657.2,Economy,Regular,Friday,May,Clear,High,3,2,10.8,115.0,0
ORD-100955,Hyderabad,Lucknow,Books,1166.0,1361.1,Standard,Regular,Thursday,November,Clear,High,5,1,23.5,233.0,0
ORD-103822,Chennai,Patna,Sports,1220.0,1768.2,Express,Regular,Monday,December,Fog,Medium,3,1,5.1,376.0,0
ORD-102736,Bengaluru,Chennai,Electronics,14888.0,365.6,Standard,New,Friday,November,Clear,Medium,1,1,23.1,108.0,0
ORD-105944,Kolkata,Chennai,Electronics,9674.0,1752.1,Standard,Regular,Sunday,November,Cloudy,High,2,0,25.8,272.0,0
ORD-104736,Chennai,Hyderabad,Sports,1429.0,614.7,Express,Premium,Monday,October,Storm,Low,2,3,44.6,156.0,0
ORD-105836,Mumbai,Nagpur,Sports,3142.0,903.0,Economy,New,Sunday,April,Storm,High,3,0,14.4,121.0,0
ORD-101219,Chennai,Chennai,Clothing,2915.0,30.6,Express,Premium,Saturday,September,Rain,High,7,0,10.5,178.0,0
ORD-105255,Chennai,Hyderabad,Furniture,4541.0,618.4,Standard,Regular,Wednesday,July,Rain,High,1,0,30.1,106.0,1
ORD-105512,Bengaluru,Visakhapatnam,Books,,1054.7,Express,New,Monday,December,Fog,Low,5,0,20.2,284.0,0
ORD-101528,Bengaluru,Mumbai,Electronics,21591.0,1106.2,Standard,Regular,Sunday,June,Rain,Medium,1,1,9.6,183.0,0
ORD-103988,Bengaluru,Mumbai,Electronics,26384.0,1096.5,Standard,New,Thursday,June,Cloudy,High,2,0,19.4,185.0,0
ORD-105980,Chennai,Patna,Clothing,7935.0,1805.7,Standard,Premium,Friday,December,Fog,Low,5,1,9.6,238.0,1
ORD-101301,Mumbai,Hyderabad,Clothing,3157.0,747.7,Standard,Regular,Friday,October,Cloudy,Medium,3,0,12.5,138.0,0
ORD-105929,Kolkata,Lucknow,Beauty,1198.0,1171.7,Standard,New,Saturday,November,Cloudy,High,2,0,24.1,160.0,1
ORD-105700,Mumbai,Mumbai,Home & Kitchen,8262.0,25.7,Standard,Premium,Tuesday,March,Clear,High,3,3,22.0,71.0,0
ORD-100161,Mumbai,Kolkata,Groceries,1098.0,2135.5,Express,Premium,Thursday,December,Fog,Low,7,2,26.2,496.0,0
ORD-104068,Chennai,Visakhapatnam,Clothing,3309.0,795.9,Standard,Premium,Wednesday,August,Rain,Low,3,0,12.8,126.0,0
ORD-100957,Kolkata,Chennai,Clothing,2402.0,1631.4,Express,New,Monday,April,Storm,High,4,0,7.5,448.0,1
ORD-103792,Delhi,Bengaluru,Clothing,1551.0,2217.4,Standard,Regular,Monday,February,Storm,Low,4,0,3.5,255.0,0
ORD-103235,Mumbai,Bengaluru,Clothing,2913.0,1009.8,Standard,Regular,Friday,November,Cloudy,Low,3,0,45.7,160.0,0
ORD-102870,Mumbai,Kolkata,Home & Kitchen,5900.0,2042.0,Standard,New,Wednesday,September,Rain,Medium,3,0,17.0,248.0,0
ORD-103778,Mumbai,Kolkata,Sports,5951.0,2122.4,Standard,Regular,Monday,January,Fog,High,4,3,13.5,272.0,1
ORD-104434,Delhi,Hyderabad,Books,521.0,1574.6,Standard,Premium,Tuesday,July,Rain,Medium,2,2,29.9,159.0,0
ORD-104974,Kolkata,Delhi,Home & Kitchen,1252.0,1686.3,Standard,Premium,Sunday,June,Storm,Medium,3,0,11.9,193.0,1
ORD-102962,Hyderabad,Delhi,Books,735.0,1409.0,Priority,Regular,Wednesday,August,Rain,Medium,1,1,5.4,397.0,0
ORD-102201,Mumbai,Ahmedabad,Electronics,22678.0,572.3,Express,Regular,Wednesday,January,Clear,Low,2,1,20.3,214.0,0
ORD-100099,Mumbai,Kolkata,Books,481.0,2076.1,Express,Regular,Wednesday,September,Clear,Medium,2,1,7.2,328.0,0
ORD-105894,Kolkata,Mumbai,Home & Kitchen,10680.0,2040.1,Express,Premium,Tuesday,April,Clear,Medium,4,0,14.0,368.0,1
ORD-102558,Delhi,Lucknow,Sports,4913.0,558.0,Express,Regular,Thursday,July,Rain,Low,2,1,31.3,190.0,1
ORD-103184,Mumbai,Visakhapatnam,Clothing,6624.0,1398.0,Economy,Regular,Friday,May,Rain,Medium,2,0,19.2,176.0,1
ORD-100254,Delhi,Delhi,Groceries,3749.0,8.9,Priority,Regular,Tuesday,February,Fog,High,4,1,2.6,209.0,0
ORD-103924,Hyderabad,Ahmedabad,Sports,1305.0,1167.4,Economy,Regular,Friday,April,Storm,Medium,1,1,16.1,128.0,1
ORD-104200,Mumbai,Mumbai,Groceries,1427.0,19.0,Standard,New,Monday,October,Cloudy,Medium,5,1,11.1,108.0,0
ORD-101446,Bengaluru,Kolkata,Furniture,11887.0,2078.8,Express,New,Friday,December,Rain,High,1,0,33.0,460.0,1
ORD-105540,Mumbai,Mumbai,Beauty,2253.0,36.3,Express,Regular,Sunday,March,Cloudy,High,3,2,11.8,128.0,0
ORD-101649,Hyderabad,Coimbatore,Clothing,3147.0,896.2,Economy,Regular,Tuesday,August,Rain,High,3,2,10.6,132.0,1
ORD-104683,Kolkata,Mumbai,Books,1018.0,2203.8,Standard,Regular,Wednesday,October,Clear,Medium,4,1,21.8,258.0,1
ORD-104724,Bengaluru,Chandigarh,Groceries,2240.0,2407.2,Standard,Regular,Monday,October,Cloudy,High,6,0,9.5,260.0,0
ORD-103992,Delhi,Delhi,Furniture,8943.0,43.8,Economy,Regular,Friday,January,Clear,High,1,1,38.1,49.0,1
ORD-101697,Mumbai,Coimbatore,Groceries,3614.0,1358.8,Standard,Regular,Sunday,September,Clear,Medium,5,0,13.2,214.0,1
ORD-103192,Mumbai,Coimbatore,Clothing,3427.0,1317.5,Standard,New,Wednesday,October,Rain,Medium,3,1,31.2,185.0,0
ORD-104500,Kolkata,Mumbai,Beauty,1068.0,2043.5,Express,Premium,Saturday,February,Clear,Low,3,0,35.5,338.0,0
ORD-101155,Bengaluru,Mumbai,Electronics,17993.0,1031.4,Standard,Premium,Monday,November,Clear,Medium,2,0,31.0,174.0,0
ORD-102256,Bengaluru,Chandigarh,Beauty,959.0,2370.0,Express,New,Thursday,May,Clear,Medium,3,1,11.7,407.0,0
ORD-101683,Chennai,Hyderabad,Books,3033.0,640.3,Express,Regular,Saturday,May,Cloudy,Medium,2,0,22.5,178.0,0
ORD-103171,Hyderabad,Chandigarh,Electronics,6133.0,1820.4,Standard,Regular,Friday,November,Clear,Low,1,1,8.4,233.0,1
ORD-102057,Hyderabad,Jaipur,Home & Kitchen,6107.0,1443.9,Standard,Premium,Sunday,April,Cloudy,Low,2,0,28.0,167.0,0
ORD-104091,Mumbai,Kolkata,Books,1825.0,2110.6,Economy,Premium,Wednesday,July,Cloudy,Low,7,1,19.2,230.0,0
ORD-105913,Bengaluru,Pune,Clothing,2422.0,941.6,Economy,Regular,Thursday,August,Rain,Low,2,0,4.8,135.0,0
ORD-103109,Mumbai,Mumbai,Clothing,6748.0,25.2,Express,Regular,Monday,December,Fog,Medium,3,1,25.0,134.0,0
ORD-104549,Chennai,Jaipur,Sports,3151.0,1869.9,Economy,Regular,Saturday,November,Cloudy,Medium,2,2,30.8,187.0,0
ORD-103724,Delhi,Delhi,Electronics,12040.0,35.8,Express,New,Sunday,October,Clear,Medium,3,0,19.6,,0
ORD-105424,Mumbai,Bengaluru,Sports,5274.0,1069.6,Standard,Regular,Saturday,October,Clear,High,4,0,6.7,178.0,0
ORD-102050,Delhi,Kolkata,Groceries,2144.0,1604.9,Standard,Premium,Tuesday,March,Cloudy,Medium,4,1,14.1,201.0,0
ORD-104977,Bengaluru,Hyderabad,Clothing,6029.0,638.0,Standard,New,Sunday,April,Fog,High,2,0,2.1,123.0,0
ORD-103644,Mumbai,Bengaluru,Electronics,22731.0,1084.0,Express,Premium,Saturday,November,Clear,Medium,1,0,32.3,265.0,0
ORD-105975,Hyderabad,Bengaluru,Electronics,25829.0,616.3,Economy,Regular,Wednesday,May,Cloudy,Medium,1,0,10.9,108.0,1
ORD-100624,Bengaluru,Hyderabad,Sports,4403.0,632.8,Economy,Regular,Sunday,June,Cloudy,Medium,3,2,7.1,105.0,0
ORD-100263,Delhi,Bengaluru,Groceries,1407.0,2177.4,Express,New,Friday,September,Clear,Medium,11,0,29.1,649.0,1
ORD-105731,Delhi,Nagpur,Groceries,1667.0,1073.0,Express,Regular,Monday,November,Rain,Medium,1,2,4.1,237.0,1
ORD-103370,Bengaluru,Mumbai,Home & Kitchen,1115.0,1011.1,Express,Premium,Saturday,December,Cloudy,Medium,4,0,11.7,233.0,0
ORD-104062,Chennai,Hyderabad,Clothing,1334.0,676.9,Economy,Regular,Sunday,August,Cloudy,Medium,2,0,10.7,105.0,0
ORD-105535,Kolkata,Bengaluru,Clothing,3814.0,2033.5,Standard,Regular,Monday,April,Cloudy,High,4,2,28.2,317.0,0
ORD-101803,Mumbai,Delhi,Sports,1008.0,1399.4,Standard,Premium,Monday,December,Clear,Medium,2,0,33.8,137.0,0
ORD-104737,Chennai,Delhi,Beauty,1995.0,2232.2,Standard,New,Tuesday,November,Cloudy,Medium,5,1,18.8,274.0,1
ORD-105460,Mumbai,Ahmedabad,Clothing,1362.0,549.5,Express,Premium,Tuesday,April,Clear,Medium,2,0,13.6,168.0,0
ORD-102386,Kolkata,Delhi,Sports,9622.0,1622.8,Economy,Regular,Monday,March,Cloudy,High,3,3,14.4,216.0,1
ORD-105760,Mumbai,Jaipur,Electronics,25666.0,1254.4,Standard,Regular,Saturday,August,Rain,Medium,3,2,21.6,212.0,1
ORD-101960,Bengaluru,Pune,Electronics,41395.0,939.3,Standard,Regular,Tuesday,December,Fog,High,2,0,20.3,184.0,0
ORD-102977,Chennai,Ahmedabad,Electronics,26856.0,1784.0,Priority,Premium,Wednesday,June,Cloudy,Low,1,0,20.5,532.0,0
ORD-100489,Bengaluru,Ahmedabad,Books,486.0,1521.7,Standard,New,Saturday,April,Clear,Low,2,0,7.9,193.0,0
ORD-101844,Hyderabad,Kochi,Electronics,32406.0,1017.9,Standard,New,Friday,February,Rain,Low,3,0,19.2,203.0,0
ORD-101735,Kolkata,Mumbai,Beauty,582.0,2187.0,Economy,New,Monday,September,Storm,Low,3,0,9.7,205.0,0
ORD-102912,Mumbai,Indore,Electronics,8540.0,616.9,Economy,New,Friday,June,Clear,Low,2,1,19.8,98.0,0
ORD-103220,Delhi,Bhopal,Electronics,28363.0,776.8,Economy,Regular,Friday,January,Fog,Medium,3,3,9.1,138.0,0
ORD-100147,Delhi,Mumbai,Home & Kitchen,4177.0,1553.0,Economy,Regular,Thursday,September,Clear,High,2,2,24.6,193.0,1
ORD-105631,Delhi,Kolkata,Clothing,1739.0,1503.8,Priority,Premium,Thursday,October,Storm,Medium,2,1,28.7,390.0,1
ORD-101987,Delhi,Pune,Home & Kitchen,7049.0,1536.4,Economy,Regular,Sunday,June,Cloudy,Low,2,3,5.4,151.0,0
ORD-101370,Delhi,Pune,Home & Kitchen,11445.0,1496.3,Standard,New,Friday,October,Cloudy,Medium,3,0,23.1,207.0,1
ORD-102812,Kolkata,Visakhapatnam,Clothing,1689.0,998.3,Economy,New,Thursday,December,Fog,Medium,2,0,22.6,116.0,1
ORD-100660,Delhi,Hyderabad,Electronics,30278.0,1586.0,Express,New,Friday,May,Clear,Medium,1,0,56.7,413.0,1
ORD-101795,Hyderabad,Kolkata,Sports,6016.0,1532.2,Economy,Regular,Thursday,August,Clear,Medium,1,1,13.9,147.0,0
ORD-102512,Delhi,Indore,Sports,5657.0,851.4,Express,Regular,Monday,December,Fog,High,3,1,9.7,250.0,0
ORD-103398,Mumbai,Nagpur,Home & Kitchen,2390.0,835.9,Standard,Regular,Monday,April,Clear,Medium,2,1,18.9,133.0,0
ORD-104283,Bengaluru,Hyderabad,Sports,1623.0,639.4,Express,Regular,Thursday,June,Rain,Medium,3,0,24.0,196.0,0
ORD-101148,Kolkata,Mumbai,Electronics,17155.0,2101.4,Express,Premium,Thursday,July,Cloudy,Medium,2,1,20.0,401.0,0
ORD-103273,Chennai,Pune,Clothing,5700.0,1107.3,Express,Premium,Monday,December,Fog,Low,4,0,14.1,247.0,0
ORD-100609,Chennai,Bengaluru,Furniture,42316.0,367.7,Standard,Regular,Monday,August,Cloudy,High,1,0,19.7,160.0,1
ORD-103583,Delhi,Chennai,Sports,,2167.5,Standard,Premium,Sunday,January,Clear,Medium,2,1,13.8,194.0,0
ORD-101931,Chennai,Coimbatore,Home & Kitchen,6400.0,553.5,Standard,New,Wednesday,January,Clear,Medium,4,0,19.3,149.0,0
ORD-100198,Kolkata,Bhopal,Books,3002.0,1337.3,Standard,Regular,Monday,December,Clear,Low,6,0,12.9,201.0,1
ORD-102932,Mumbai,Chennai,Groceries,2405.0,1359.2,Economy,Regular,Saturday,October,Cloudy,High,8,1,6.3,204.0,1
ORD-102328,Mumbai,Jaipur,Electronics,14469.0,1131.2,Standard,New,Saturday,November,Cloudy,Low,2,0,22.3,259.0,0
ORD-104390,Bengaluru,Chandigarh,Beauty,1747.0,2371.3,Standard,Regular,Thursday,August,Rain,Medium,1,1,3.7,222.0,0
ORD-100767,Mumbai,Mumbai,Electronics,8842.0,12.0,Standard,Regular,Wednesday,August,Rain,Low,2,5,31.4,75.0,0
ORD-104497,Bengaluru,Delhi,Groceries,1247.0,2193.9,Economy,Regular,Thursday,September,Rain,Medium,4,0,5.8,231.0,1
ORD-104219,Hyderabad,Bengaluru,Groceries,748.0,666.5,Economy,Regular,Wednesday,April,Clear,Low,6,0,9.4,131.0,0
ORD-103256,Kolkata,Chennai,Clothing,971.0,1654.2,Standard,New,Sunday,March,Clear,Low,2,0,11.1,213.0,0
ORD-100203,Bengaluru,Jaipur,Home & Kitchen,2705.0,1939.7,Economy,Regular,Saturday,October,Rain,Medium,4,0,26.8,202.0,0
ORD-103511,Hyderabad,Kochi,Clothing,1238.0,1042.8,Standard,New,Friday,February,Clear,Medium,1,0,4.0,142.0,0
ORD-104932,Chennai,Mumbai,Groceries,1807.0,1262.7,Standard,Regular,Monday,November,Clear,High,4,0,2.7,201.0,0
ORD-105536,Chennai,Chennai,Books,798.0,36.1,Standard,Premium,Wednesday,October,Clear,Low,4,1,26.0,78.0,0
ORD-101734,Delhi,Chennai,Groceries,1774.0,2291.9,Standard,Premium,Tuesday,December,Fog,Medium,5,2,4.8,284.0,1
ORD-105792,Chennai,Kolkata,Furniture,26096.0,1616.6,Express,New,Thursday,September,Clear,Medium,1,0,42.3,369.0,0
ORD-102778,Bengaluru,Mumbai,Beauty,951.0,1093.5,Priority,Regular,Sunday,November,Clear,Medium,1,2,11.5,330.0,0
ORD-101708,Delhi,Hyderabad,Furniture,21524.0,1559.6,Standard,Premium,Monday,May,Clear,Medium,1,0,35.4,193.0,1
ORD-105173,Kolkata,Mumbai,Beauty,924.0,1984.8,Economy,New,Friday,June,Rain,Medium,2,0,9.0,182.0,1
ORD-105250,Kolkata,Indore,Clothing,1008.0,1658.9,Express,New,Sunday,April,Rain,Low,3,1,24.2,325.0,0
ORD-105758,Bengaluru,Delhi,Books,702.0,2146.6,Economy,New,Friday,June,Clear,High,3,0,1.0,177.0,1
ORD-103475,Bengaluru,Delhi,Books,359.0,2153.0,Express,Regular,Wednesday,September,Rain,Medium,1,0,7.7,364.0,1
ORD-100855,Mumbai,Bhopal,Home & Kitchen,7313.0,818.9,Standard,Regular,Saturday,April,Cloudy,Medium,2,0,29.1,144.0,0
ORD-105686,Mumbai,Nagpur,Beauty,9525.0,883.0,Standard,New,Monday,December,Storm,Low,4,0,28.3,190.0,0
ORD-104738,Mumbai,Delhi,Beauty,963.0,1456.6,Priority,Premium,Wednesday,December,Fog,Low,2,1,21.7,418.0,0
ORD-104098,Chennai,Visakhapatnam,Sports,14014.0,716.9,Standard,Regular,Sunday,September,Cloudy,Low,4,0,19.5,133.0,1
ORD-102161,Bengaluru,Delhi,Clothing,3107.0,2128.9,Standard,Regular,Monday,November,Cloudy,,4,0,4.8,285.0,0
ORD-100699,Chennai,Lucknow,Clothing,670.0,1927.7,Priority,Regular,Wednesday,March,Clear,High,1,1,14.3,419.0,0
ORD-105997,Bengaluru,Bengaluru,Groceries,4112.0,31.6,Economy,New,Friday,October,Rain,Medium,6,1,8.8,99.0,0
ORD-103000,Mumbai,Kolkata,Furniture,17640.0,1998.0,Standard,Regular,Sunday,December,Cloudy,Medium,1,1,28.0,265.0,1
ORD-103697,Delhi,Hyderabad,Furniture,11838.0,1697.5,Express,Regular,Sunday,March,Cloudy,Low,1,1,22.9,338.0,0
ORD-101637,Delhi,Hyderabad,Clothing,5423.0,1593.5,Standard,Regular,Tuesday,June,Rain,Medium,4,2,8.7,243.0,0
ORD-103458,Hyderabad,Chandigarh,Electronics,8473.0,1821.0,Standard,Regular,Tuesday,October,Clear,Low,4,0,43.2,298.0,1
ORD-103582,Kolkata,Bengaluru,Sports,2613.0,2139.5,Economy,Regular,Tuesday,April,Storm,Medium,1,1,18.1,175.0,1
ORD-101292,Chennai,Chennai,Beauty,1726.0,27.4,Express,Premium,Friday,December,Rain,Medium,8,0,25.8,183.0,0
ORD-104660,Mumbai,Hyderabad,Electronics,13891.0,747.7,Standard,Regular,Sunday,November,Clear,Medium,3,0,19.5,164.0,0
ORD-105617,Bengaluru,Delhi,Home & Kitchen,5727.0,2162.7,Economy,Regular,Saturday,November,Clear,Medium,2,0,7.7,181.0,0
ORD-101854,Chennai,Hyderabad,Electronics,15335.0,668.4,Standard,Premium,Monday,October,Clear,Low,2,0,20.0,158.0,0
ORD-105233,Delhi,Bengaluru,Electronics,21433.0,2283.3,Economy,Regular,Thursday,October,Clear,High,2,2,18.2,264.0,1
ORD-103764,Delhi,Coimbatore,Beauty,1363.0,2533.5,Standard,Regular,Friday,December,Storm,Low,5,0,8.6,360.0,1
ORD-103305,Chennai,Ahmedabad,Home & Kitchen,10982.0,1748.3,Economy,New,Wednesday,July,Clear,Medium,3,0,5.9,203.0,0
ORD-105957,Bengaluru,Mumbai,Sports,2696.0,995.5,Standard,New,Tuesday,May,Cloudy,Medium,3,0,19.1,162.0,0
ORD-105728,Delhi,Kolkata,Books,520.0,1628.5,Express,Premium,Monday,July,Rain,Low,3,0,11.2,334.0,0
ORD-103744,Bengaluru,Kolkata,Sports,7182.0,2031.3,Economy,New,Tuesday,November,,Medium,5,0,8.4,257.0,0
ORD-103446,Delhi,Chennai,Clothing,4459.0,2177.7,Standard,Regular,Sunday,November,Rain,Medium,6,3,23.6,295.0,1
ORD-101999,Kolkata,Chennai,Electronics,21747.0,1752.2,Economy,New,Monday,October,Clear,Medium,2,1,14.4,234.0,1
ORD-100664,Mumbai,Nagpur,Home & Kitchen,3671.0,852.7,Standard,Regular,Tuesday,June,Storm,High,5,2,20.8,159.0,0
ORD-104780,Chennai,Hyderabad,Electronics,27980.0,660.9,Economy,Regular,Sunday,February,Clear,Low,4,1,15.8,136.0,0
ORD-105354,Chennai,Bhopal,Beauty,2413.0,1428.7,Standard,New,Monday,July,Rain,Medium,3,0,17.4,212.0,0
ORD-103749,Delhi,Nagpur,Clothing,2328.0,1050.3,Economy,New,Friday,November,Clear,Medium,2,0,13.1,133.0,1
ORD-104414,Mumbai,Indore,Electronics,7620.0,599.3,Economy,New,Thursday,May,Clear,High,2,0,16.7,115.0,0
ORD-104745,Mumbai,Mumbai,Furniture,13747.0,10.8,Express,Regular,Friday,April,Clear,High,1,1,20.5,122.0,0
ORD-105531,Delhi,Jaipur,Clothing,2210.0,304.5,Priority,Regular,Friday,January,Clear,High,2,1,9.8,212.0,0
ORD-105576,Mumbai,Bengaluru,Books,1025.0,1088.7,Express,Regular,Wednesday,October,Fog,Medium,5,0,5.1,,0
ORD-100710,Bengaluru,Bhopal,Sports,685.0,1461.5,Standard,Regular,Wednesday,November,Cloudy,High,1,2,19.5,136.0,1
ORD-101283,Delhi,Bhopal,Beauty,1530.0,766.3,Express,Regular,Sunday,March,Storm,Low,3,0,6.4,223.0,0
ORD-105865,Chennai,Delhi,Clothing,3358.0,2221.1,Economy,Regular,Friday,November,Clear,High,6,2,12.3,269.0,1
ORD-105069,Delhi,Hyderabad,Home & Kitchen,5473.0,1682.5,Economy,Regular,Saturday,October,Cloudy,Low,3,4,29.2,193.0,1
ORD-102676,Bengaluru,Lucknow,Groceries,2549.0,2025.6,Express,Regular,Tuesday,May,Cloudy,High,5,3,10.6,443.0,0
ORD-104030,Hyderabad,Kolkata,Clothing,3095.0,1592.7,Standard,Regular,Friday,March,Clear,High,1,0,2.5,211.0,1
ORD-101307,Bengaluru,Bengaluru,Clothing,3385.0,42.9,Standard,Regular,Wednesday,June,Cloudy,High,2,3,8.6,66.0,0
ORD-105497,Hyderabad,Ahmedabad,Sports,6537.0,1077.0,Standard,Regular,Tuesday,February,Clear,Medium,3,3,12.7,188.0,0
ORD-105505,Kolkata,Patna,Electronics,15531.0,583.7,Economy,New,Sunday,June,Cloudy,Low,3,0,19.4,127.0,0
ORD-102238,Delhi,Indore,Sports,3404.0,837.2,Express,Premium,Saturday,March,Clear,High,4,3,11.3,210.0,0
ORD-103303,Delhi,Chennai,Beauty,1936.0,2104.9,Economy,New,Monday,October,Cloudy,High,2,2,13.2,192.0,1
ORD-105593,Bengaluru,Patna,Electronics,11705.0,2155.0,Standard,Regular,Monday,July,Cloudy,Low,2,1,13.1,267.0,0
ORD-102039,Bengaluru,Bengaluru,Beauty,908.0,39.3,Standard,Regular,Saturday,July,Rain,High,4,1,13.2,104.0,0
ORD-101530,Delhi,Chandigarh,Home & Kitchen,1666.0,294.1,Standard,Regular,Thursday,May,Clear,Medium,1,1,13.2,72.0,0
ORD-101664,Mumbai,Pune,Groceries,4049.0,149.1,Economy,Premium,Wednesday,April,Clear,High,12,0,5.8,158.0,0
ORD-105451,Mumbai,Nagpur,Clothing,3532.0,835.8,Economy,Regular,Saturday,April,Cloudy,Low,2,0,7.2,106.0,0
ORD-105982,Bengaluru,Chennai,Groceries,1755.0,359.0,Standard,Regular,Tuesday,March,Clear,Low,7,3,1.3,145.0,0
ORD-102136,Bengaluru,Hyderabad,Clothing,2390.0,613.2,Standard,New,Saturday,March,Clear,Medium,2,0,28.0,111.0,0
ORD-103628,Chennai,Delhi,Clothing,3334.0,2256.9,Priority,Premium,Wednesday,November,Clear,Medium,2,0,27.2,490.0,0
ORD-105740,Delhi,Lucknow,Home & Kitchen,2931.0,531.7,Economy,Premium,Friday,May,Storm,Medium,2,0,37.6,87.0,0
ORD-105148,Bengaluru,Bengaluru,Electronics,21057.0,21.8,Standard,Regular,Monday,March,Rain,Medium,3,0,4.8,140.0,0
ORD-104892,Delhi,Chennai,Groceries,2091.0,2201.4,Express,Premium,Saturday,February,Fog,Low,7,1,15.5,485.0,1
ORD-102694,Hyderabad,Ahmedabad,Furniture,7564.0,1105.9,Priority,Regular,Tuesday,October,Clear,Low,1,2,20.1,340.0,0
ORD-103061,Bengaluru,Nagpur,Electronics,8948.0,1132.5,Standard,New,Monday,December,Clear,Medium,2,0,10.4,173.0,0
ORD-101598,Mumbai,Kolkata,Groceries,1019.0,1915.3,Standard,Regular,Saturday,March,Fog,Low,5,1,11.4,272.0,0
ORD-102730,Hyderabad,Delhi,Beauty,2770.0,1512.0,Standard,Regular,Monday,July,Rain,High,3,2,16.8,204.0,1
ORD-102626,Delhi,Bengaluru,Home & Kitchen,4384.0,2169.2,Express,Premium,Friday,April,Clear,High,2,2,9.8,325.0,1
ORD-103158,Mumbai,Bengaluru,Electronics,26228.0,1020.5,Economy,New,Tuesday,December,Rain,High,4,1,22.2,,1
ORD-103315,Delhi,Chandigarh,Home & Kitchen,10318.0,293.4,Standard,Regular,Monday,June,Storm,High,5,1,15.3,160.0,1
ORD-101723,Chennai,Bengaluru,Beauty,2255.0,370.0,Economy,Regular,Saturday,January,Cloudy,Medium,1,0,2.9,61.0,0
ORD-105280,Chennai,Coimbatore,Sports,5562.0,521.6,Economy,Premium,Saturday,July,Rain,Medium,3,0,21.4,92.0,0
ORD-101060,Chennai,Delhi,Clothing,4341.0,2261.9,Standard,Regular,Thursday,May,Cloudy,High,3,1,10.7,288.0,1
ORD-104637,Delhi,Visakhapatnam,Groceries,3791.0,1734.8,Express,Regular,Saturday,October,Clear,Low,5,1,2.3,281.0,0
ORD-103243,Hyderabad,Ahmedabad,Electronics,40682.0,1132.4,Standard,New,Sunday,October,Clear,Low,2,2,,245.0,0
ORD-101679,Kolkata,Patna,Groceries,311.0,601.9,Priority,Premium,Tuesday,November,Clear,Low,1,1,22.7,201.0,0
ORD-101758,Hyderabad,Ahmedabad,Clothing,2434.0,1112.6,Express,Premium,Tuesday,September,Rain,Medium,2,0,13.6,214.0,0
ORD-104192,Chennai,Bengaluru,Electronics,14129.0,368.0,Economy,Regular,Saturday,November,Cloudy,Medium,3,1,15.1,106.0,0
ORD-105117,Bengaluru,Bhopal,Sports,3324.0,1422.6,Standard,Regular,Saturday,January,Rain,Low,2,0,22.3,209.0,1
ORD-100564,Chennai,Pune,Clothing,2727.0,1182.0,Express,Premium,Friday,January,Fog,Low,2,1,15.1,226.0,1
ORD-102791,Kolkata,Patna,Home & Kitchen,8474.0,575.3,Express,Regular,Thursday,April,Rain,Medium,3,1,24.1,236.0,0
ORD-100864,Bengaluru,Coimbatore,Clothing,1231.0,292.1,Economy,Regular,Saturday,October,Rain,Medium,4,1,12.5,96.0,0
ORD-101485,Chennai,Coimbatore,Home & Kitchen,3232.0,517.2,Standard,Premium,Wednesday,October,Cloudy,Medium,3,1,40.6,102.0,0
ORD-105135,Kolkata,Mumbai,Groceries,1120.0,2093.4,Express,Regular,Sunday,October,Clear,Low,7,2,8.9,575.0,0
ORD-100207,Mumbai,Delhi,Electronics,8818.0,1469.6,Standard,Regular,Saturday,November,Cloudy,Medium,2,2,18.6,200.0,0
ORD-104489,Delhi,Visakhapatnam,Groceries,1691.0,1715.6,Economy,Regular,Wednesday,September,Cloudy,High,6,0,11.1,186.0,0
ORD-100871,Chennai,Kolkata,Clothing,4393.0,1752.4,Express,Regular,Monday,January,Storm,Low,4,1,9.6,436.0,1
ORD-104494,Mumbai,Hyderabad,Clothing,,745.1,Express,Premium,Thursday,January,Clear,Medium,1,0,,211.0,0
ORD-100503,Hyderabad,Jaipur,Beauty,3410.0,1431.7,Standard,New,Tuesday,November,Clear,Medium,4,0,22.5,205.0,0
ORD-101029,Chennai,Kochi,Books,1581.0,674.9,Standard,Regular,Saturday,November,Rain,Medium,2,1,12.4,116.0,0
ORD-103841,Chennai,Kochi,Electronics,29794.0,702.8,Standard,New,Wednesday,March,Storm,Medium,1,1,8.1,178.0,0
ORD-102691,Hyderabad,Indore,Clothing,3195.0,860.5,Economy,Regular,Monday,April,Storm,High,2,1,13.2,99.0,0
ORD-105582,Delhi,Mumbai,Sports,1975.0,1430.8,Standard,Regular,Friday,May,Clear,Medium,1,0,14.5,158.0,1
ORD-105057,Bengaluru,Chennai,Beauty,609.0,375.2,Express,Regular,Saturday,September,Cloudy,Medium,1,1,6.0,133.0,0
ORD-101571,Delhi,Kolkata,Clothing,4810.0,1668.2,Express,Premium,Monday,February,Storm,Low,2,0,,322.0,0
ORD-102774,Mumbai,Mumbai,Beauty,1332.0,19.1,Standard,Regular,Monday,February,Fog,Medium,5,1,4.2,89.0,0
ORD-102732,Delhi,Indore,Home & Kitchen,8503.0,790.5,Standard,Premium,Tuesday,March,Cloudy,Low,2,0,26.7,129.0,0
ORD-100805,Mumbai,Patna,Electronics,5605.0,1658.5,Standard,New,Friday,August,Rain,Medium,1,0,20.7,257.0,1
ORD-105848,Mumbai,Indore,Electronics,10569.0,590.3,Standard,New,Thursday,March,Cloudy,Low,2,0,15.8,131.0,0
ORD-103646,Chennai,Hyderabad,Clothing,6467.0,656.5,Standard,Regular,Saturday,October,Cloudy,High,3,0,11.9,150.0,0
ORD-102455,Chennai,Chandigarh,Clothing,2052.0,2387.4,Express,Regular,Sunday,October,Cloudy,Low,2,2,7.2,439.0,1
ORD-104599,Delhi,Bengaluru,Groceries,1235.0,2173.1,Standard,Regular,Friday,May,Rain,Low,5,1,3.7,310.0,0
ORD-103105,Chennai,Lucknow,Sports,1783.0,1956.5,Economy,New,Monday,April,Cloudy,Medium,2,1,6.1,205.0,1
ORD-104876,Bengaluru,Jaipur,Clothing,3425.0,1891.2,Express,Regular,Thursday,November,Clear,Low,1,2,6.2,323.0,0
ORD-100201,Kolkata,Indore,Furniture,9473.0,1579.6,Express,Regular,Monday,October,Clear,Medium,1,2,36.3,317.0,0
ORD-103100,Mumbai,Visakhapatnam,Home & Kitchen,4190.0,1422.8,Express,Regular,Thursday,September,Clear,High,3,1,10.0,294.0,0
ORD-102279,Kolkata,Pune,Clothing,6267.0,1948.8,Standard,Regular,Friday,March,Clear,Low,3,0,7.8,249.0,0
ORD-103562,Bengaluru,Bhopal,Sports,2728.0,1431.9,Standard,Premium,Friday,March,Fog,Medium,3,2,11.7,190.0,0
ORD-105893,Bengaluru,Kochi,Electronics,17364.0,455.3,Express,Regular,Thursday,August,Storm,High,2,1,13.2,204.0,1
ORD-104475,Bengaluru,Delhi,Sports,3322.0,2184.8,Economy,Regular,Friday,November,Cloudy,Medium,2,1,37.2,178.0,0
ORD-104515,Mumbai,Pune,Sports,1709.0,149.8,Economy,New,Thursday,September,Cloudy,Medium,4,1,11.8,92.0,0
ORD-105795,Kolkata,Kolkata,Clothing,818.0,33.4,Economy,New,Saturday,July,Rain,Low,1,0,18.8,49.0,0
ORD-100392,Mumbai,Kolkata,Clothing,2928.0,2056.1,Standard,New,Sunday,November,Clear,Low,2,0,10.8,,1
ORD-105619,Bengaluru,Chennai,Electronics,14339.0,348.0,Economy,New,Wednesday,June,Rain,Low,2,1,20.6,81.0,0
ORD-105259,Delhi,Hyderabad,Home & Kitchen,5254.0,1529.1,Standard,Regular,Sunday,September,Rain,Medium,2,0,24.6,190.0,1
ORD-101496,Chennai,Lucknow,Electronics,8308.0,1944.1,Economy,Regular,Thursday,August,Rain,Medium,3,0,30.4,192.0,1
ORD-102696,Mumbai,Hyderabad,Home & Kitchen,3096.0,731.7,Express,Regular,Tuesday,November,Clear,Medium,6,0,15.5,259.0,0
ORD-102028,Delhi,Lucknow,Groceries,2359.0,569.8,Standard,Regular,Monday,June,Rain,Medium,5,2,17.1,160.0,0
ORD-105249,Mumbai,Chennai,Home & Kitchen,8304.0,1300.8,Standard,Regular,Thursday,October,Cloudy,Low,4,2,30.3,214.0,1
ORD-105464,Chennai,Chennai,Electronics,14801.0,16.6,Economy,Regular,Thursday,December,Clear,High,1,0,23.6,63.0,0
ORD-102569,Chennai,Kolkata,Books,1634.0,1581.8,Economy,Regular,Sunday,July,Clear,Medium,1,1,8.1,175.0,0
ORD-100065,Chennai,Coimbatore,Home & Kitchen,1158.0,548.1,Standard,Premium,Thursday,October,Cloudy,Medium,2,1,39.8,113.0,0
ORD-103885,Hyderabad,Chennai,Clothing,4843.0,592.2,Express,Regular,Saturday,December,Clear,Medium,5,3,8.9,250.0,1
ORD-102063,Bengaluru,Jaipur,Beauty,4170.0,1926.9,Standard,Regular,Sunday,April,Clear,Medium,2,2,13.0,250.0,1
ORD-105277,Bengaluru,Bhopal,Home & Kitchen,7166.0,1346.2,Economy,Premium,Friday,October,Cloudy,Medium,2,0,7.5,132.0,0
ORD-100493,Chennai,Nagpur,Sports,15449.0,1046.0,Economy,Regular,Saturday,September,Cloudy,High,4,0,26.2,154.0,1
ORD-100380,Chennai,Hyderabad,Electronics,23747.0,638.1,Standard,Regular,Sunday,August,Cloudy,Low,2,0,16.0,145.0,1
ORD-104860,Delhi,Hyderabad,Beauty,1068.0,1575.4,Economy,Regular,Tuesday,December,Clear,Medium,4,1,17.2,201.0,1
ORD-103994,Delhi,Bhopal,Groceries,4391.0,743.9,Standard,Regular,Friday,April,Fog,Low,6,0,25.7,216.0,0
ORD-104888,Chennai,Nagpur,Electronics,13677.0,1141.3,Standard,New,Thursday,May,Cloudy,Medium,2,1,7.3,170.0,0
ORD-101077,Bengaluru,Chennai,Electronics,5815.0,348.1,Standard,New,Tuesday,November,Clear,Medium,2,1,40.5,102.0,1
ORD-100879,Bengaluru,Kolkata,Clothing,3537.0,1965.3,Standard,New,Sunday,October,,High,3,2,13.9,254.0,0
ORD-100338,Chennai,Delhi,Clothing,2208.0,2089.6,Standard,New,Thursday,March,Rain,High,3,0,8.3,,0
ORD-101017,Chennai,Delhi,Clothing,5189.0,2188.4,Standard,Regular,Wednesday,May,Clear,Medium,4,1,11.3,318.0,0
ORD-101276,Delhi,Mumbai,Groceries,2619.0,1422.8,Standard,Regular,Friday,December,Fog,Medium,8,0,42.5,313.0,0
ORD-103799,Delhi,Bengaluru,Electronics,8361.0,2105.8,Economy,Regular,Sunday,April,Clear,Low,2,1,15.7,206.0,1
ORD-104552,Chennai,Chennai,Books,805.0,31.0,Standard,Regular,Saturday,December,Rain,Low,3,0,18.0,76.0,0
ORD-103343,Mumbai,Nagpur,Electronics,7282.0,851.9,Economy,Regular,Saturday,July,Rain,High,2,1,14.8,124.0,1
ORD-104912,Bengaluru,Kochi,Clothing,1696.0,478.3,Economy,Regular,Wednesday,November,Cloudy,Low,1,3,20.9,59.0,0
ORD-100996,Delhi,Nagpur,Electronics,12113.0,1093.6,Standard,Regular,Wednesday,August,Cloudy,Medium,2,1,23.2,184.0,1
ORD-101982,Delhi,Patna,Furniture,6596.0,1064.2,Standard,Regular,Monday,December,Clear,Medium,1,2,26.4,152.0,0
ORD-104298,Bengaluru,Hyderabad,Furniture,11554.0,632.7,Standard,Regular,Monday,November,Cloudy,High,1,2,45.2,132.0,0
ORD-100162,Hyderabad,Jaipur,Clothing,1845.0,1379.4,Standard,Regular,Thursday,June,Cloudy,High,3,0,19.6,167.0,1
ORD-105676,Hyderabad,Chennai,Groceries,2295.0,693.8,Standard,New,Thursday,December,Clear,Medium,2,1,27.2,116.0,0
ORD-104799,Kolkata,Pune,Clothing,4081.0,1971.5,Economy,New,Thursday,January,Fog,Low,2,3,19.1,172.0,0
ORD-101501,Chennai,Indore,Clothing,3919.0,1473.5,Economy,Regular,Friday,October,Clear,Low,3,0,7.5,179.0,0
ORD-103844,Bengaluru,Kolkata,Home & Kitchen,6089.0,1814.7,Economy,New,Monday,December,Cloudy,High,4,2,29.7,200.0,1
ORD-105226,Bengaluru,Chennai,Groceries,1211.0,357.7,Priority,Premium,Friday,October,Cloudy,Medium,3,1,2.6,247.0,0
ORD-102614,Kolkata,Bengaluru,Electronics,24899.0,1850.8,Express,Regular,Saturday,September,Cloudy,High,2,1,14.0,453.0,1
ORD-103462,Kolkata,Ahmedabad,Electronics,4363.0,1920.8,Standard,Regular,Saturday,February,Cloudy,Low,1,3,10.8,207.0,0
ORD-101022,Chennai,Visakhapatnam,Sports,7429.0,752.8,Express,Regular,Sunday,May,Cloudy,Medium,2,1,10.6,219.0,0
ORD-103074,Chennai,Kolkata,Home & Kitchen,4541.0,1658.2,Standard,Regular,Saturday,November,Clear,Medium,5,1,21.3,271.0,1
ORD-103944,Bengaluru,Jaipur,Electronics,14051.0,2076.0,Standard,New,Monday,July,Clear,Low,3,0,26.9,303.0,1
ORD-101586,Hyderabad,Delhi,Clothing,1794.0,1585.7,Standard,New,Saturday,February,Clear,Low,3,1,2.3,189.0,0
ORD-101956,Hyderabad,Kolkata,Beauty,2753.0,1495.8,Express,Regular,Monday,March,Cloudy,Medium,1,0,30.0,301.0,1
ORD-103153,Delhi,Indore,Home & Kitchen,2030.0,765.7,Priority,Premium,Wednesday,August,Clear,Low,2,1,16.5,286.0,0
ORD-100035,Bengaluru,Visakhapatnam,Electronics,19008.0,1030.8,Economy,Regular,Saturday,August,Clear,Medium,2,3,37.6,134.0,1
ORD-104015,Bengaluru,Pune,Clothing,1614.0,883.0,Standard,Regular,Sunday,December,Cloudy,Low,4,1,16.1,176.0,0
ORD-100776,Kolkata,Delhi,Electronics,57881.0,1626.8,Express,Regular,Friday,March,Cloudy,Medium,3,1,8.5,415.0,0
ORD-102557,Mumbai,Kolkata,Furniture,33483.0,2097.6,Express,Premium,Monday,January,Fog,High,1,2,23.2,416.0,1
ORD-101479,Bengaluru,Hyderabad,Electronics,23933.0,635.2,Standard,New,Thursday,April,Clear,Medium,4,1,14.4,189.0,1
ORD-105487,Hyderabad,Pune,Home & Kitchen,7185.0,621.5,Economy,New,Monday,October,Rain,Medium,2,1,13.4,133.0,1
ORD-101364,Mumbai,Mumbai,Books,2196.0,43.9,Standard,Regular,Thursday,September,Cloudy,High,6,0,7.1,100.0,0
ORD-102613,Bengaluru,Kolkata,Clothing,,1898.4,Standard,Premium,Friday,December,Clear,Medium,3,0,6.9,229.0,0
ORD-102825,Hyderabad,Patna,Sports,2371.0,1453.4,Economy,New,Saturday,February,Cloudy,Low,2,0,17.1,159.0,0
ORD-102042,Kolkata,Delhi,Clothing,4380.0,1514.8,Express,Premium,Friday,May,Rain,Low,3,0,17.6,306.0,0
ORD-100242,Kolkata,Chandigarh,Clothing,3604.0,1818.6,Standard,Regular,Friday,October,Clear,Low,2,0,38.1,205.0,0
ORD-102062,Delhi,Chennai,Clothing,3312.0,2105.9,Economy,Regular,Tuesday,October,Rain,Medium,4,1,12.8,242.0,1
ORD-102364,Hyderabad,Delhi,Sports,2168.0,1506.5,Economy,Premium,Thursday,June,Rain,High,2,0,16.3,159.0,0
ORD-100601,Bengaluru,Ahmedabad,Groceries,9026.0,1508.8,Standard,Premium,Thursday,November,Clear,Low,13,0,16.4,328.0,0
ORD-102436,Hyderabad,Mumbai,Home & Kitchen,3898.0,824.8,Express,Regular,Saturday,March,Storm,High,5,2,4.8,274.0,1
ORD-105394,Bengaluru,Hyderabad,Electronics,16912.0,587.1,Standard,Regular,Monday,November,Cloudy,Medium,5,0,16.0,164.0,0
ORD-102889,Mumbai,Mumbai,Groceries,3636.0,39.5,Express,New,Tuesday,November,Rain,High,11,0,3.9,302.0,0
ORD-100647,Mumbai,Bengaluru,Electronics,10030.0,1036.8,Economy,New,Thursday,July,Storm,Medium,1,1,12.7,,0
ORD-103891,Mumbai,Jaipur,Clothing,1964.0,1140.0,Economy,Regular,Thursday,March,Clear,Medium,4,2,15.7,149.0,0
ORD-103557,Bengaluru,Delhi,Clothing,5570.0,2223.4,Standard,Regular,Friday,October,Clear,High,4,0,25.3,289.0,1
ORD-103203,Hyderabad,Hyderabad,Books,1119.0,31.1,Express,Regular,Wednesday,October,Cloudy,Low,2,0,21.7,87.0,0
ORD-101529,Mumbai,Delhi,Furniture,26651.0,1524.1,Priority,Regular,Sunday,June,Clear,Medium,1,1,27.4,505.0,1
ORD-101268,Hyderabad,Kolkata,Beauty,796.0,1598.8,Standard,New,Tuesday,January,Fog,High,1,0,2.7,184.0,0
ORD-101900,Mumbai,Coimbatore,Sports,2719.0,1127.0,Economy,Regular,Wednesday,August,Rain,Low,2,1,10.3,146.0,0
ORD-104659,Bengaluru,Hyderabad,Clothing,2602.0,650.4,Express,Regular,Saturday,February,Cloudy,Low,5,0,21.9,228.0,0
ORD-103006,Kolkata,Kolkata,Furniture,11709.0,14.3,Standard,Regular,Tuesday,December,Cloudy,Low,1,2,30.5,68.0,1
ORD-102735,Delhi,Mumbai,Groceries,9551.0,1418.4,Standard,Regular,Monday,August,Storm,High,8,1,29.6,272.0,1
ORD-100190,Delhi,Kochi,Electronics,,2826.2,Standard,Regular,Monday,February,Clear,Low,3,0,20.2,361.0,1
ORD-101807,Mumbai,Mumbai,Books,570.0,9.3,Express,Regular,Friday,September,Cloudy,Low,1,1,8.7,82.0,0
ORD-100976,Bengaluru,Ahmedabad,Groceries,1055.0,1513.9,Express,New,Tuesday,January,Fog,Low,4,0,21.5,434.0,0
ORD-102748,Mumbai,Nagpur,Electronics,16850.0,863.7,Economy,Regular,Wednesday,April,Storm,Medium,2,0,16.9,114.0,0
ORD-102048,Bengaluru,Visakhapatnam,Furniture,17303.0,984.1,Express,Premium,Sunday,September,Cloudy,Medium,1,1,23.3,249.0,0
ORD-102559,Bengaluru,Coimbatore,Beauty,1342.0,272.1,Standard,Regular,Tuesday,November,Clear,Low,1,1,43.9,72.0,0
ORD-101083,Hyderabad,Mumbai,Furniture,14189.0,786.9,Standard,New,Sunday,November,Cloudy,High,1,0,23.9,150.0,1
ORD-100475,Delhi,Bengaluru,Beauty,2497.0,2142.4,Standard,Regular,Thursday,June,Cloudy,Medium,3,0,17.4,270.0,1
ORD-102905,Delhi,Pune,Furniture,40240.0,1480.7,Standard,Regular,Thursday,May,Cloudy,Low,1,2,29.5,272.0,0
ORD-104844,Delhi,Mumbai,Clothing,4047.0,1410.1,Standard,Regular,Saturday,March,Clear,Low,6,2,17.4,231.0,1
ORD-104118,Kolkata,Jaipur,Clothing,2452.0,1625.5,Express,Premium,Wednesday,January,Cloudy,Medium,3,0,9.9,355.0,0
ORD-103386,Chennai,Indore,Clothing,2581.0,1496.7,Standard,New,Wednesday,September,Clear,Medium,5,0,17.9,209.0,0
ORD-104556,Chennai,Pune,Books,496.0,1115.9,Standard,Regular,Saturday,February,Clear,Medium,1,0,13.5,166.0,0
ORD-101185,Mumbai,Bengaluru,Books,773.0,1055.4,Economy,Regular,Wednesday,July,Rain,Low,2,2,22.5,140.0,1
ORD-105052,Delhi,Delhi,Groceries,2202.0,18.3,Priority,Premium,Friday,July,Storm,High,4,1,22.1,161.0,0
ORD-105312,Delhi,Kochi,Home & Kitchen,2218.0,2593.8,Priority,Premium,Monday,February,Clear,Low,3,0,17.4,652.0,1
ORD-102434,Delhi,Kolkata,Clothing,682.0,1683.0,Priority,Premium,Friday,July,Cloudy,High,1,0,13.8,407.0,0
ORD-105612,Chennai,Indore,Groceries,1279.0,1436.9,Standard,Regular,Friday,April,,Low,6,0,25.9,190.0,1
ORD-102392,Chennai,Hyderabad,Clothing,5809.0,604.8,Economy,Regular,Saturday,February,Cloudy,Medium,3,0,7.4,108.0,0
ORD-100770,Chennai,Delhi,Sports,3859.0,2109.5,Economy,New,Sunday,May,Rain,Medium,2,0,3.0,190.0,1
ORD-101686,Delhi,Nagpur,Electronics,31611.0,1131.2,Express,Regular,Sunday,December,Fog,Medium,4,2,38.4,421.0,1
ORD-100131,Mumbai,Chennai,Sports,4854.0,1329.3,Economy,Regular,Sunday,September,Rain,Low,2,1,24.8,150.0,0
ORD-102920,Chennai,Lucknow,Electronics,12001.0,1961.2,Standard,New,Sunday,October,Clear,Low,3,1,17.6,299.0,0
ORD-103172,Chennai,Kolkata,Books,1368.0,1552.9,Standard,Regular,Sunday,October,Cloudy,Low,2,2,8.7,204.0,0
ORD-103445,Kolkata,Lucknow,Home & Kitchen,9236.0,1113.0,Standard,Regular,Wednesday,February,Fog,Medium,3,0,13.4,236.0,0
ORD-105579,Kolkata,Kolkata,Home & Kitchen,5498.0,30.8,Economy,New,Tuesday,January,Cloudy,Medium,4,0,9.1,77.0,0
ORD-104427,Mumbai,Bengaluru,Groceries,540.0,1041.8,Priority,Premium,Tuesday,October,Clear,Medium,4,1,43.8,311.0,0
ORD-105335,Delhi,Bengaluru,Clothing,2483.0,2152.4,Priority,Premium,Wednesday,December,Rain,High,1,0,23.6,477.0,1
ORD-100467,Chennai,Chennai,Home & Kitchen,2203.0,18.7,Standard,Regular,Tuesday,December,Clear,High,2,2,14.7,66.0,0
ORD-105735,Mumbai,Nagpur,Clothing,2010.0,872.9,Economy,New,Thursday,December,Clear,Low,1,2,7.5,98.0,0
ORD-103093,Kolkata,Bhopal,Beauty,3054.0,1379.4,Economy,Regular,Thursday,October,Cloudy,High,5,3,17.6,159.0,1
ORD-103773,Chennai,Lucknow,Furniture,10531.0,1915.8,Standard,New,Tuesday,December,Fog,High,1,0,32.1,261.0,1
ORD-105192,Chennai,Bengaluru,Electronics,8790.0,377.2,Economy,New,Saturday,October,Cloudy,Low,2,0,34.8,87.0,0
ORD-105227,Mumbai,Coimbatore,Clothing,2622.0,1246.4,Standard,Regular,Tuesday,February,Fog,Low,2,2,54.3,171.0,1
ORD-105391,Bengaluru,Delhi,Groceries,1263.0,2219.4,Express,Regular,Friday,November,Clear,Medium,6,0,19.6,424.0,1
ORD-100861,Chennai,Chennai,Clothing,6824.0,28.9,Economy,Regular,Sunday,June,Clear,Low,4,0,14.3,84.0,0
